--
-- PostgreSQL database dump
--

\restrict aMOycZqDW6oZ9Xiq8O1EFCIJ8kkOXaklGA0A0fcPsJB0kmtPso27EKsFZKivQh1

-- Dumped from database version 15.14
-- Dumped by pg_dump version 15.14

SET statement_timeout = 0;
SET lock_timeout = 0;
SET idle_in_transaction_session_timeout = 0;
SET client_encoding = 'UTF8';
SET standard_conforming_strings = on;
SELECT pg_catalog.set_config('search_path', '', false);
SET check_function_bodies = false;
SET xmloption = content;
SET client_min_messages = warning;
SET row_security = off;

SET default_tablespace = '';

SET default_table_access_method = heap;

--
-- Name: account_address; Type: TABLE; Schema: public; Owner: postgresuser
--

CREATE TABLE public.account_address (
    id bigint NOT NULL,
    address_line character varying(255),
    address_line2 character varying(255),
    city character varying(100),
    postal_code character varying(20)
);


ALTER TABLE public.account_address OWNER TO postgresuser;

--
-- Name: account_address_id_seq; Type: SEQUENCE; Schema: public; Owner: postgresuser
--

ALTER TABLE public.account_address ALTER COLUMN id ADD GENERATED BY DEFAULT AS IDENTITY (
    SEQUENCE NAME public.account_address_id_seq
    START WITH 1
    INCREMENT BY 1
    NO MINVALUE
    NO MAXVALUE
    CACHE 1
);


--
-- Name: account_customuser; Type: TABLE; Schema: public; Owner: postgresuser
--

CREATE TABLE public.account_customuser (
    id bigint NOT NULL,
    password character varying(128) NOT NULL,
    last_login timestamp with time zone,
    is_superuser boolean NOT NULL,
    name character varying(255) NOT NULL,
    email character varying(254),
    is_active boolean NOT NULL,
    is_staff boolean NOT NULL
);


ALTER TABLE public.account_customuser OWNER TO postgresuser;

--
-- Name: account_customuser_groups; Type: TABLE; Schema: public; Owner: postgresuser
--

CREATE TABLE public.account_customuser_groups (
    id bigint NOT NULL,
    customuser_id bigint NOT NULL,
    group_id integer NOT NULL
);


ALTER TABLE public.account_customuser_groups OWNER TO postgresuser;

--
-- Name: account_customuser_groups_id_seq; Type: SEQUENCE; Schema: public; Owner: postgresuser
--

ALTER TABLE public.account_customuser_groups ALTER COLUMN id ADD GENERATED BY DEFAULT AS IDENTITY (
    SEQUENCE NAME public.account_customuser_groups_id_seq
    START WITH 1
    INCREMENT BY 1
    NO MINVALUE
    NO MAXVALUE
    CACHE 1
);


--
-- Name: account_customuser_id_seq; Type: SEQUENCE; Schema: public; Owner: postgresuser
--

ALTER TABLE public.account_customuser ALTER COLUMN id ADD GENERATED BY DEFAULT AS IDENTITY (
    SEQUENCE NAME public.account_customuser_id_seq
    START WITH 1
    INCREMENT BY 1
    NO MINVALUE
    NO MAXVALUE
    CACHE 1
);


--
-- Name: account_customuser_user_permissions; Type: TABLE; Schema: public; Owner: postgresuser
--

CREATE TABLE public.account_customuser_user_permissions (
    id bigint NOT NULL,
    customuser_id bigint NOT NULL,
    permission_id integer NOT NULL
);


ALTER TABLE public.account_customuser_user_permissions OWNER TO postgresuser;

--
-- Name: account_customuser_user_permissions_id_seq; Type: SEQUENCE; Schema: public; Owner: postgresuser
--

ALTER TABLE public.account_customuser_user_permissions ALTER COLUMN id ADD GENERATED BY DEFAULT AS IDENTITY (
    SEQUENCE NAME public.account_customuser_user_permissions_id_seq
    START WITH 1
    INCREMENT BY 1
    NO MINVALUE
    NO MAXVALUE
    CACHE 1
);


--
-- Name: account_profile; Type: TABLE; Schema: public; Owner: postgresuser
--

CREATE TABLE public.account_profile (
    id bigint NOT NULL,
    phone character varying(20),
    notes text,
    address_id bigint,
    user_id bigint NOT NULL
);


ALTER TABLE public.account_profile OWNER TO postgresuser;

--
-- Name: account_profile_id_seq; Type: SEQUENCE; Schema: public; Owner: postgresuser
--

ALTER TABLE public.account_profile ALTER COLUMN id ADD GENERATED BY DEFAULT AS IDENTITY (
    SEQUENCE NAME public.account_profile_id_seq
    START WITH 1
    INCREMENT BY 1
    NO MINVALUE
    NO MAXVALUE
    CACHE 1
);


--
-- Name: api_order; Type: TABLE; Schema: public; Owner: postgresuser
--

CREATE TABLE public.api_order (
    id bigint NOT NULL,
    notes character varying(200),
    delivery_date date NOT NULL,
    status character varying(50) NOT NULL,
    customer_id bigint,
    invoice_link character varying(200),
    delivery_fee numeric(5,2) NOT NULL,
    order_date date,
    is_home_delivery boolean NOT NULL,
    delivery_fee_manual boolean NOT NULL,
    discount numeric(5,2) NOT NULL
);


ALTER TABLE public.api_order OWNER TO postgresuser;

--
-- Name: api_order_id_seq; Type: SEQUENCE; Schema: public; Owner: postgresuser
--

ALTER TABLE public.api_order ALTER COLUMN id ADD GENERATED BY DEFAULT AS IDENTITY (
    SEQUENCE NAME public.api_order_id_seq
    START WITH 1
    INCREMENT BY 1
    NO MINVALUE
    NO MAXVALUE
    CACHE 1
);


--
-- Name: api_orderitem; Type: TABLE; Schema: public; Owner: postgresuser
--

CREATE TABLE public.api_orderitem (
    id bigint NOT NULL,
    quantity numeric(10,2) NOT NULL,
    order_id bigint NOT NULL,
    product_id bigint
);


ALTER TABLE public.api_orderitem OWNER TO postgresuser;

--
-- Name: api_orderitem_id_seq; Type: SEQUENCE; Schema: public; Owner: postgresuser
--

ALTER TABLE public.api_orderitem ALTER COLUMN id ADD GENERATED BY DEFAULT AS IDENTITY (
    SEQUENCE NAME public.api_orderitem_id_seq
    START WITH 1
    INCREMENT BY 1
    NO MINVALUE
    NO MAXVALUE
    CACHE 1
);


--
-- Name: api_product; Type: TABLE; Schema: public; Owner: postgresuser
--

CREATE TABLE public.api_product (
    id bigint NOT NULL,
    name character varying(255) NOT NULL,
    description text,
    price numeric(10,2) NOT NULL
);


ALTER TABLE public.api_product OWNER TO postgresuser;

--
-- Name: api_product_categories; Type: TABLE; Schema: public; Owner: postgresuser
--

CREATE TABLE public.api_product_categories (
    id bigint NOT NULL,
    product_id bigint NOT NULL,
    productcategory_id bigint NOT NULL
);


ALTER TABLE public.api_product_categories OWNER TO postgresuser;

--
-- Name: api_product_category_id_seq; Type: SEQUENCE; Schema: public; Owner: postgresuser
--

ALTER TABLE public.api_product_categories ALTER COLUMN id ADD GENERATED BY DEFAULT AS IDENTITY (
    SEQUENCE NAME public.api_product_category_id_seq
    START WITH 1
    INCREMENT BY 1
    NO MINVALUE
    NO MAXVALUE
    CACHE 1
);


--
-- Name: api_product_id_seq; Type: SEQUENCE; Schema: public; Owner: postgresuser
--

ALTER TABLE public.api_product ALTER COLUMN id ADD GENERATED BY DEFAULT AS IDENTITY (
    SEQUENCE NAME public.api_product_id_seq
    START WITH 1
    INCREMENT BY 1
    NO MINVALUE
    NO MAXVALUE
    CACHE 1
);


--
-- Name: api_productcategory; Type: TABLE; Schema: public; Owner: postgresuser
--

CREATE TABLE public.api_productcategory (
    id bigint NOT NULL,
    name character varying(255) NOT NULL,
    description text,
    parent_id bigint
);


ALTER TABLE public.api_productcategory OWNER TO postgresuser;

--
-- Name: api_productcategory_id_seq; Type: SEQUENCE; Schema: public; Owner: postgresuser
--

ALTER TABLE public.api_productcategory ALTER COLUMN id ADD GENERATED BY DEFAULT AS IDENTITY (
    SEQUENCE NAME public.api_productcategory_id_seq
    START WITH 1
    INCREMENT BY 1
    NO MINVALUE
    NO MAXVALUE
    CACHE 1
);


--
-- Name: auth_group; Type: TABLE; Schema: public; Owner: postgresuser
--

CREATE TABLE public.auth_group (
    id integer NOT NULL,
    name character varying(150) NOT NULL
);


ALTER TABLE public.auth_group OWNER TO postgresuser;

--
-- Name: auth_group_id_seq; Type: SEQUENCE; Schema: public; Owner: postgresuser
--

ALTER TABLE public.auth_group ALTER COLUMN id ADD GENERATED BY DEFAULT AS IDENTITY (
    SEQUENCE NAME public.auth_group_id_seq
    START WITH 1
    INCREMENT BY 1
    NO MINVALUE
    NO MAXVALUE
    CACHE 1
);


--
-- Name: auth_group_permissions; Type: TABLE; Schema: public; Owner: postgresuser
--

CREATE TABLE public.auth_group_permissions (
    id bigint NOT NULL,
    group_id integer NOT NULL,
    permission_id integer NOT NULL
);


ALTER TABLE public.auth_group_permissions OWNER TO postgresuser;

--
-- Name: auth_group_permissions_id_seq; Type: SEQUENCE; Schema: public; Owner: postgresuser
--

ALTER TABLE public.auth_group_permissions ALTER COLUMN id ADD GENERATED BY DEFAULT AS IDENTITY (
    SEQUENCE NAME public.auth_group_permissions_id_seq
    START WITH 1
    INCREMENT BY 1
    NO MINVALUE
    NO MAXVALUE
    CACHE 1
);


--
-- Name: auth_permission; Type: TABLE; Schema: public; Owner: postgresuser
--

CREATE TABLE public.auth_permission (
    id integer NOT NULL,
    name character varying(255) NOT NULL,
    content_type_id integer NOT NULL,
    codename character varying(100) NOT NULL
);


ALTER TABLE public.auth_permission OWNER TO postgresuser;

--
-- Name: auth_permission_id_seq; Type: SEQUENCE; Schema: public; Owner: postgresuser
--

ALTER TABLE public.auth_permission ALTER COLUMN id ADD GENERATED BY DEFAULT AS IDENTITY (
    SEQUENCE NAME public.auth_permission_id_seq
    START WITH 1
    INCREMENT BY 1
    NO MINVALUE
    NO MAXVALUE
    CACHE 1
);


--
-- Name: django_admin_log; Type: TABLE; Schema: public; Owner: postgresuser
--

CREATE TABLE public.django_admin_log (
    id integer NOT NULL,
    action_time timestamp with time zone NOT NULL,
    object_id text,
    object_repr character varying(200) NOT NULL,
    action_flag smallint NOT NULL,
    change_message text NOT NULL,
    content_type_id integer,
    user_id bigint NOT NULL,
    CONSTRAINT django_admin_log_action_flag_check CHECK ((action_flag >= 0))
);


ALTER TABLE public.django_admin_log OWNER TO postgresuser;

--
-- Name: django_admin_log_id_seq; Type: SEQUENCE; Schema: public; Owner: postgresuser
--

ALTER TABLE public.django_admin_log ALTER COLUMN id ADD GENERATED BY DEFAULT AS IDENTITY (
    SEQUENCE NAME public.django_admin_log_id_seq
    START WITH 1
    INCREMENT BY 1
    NO MINVALUE
    NO MAXVALUE
    CACHE 1
);


--
-- Name: django_content_type; Type: TABLE; Schema: public; Owner: postgresuser
--

CREATE TABLE public.django_content_type (
    id integer NOT NULL,
    app_label character varying(100) NOT NULL,
    model character varying(100) NOT NULL
);


ALTER TABLE public.django_content_type OWNER TO postgresuser;

--
-- Name: django_content_type_id_seq; Type: SEQUENCE; Schema: public; Owner: postgresuser
--

ALTER TABLE public.django_content_type ALTER COLUMN id ADD GENERATED BY DEFAULT AS IDENTITY (
    SEQUENCE NAME public.django_content_type_id_seq
    START WITH 1
    INCREMENT BY 1
    NO MINVALUE
    NO MAXVALUE
    CACHE 1
);


--
-- Name: django_migrations; Type: TABLE; Schema: public; Owner: postgresuser
--

CREATE TABLE public.django_migrations (
    id bigint NOT NULL,
    app character varying(255) NOT NULL,
    name character varying(255) NOT NULL,
    applied timestamp with time zone NOT NULL
);


ALTER TABLE public.django_migrations OWNER TO postgresuser;

--
-- Name: django_migrations_id_seq; Type: SEQUENCE; Schema: public; Owner: postgresuser
--

ALTER TABLE public.django_migrations ALTER COLUMN id ADD GENERATED BY DEFAULT AS IDENTITY (
    SEQUENCE NAME public.django_migrations_id_seq
    START WITH 1
    INCREMENT BY 1
    NO MINVALUE
    NO MAXVALUE
    CACHE 1
);


--
-- Name: django_session; Type: TABLE; Schema: public; Owner: postgresuser
--

CREATE TABLE public.django_session (
    session_key character varying(40) NOT NULL,
    session_data text NOT NULL,
    expire_date timestamp with time zone NOT NULL
);


ALTER TABLE public.django_session OWNER TO postgresuser;

--
-- Data for Name: account_address; Type: TABLE DATA; Schema: public; Owner: postgresuser
--

COPY public.account_address (id, address_line, address_line2, city, postal_code) FROM stdin;
1				
2	Brixton road 309C			Sw9 7bu
3	11 Pepper Drive, Burgess Hill	West Sussex		RH15 9UZ
4	Aruba, Gotts Road.		Leeds	LS12 1DW
5	15 Crookes		Sheffield	S101UA
6	9 alder drive		Manchester	M27 9QG
7	75 Ibbetson Oval  Churwell		Leeds	LS277RY
8	19 Sandy Lane West		Warrington	WA2 9SA
9	Pershore Rd Corkfield		Birmingham	5B 7SH
10	Flat 16, Otley House Gillespie Road		London	N5 1LQ
11	11B Elizabeth News		London	NW34TL
12	Flat 16, Otley House Gillespie Road		London	N5 1LQ
13	25 Beacon Hill		London	N7 9LY
14	7 Chesterfield Road		London	W43HG
15	Flat 9 49 Denmark Villas		Hove	BN3 3TD
16	Cherry Hinton/Cambridge 22 Primrose close		Cambridge	CB1 9BE
17	20 oglander road		Winchester	SO237JA
18	16 Long Road Cambridge		Cambridge	CB2 8PS
19	156 Faulkner House Tierney Lane		London	W6 9AT
20	17 Church close  Whittlesford		Cambridge	CB22 4 NY
21	3 Mead lane, Buxted, East Sussex,			TN22 4AS
22	16 Camborne Road, Sutton	Sutton	London	SM2 6RH
23	Flat 110, Peregrine House, Bedwyn Mews		Reading	RG2 0NZ
24	6 Bushell Way Arborfield		Reading	RG2 9FQ
25	Warren road 102		London	E10 5QA
26	98 Lower Ashley Rd		Bournemouth	BH25 5QG
27	216 west end road		Southampton	SO18 6PN
28	Upper Bucklebury  Woodleigh, long grove		Newbury	RG76QS
29	4A Haydon Road		London	WD19 4DD
30	67 Century Tower	Shire Gate	Chelmsford	CM2 0FQ
31	67 Century Tower, Shire Gate		Chelmsford	CM2 0FQ
32	62 Courtland ave		Ilford	IG1 3DP
33	skanska site office		Cambridge	Cb3 0OX
34	6 Colyers Lane			DA8 3NQ
35	12 Candy Dene		Swanscombe	da10 1an
36				
37	SO50 9TG			Woodland View 3
38	37 Merlin Court	28 Handley Drive	London	SE3 9BW
39	43 Cambridge Road		Cambridge	CB30PN
40	34 Kilnwood Avenue	Burgess Hill	West Sussex	RH15 0ZE
41	Maltings Lane 132		Witham	CM8 1JN
42	122 Wharley Hook		Harlow	CM18 7DT
43	161 Fulbourne road		London	E17 4HB
44	9 Warren view		Shorne	DA123EJ
45	4 Exchange Apartments 41 Sparkes Close Bromley		London	BR2 9EX
46	21 South Street		Maidstone	ME16 0EX
47	20, Portsea View		Havant	PO93FE
48	10 Parcel Drive		Basingstoke	RG24 9TF
49	62 chiron square		Harlow	Cm18 7fs
50	55 Wentworth Drive			CM23 2PD
51	29 orchard avenue		Chichester	PO19 3BG
52	Beardsley drive 111		Chelmsford	CM1 6GJ
53	92 Grenfell road	Berkshire	Maidenhead	Sl61hg
54	Bourne House 189 Sloan Street		London	SW1X 9QT
55	Flat 8, 2 Foxhunter Drive		Milton Keynes	MK146GZ
56	8 Ducketts Mead	Shinfield	Reading	RG29GY
57	25 Chouser house		Maidstone	ME15 6ND
58	Flat 16 45 Marlborough Place		London	NW8 0PX
59	40 Exebridge Milton Keynes		Milton Keynes	MK4 1LH
60			Northfleet	
61	55 Manor road Harrow		London	HA12PF
62	Burnsaid  Furlong Drive		Ascot	SL5 7GW
63	15a Whittaker Road	Sutton	London	SM3 9QG
64	34 Ashley Close Bradford-on-Avon		Bath	BA15 1RY
65	69 Cae Canol, Penarth, Vale of Glamorgan,	Wales	Cardiff	CF643RL
66	2Grandpont Pleace Long Ford Close		Oxford	OX1 4NH
67	8 Ladoum Gardens  Whitehouse		Milton Keynes	MK8 1LD
68	Flat 7 Turin Court, Riverbank Way		Brentford	TW8 9HX
69	7 The Manor, Badgers Holt		Tunbridge Wells	TN23ET
70	15 Burbage Close, Hayes		London	UB3 2PZ
71	12a Lywood road, Leighton Buzzard		Luton	Lu7 4ra
72	1 Glengall Rd, London, Edgware Flat 4		London	Ha88tq
73			16 Camborne road Sutton	SM2 6RH
74	50 Colne Road		London	N21 2JP
75	7 Gasholder  place, flat 70		London	SE11 5AT
76	Latteridge House, Latteridge Green, Iron Acton			BS37 9TS
77	21 flat, Alder Lodge  73 Steavenage road		London	SW6 6NP
78	Alba Square,  Sutherland Apartments, flat 504		London	SW1W 8DY
79	10-12 Hagsdell road		Hartford	SG13 8AG
80	29, Castle Avenue		Northampton	NN56LG
81	7 Craft Lane	Hampshire	Petersfield	GU31 4QQ
82	13 Branwen Close		Cardiff	CF5 4NE
83	30 the Round House		Portsmouth	PO1 3SF
84				
85	5 Leigh Gardens		London	nw10 5hn
86	44 Clarendon Gardens		Dartford	DA2 6EZ
87	Silbury boulevard 801		Milton Keynes	MK93FL
88	69, Chertsey court	Clifford Avenue	London	SW14 7RD
89	7 Ormonde Avenue		PO19 7UX	
90	35 Barrington road		London	Ig10 2ax
91	2 Cefn Coed Gardens		Cardiff	CF236AX
92	Flat 69  The Royal Star and Garter Home		London	TW10 6BF
93	Lavant House West Lavant		Chichester	PO18 9AB
94	251 Southwark Bridge Rd		London	SE1 6FN
95	Stockers 118 Heath Road Coxheath		Maidstone	ME17 4PN
96	Flat 36, 4 Lambarde Square		London	SE10 9GB
97	Hall road 13		Dartford	DA15HB
98	4 Drapes Yard		London	SW18 1SZ
99	3 Hepworth court	Andersons square	London	N12tg
100	8 westgate  St Mary’s island	Kent	Chatham	ME4 3SG
101	20 Stakers Court Milton Road		Harpenden	AL5 5PA
102	Flat 7 89 ingram road	Kent	Gillingham	ME7 1SH
103		Kent	Tunbridge Wells	TN2 4PY
104	157 Mortlake roud		London	Tw94aw
105	8 Latter Road Langley		Maidstone	ME17 3FD
106	Flat 1002 Jasmine House	16 Capital Interchange Way Brentford	London	TW8 OSN
107	37 Arlington Lodge	Surrey	Weybridge	KT13 8RD
108	Alan Firmin Ltd, Wares Farm, Redwall Lane, Linton		Maidstone	ME17 4BB
109	Brixton road 309C		London	Sw9 7bu
110	Flat 41, 8 Selsdon Way		London	E14 9GR
111	Flat 510, Artisan point, 136 Victoria Road,		London	W3 6GG
112	Код 8327 4 Sovereign Crescent		London	SE16 5XH
113	Flat 5 Bank Mansions  Golders Green Crescent		London	NW118LG
114	106 Ascot gardens		London	UB1 2SB
115	Flat 20A, Dudley Mansions  Lansdowne Place		Hove	BN31HG
116	19 Ravensbury Road		Orpington	BR5 2NR
117	7 Tunsgate		Guildford	GU13QT
118	2 Warley Road	Woodford station (central line)	Ilford	IG8 9AX
119	11 victoria avenue		Wickford	SS12 0DH
120	22 Trinity Way		Maidstone	ME15 9FY
121	2 Lime Way, Shenley Radlett			WD7 9FH
122	11 Pepper Drive	Burgess Hill, West Sussex		RH15 9UZ
123	39 Quakers Hall Lane			TN13 3TX
124	48 Duncalf Road, Tunbridge wells	Sussex		TN2 5FU
125	1 Simford Way		Milton Keynes	MK8 1DQ
126	11 bell line Broxburne			EN107HG
127	17 dunbar grove		Broxbourne	EN10 7FQ
128	33 Saint Andrews Road		Henley-on-Thames	RG91HZ
129	3 Barn Road		Cambridge	CB29PN
130	Flat 14  Cinnabar Wharf West 22 Wapping High Street		London	E1W 1NJ
131	16 Pearwood Road		Maidstone	ME16 9FY
132	2 Stacey Road Trumpington		Cambridge	CB2 9FG
133	58 Swaffer way			TN235JE
134	22 Long Walk, New Malden			KT3 3EJ
135	London Road 55,Flat 5			TN1 1DR
136	165 Porchester road		Southampton	SO19 2JA
137	9 Kathleen Road		Southampton	SO19 8EW
138	93 High Street Trumpington		Cambridge	CB2 9HZ
139	124 the rock flat 68			BL9 0qu
140	Pershore Rd Birmingham Corkfield			5B 7SH
141	21, Arnold Street  DE22 3EW		Derby	
142	113 Delapre Crescent Road		Northampton	NN4 8NQ
143	One, Pink, Media City			M50 2BA
144	Stratford road 36		Derby	DE21 4DP
145	70 kings Road doncaster		Doncaster	dn1 2LZ
146	19 Anthony Road,Welling, Kent, UK		Dartford	DA16 3EH
147	44 strawberry vale		London	tw1 4se
148	2 Failed Compton			RG206PJ
149	3 Macefin Avenue		Manchester	M21 7QQ
150	45 Chapman Avenue		Maidstone, Kent	ME158EJ
151	11 Second Avenue, Hendon, London			NW4 2RR
152	10 Whyment Close		Leeds	LS27 7GG
153	483 Stratford road Birmingham		Birmingham	B11 4LE
154	7 Flat Carlton Court Kersal Road  Prestwich		Manchester	M25 9SN
155	3 Macefin Avenue		Manchester	M21 7QQ
156	flat 7.20 Abito Appartments 4, Clippers Quay Salford		Manchester	M50 3BS
157	7, Leigh Court, 6 Avonmore Road, London			W14 8RJ
158	43 Sunningdale Drive, Eaglescliffe		Stockton-on-Tees	TS169EA
159	3 Utrillo close		Coventry	CV5 8lw
160				BD16 2NS
161	75 Ibbetson Oval  Churwell		Leeds	LS277RY
162	28 Chequerfield road  WF8 2BQ  Pontefract		Leeds	
163	36 Mervyn Road  Bilston	West Midlands		Wv14 8db
164	35 South Avenue		Warrington	Wa28as
165	4 Stanmore Close		Ascot	SL5 9EU
166	1 Willoughby road	West Bridgford	Nottinghem	Ng2 6ez
167	15 Clive lodge		London	NW4 3RG
168	3 Manor Close		Burton-on-trent	DE159SL
169	29 Stafford Court, Kensington High street		London	W87DL
170	119 Herrick Road		LOUGHBOROUGH	LE112BS
171	2 Greatness Road		Sevenoaks	TN14 5BY
172	Flat 5 Patagonia House Pembury Road Royal		Tunbridge Wells	TN23DL
173	17 Bollo Lane		London	W45LR
174	282 LIMES AVENUE CHIGWELL ESSEX			IG7 5NA
175	10 Brawn Grove, Glebe Farm.		Milton Keynes	Mk17 8fy
176	Rumwood Green Farm Ltd, Sutton Rd, Langley		Maidstone	ME17 3ND
177	1 Palmars cross hill	KENT	Canterbury	CT29BL
178	8 Moulton Avenue  Hounslow		London	TW3 4LR
179	1, The Hamptons, Spiro Close		Pulborough	RH20 1DU
180	Hillside House, St Margaret’s Avenue, Dormans Park			Rh19 2ng
181			Hove	BN3 3PE
182	4 Ashford road,East Ham		London	E6 2Aw
183	68 Chiron Square		Harlow	CM18 7FS
184	308A Dyke road		Brighton	BN1 5BB
185	55A Central Hill		London	SE19 1BS
186	14 The Old British School	153 Southampton Street Berkshire	Reading	RG1 2BL
187				
188	64 Victoria Street	St James's Park/ Victoria Station	London	SW1E 6QP
189	3 Overtrees, Hollybush Lane		Harpenden	AL5 4AW
190	15 Oakwood Road		Basingstoke	Rg24 8TT
191	31 Balfour avenue		London	W7 3HS
192	12 Devonshire Place, flat 2		Brighton	BN2 1QA
193	Stockett Lane  Falcon Court Flat 3		Maidstone	ME17 4FT
194	104 Molewood Close		Cambridge	CB43SS
195	Flat 8, Manor Fields  Suffolk road		Maidstone	ME15 7GB
196	Hazlemere, Grassy Lane	Kent	Sevenoaks	TN13 1PN
197	32 Newcome Road, Shenley			WD7 9EJ
198	18 Westfield House	Redcotts  Lane Wimborne  Dorset		BH21 1JX
199	Flat 11 27 High Street, Swanley			BR8 8AE
200	6b East Saint Helen Street		Abingdon	OX145EA
201	Flat 408 Whitby House 26 Marsh Wall		London	E14 9AX
202	17 Cypress Court St Ann’s Park Virginia Water			GU254TB
203	TN27 9NL 49a high street barber@49)	Kent	Headcorn	
204	20 Turbit Close Ross on Wye		London	HR97WW
205	3 Ashley House Monck Street		London	SW1P 2BW
206	17 Mayfly Mews		Bedford	MK404UG
207	Flat 16, Tennyson Court	50 Winn Road	Southampton	SO17 1ER
208	10 Test Rise, Chilbolton Stockbridge	Hampshire		SO20 6AF
209	Cygnet House 603		Reading	RG20NX
210	14 Sheepcote Close		London	TW5 9RH
211	5 Crosthwaite court,Stewart road,		Harpenden	AL54RN
212	87 wren gardens	Portishead	Bristol	BS20 7PP
213	Swindon  34 Danestone Close			SN55GP
214	44 the Street, Newnham(pub)			ME9 0LL
215		Kent		
216	156 Wycliffe road		Northampton	NN15JH
217	14 Rillington Gardens,  Emerson Valley		Milton Keynes	MK42EB
218	71 Alma Road		Southampton	SO14 6UQ
219	Flat 3, 12 Harlow Gardens	Kingston Upon Thames	London	KT1 3FH
220	5 Berkeley Mews		Chichister	PO19 7WS
221	Flat 7 , 66a Victoria Road, Burgess Hill			RH15 9JQ
222	16 Conquest road		Bedford	MK42 9LR
223	11 Freshwater court, Chandlers Ford, Eastleigh			SO53 5DY
224	Button Hide, Seven Hills Road, Cobham			KT11 1ER
225	32 Lawn Road  Flat 4, ground floor		London	NW3 2EN
226	3, Preston Place 23A Preston Street	Kent	Faversham	ME13 8NZ
227	25 Tinkers Field		Swindon	SN4 8AE
228	Bush Lodge Windmill Lane		Epsom	KT17 1HY
229	3 peck court,  Oxley park,		Milton Keynes	Mk4 4hz
230	62 Courtland Avenue	Ilford		Ig1 3dp
231	48 Preston grove, flat 5	Kent	Faversham	ME13 8JY
232	158 b tremona Road		Southempton	So166hw
233	125 Aylesford Avenue	Beckenham		br3 3rx
234	Адрес 7 Queen's Hill		Newport	Np20 5hj
235	37 Lupin Road		Southampton	SO16 3LD
236	29 Hereford Road		London	W2 4TF
237	78 Black Oak Rd		Cardiff	CF23 6QX
238	AC Goatham&Son, Flanders Farm, Ratcliffe Highway , Hoo,	Kent	Rochester	ME38QE
239	2 Kewferry Road		London	HA6 2PD
240	9 Laxton Walk, Kings Hill		Maidstone	ME19 4HZ
241	38 Grayston House  21 Astell Road		London	SE3 9FN
242	4 Fermoy Court Little Brington		Northampton	NN7 4JP
243	Hove 9 Boulevard Place Apartment 103, Block 2 Central		Hove	BN3 7RT
244	84 Leonards road		Northampton	NN48DW
245	2 Maple Close Larkfield		Maidstone	ME20 6NG
246	57 Providence Square		London	SE1 2EB
247	356 Glenalmond Avenue		Cambridge	CB28DT
248	Handywater Cottage Lower Assendon  Henley on Thames		Reading	RG9 6AH
249	121 Alexandra Park Road			N10 2DP
250	7 Dykes Way	Bromley	London	BR2 0SU
251	21Edgecomber		Cambridge	CB42LN
252	Salisbury road 68			KT47DD
253	53 Henmarsh Court  Balls Park Hertford			SG138FB
254	61 Lion Court Swan Street  Isleworth			TW7 6YA
255	1 Artesian road, flat 14, 6 floor		London	W2 5DL
256	13 Rounton Road Church Crookham Fleet			GU52 6HA
257	Thomas Earle House			W14 8FN
258	3 Silverdale court 142-148 Goswell road		London	EC1V 7DU
259	12 Carswell Close Brentwood Hutton		Chelmsford	CM13 1PD
260	9 Topper street		Cambridge	СB42WL
261	27 Clear Water Place		Oxford	OX2 7NL
262	136 Landells Road		London	SE22 9PL
263	145 Acer Apartments, Park Boulevard		London	W12 7LU
264	Merrywood  London Road	Surrey	Windlesham	GU20 6NA
265	81 Roosevelt Avenue		Chatham	ME5 0HS
266	7 Beauchamp Lane	the Old School	Oxford	OX4 3LF
267	87 Buckingham Palace Road		London	SW1W0AJ
268	4 Farthings Wood Rise		Canterbury	CT34ER
269	4 Purley Avenue		London	Nw21SJ
270	597 Downham Way	Bromley	London	BR1 5HX
271	44 Cadogan square		London	sW1x0Jw
272	101 POPLAR PLACE		London	SE288BA
273	3 St Margarets Mews, Kingston Hill,			KT27NA
274	14 Queensway, Grantham		Nottingem	NG31 9QD
275	16 Mill Moor Road  Meltham  Holmfirth		Manchester	HD9 5JY
276	Huddersfield 34Windsor Road			HD4 5UF
277	2 Pella Grove Annesley		Nottingham	NG150EL
278	Aruba, Gotts Road		Leeds	LS12 1DW
279	1 Cestrian St, Connah’s Quay, Deeside			CH5 4EF
280	16 willow crescent	North Yorkshire	Richmond	Dl10 5AT
281	3 cedar avenue	Huddersfield		HD1 1NX
282	21 armyne grove		Barnsley	S71 5ph
283	2 loak close clapham		Bedford	mk416gq
284	2 Wheelers Lane Redditch		Birmingham	B97 6GT
285	505 apartment Amelia House	41 Lyell street  Canning Town	London	E14 0SS
286	8, Bearton Road, Hitchin	Hertfordshire		SG5 1UB
287	78 Sprotbrough road		Donkaster	DN5 8AZ
288	107 Lanchester road		Birmingem	B389AG
289	89, Berry Close  Great Bowden  Market Harborough		Leister	LE167es
290	18 Windsor Crescent		Wokingham	RG40 1GN
291			Gravesend	
292	43 Sherwood drive baron	Seagrave	Kettering	Nn156uu
293	75 St Lucia Park, Bordon,			GU35  0LD
294	3 Woodhill Views, Nailsea,		Bristol	BS48 1JF
295	21, Arnold Street			DE22 3EW
296	7 STATION ROAD	GLENFIELD		LE38BT
297	12 Whirlowdale Rise,		Sheffield	S11 9LS
298	, 14 Challis Close, Foxton		Cambridge	CB22 6AE
299	51 Hunslet House, Station Road,		Corby	Nn171Gb
300	42A Arnold Road  Woking			GU21 5JU
301	2 st Nicholas Close		Kettering	Nn15 5uh
302	5 Oxford Gate		London	W6 7DA
303	32 Peridot drive		Wellingborough	NN8 6DS
304	39 Banbury Close		Northempton	NN4 9UA
305	27 Guthridge Crescent		Leister	LE3 1JL
306	27 Guthridge Crescent		Leister	LE3 1JL
307	24 Treewall Gardens	Bromley	London	BR1 5BT
308	10 Delme Crescent		London	Se30ed
309	6 Barnfield Close  Hastings East Sussex			TN34 1TS
310	147 Cherry Orchard Road	Addiscombe Croydon	London	CRO 6BF
311	4 Lower goat lane		Norwich	NR2 1EL
312	107 Chantry Avenue  Kempston		Bedford	MK42 7RH
313	1 Hemingway Pl		Nelson	BB9 9JP
314	14 Thornton Rd		London	SW14 8 NS
315	343 Meltham Road Netherton village		Huddersfield	HD4 7EH
316	139 grange road  Erdington			B240ES
317				DE55 3NY
318	14 maygoods lane			Ub83te
319	35 Colston Ave Stonebridge House		Bristol	BS1 4TN
320	47 Yarrow Close	Broadstairs, Kent	Canterbury	CT10 1PW
321	Flat 11, Charters, 43 Upper Oldfield Park		Bath	BA2 3LB
322	Bognor Regis  67 Hazel Road		Chichester	PO22 9ED
323	1 Clifford Road  Wembley Alperton		London	HA0 1AF
324	Holly Cottage, Atherton Road		Hungerford	RG17 0LD
325	88 Merino Road, Andover, Hampshire			SP11 6SZ
326	100 East Rd  Urbanest Hoxton		London	N1 6AA
327	4 Hartley Court, Pittville Road		Cheltenham	GL522QE
328	13 Abridge Court	Abridge close, Waltham cross		EN88QU
329	13 Alyth road		Bournemouth	BH3 7DF
330	6 Littleberry Court, 5 St Vincent's Lane, Mill Hill		London	NW7 1EL
331	22, Parrs Way		London	W6 9YJ
332	61 Castle Way, Flat 32		Southampton	SO14 2ED
333	7 Turner Road, Bushey, Herts,		Watford	WD23 3PJ
334	43 Mags Barrow  Ferndown		Bournemouth	BH22 8PD
335	223 Pinza Close		Newmarket	CB87AR
336	Unit 1, Askew Farm Lane, Grays			RM17 5XR
337	Доброго дня 33 Colston St		Brislol	BS1 5AP
338	40A Park Road		London	SW19 2HT
339	Flat 6, 306 Poole road,  Poole. Dorset		Bournеmouth	BH12 1AJ
340	100 Ainsworth Street			CB1 2PD
341	31 Ten Acre Rise, Patchway		Bristol	BS34 5TZ
342	6 Manor House Court West Street	Surrey	Epsom	KT18 7RN
343	FLAT 19 Ranulf Court Grange Road, Chalfont St.Peter			SL9 9FS
344		Kent		
345	55 Upper Ground  Apartment 1410		London	SE1 9EY
346	9 Highbury Rd		London	SW19 7PR
347	Willow Lodge,March Road,Weybridge			KT13 8XA
348	Purdown View  UWE Frenchay Campus Coldharbour Lane		Bristol	BS16 1US
349	4 the Ryde Hatfield			AL9 5DH
350	17 pepper drive  Burgess Hill			RH15 9UZ
351	38 Uxbridge Lane		Glouster	Gl2 2EY
\.


--
-- Data for Name: account_customuser; Type: TABLE DATA; Schema: public; Owner: postgresuser
--

COPY public.account_customuser (id, password, last_login, is_superuser, name, email, is_active, is_staff) FROM stdin;
12	pbkdf2_sha256$1000000$wsKRGnEt8156GCyhnTS7mk$PtHhexs2lpwDjt4UqEoWZU8Hh5AjftCN/x35Yu93xJk=	2025-09-17 13:21:20.94652+00	f	landar	\N	t	t
13	!RjnNMqmNeXOyBo43Xeqz2VM81VnyryskDO3fVpf3	\N	f	Iryna Korshunova	\N	t	f
14	!0QPTe3DvP8phwokLjOcTND9G46cTWO2NNXUZo5MW	\N	f	Maria Khokhlova	\N	t	f
15	!irGQvN0s4kNyCLZdpzZls9qwyaLqRZ3W4f7jYT2M	\N	f	Ekaterina Figurnova	\N	t	f
16	pbkdf2_sha256$1000000$dDCxZl6ReiUUo1aYntDKnY$nH21plREGs+QefDLlA0WVTy/EFJZVhhR/B65KUzXJhU=	\N	f	Antipova Tetiana	\N	t	f
17	!xQdvsQuRBS6sfdqM3anxPoC0Lfc58Zje5nkNoA3A	\N	f	Valentina Elizarova	\N	t	f
18	pbkdf2_sha256$1000000$JVDKeTMlyT6Wn58JThJI53$9P/fwtfWe+UnT0962NbAmrXhokNPkio1XEU9VF04kGw=	\N	f	Evgeniya Doroshek	\N	t	f
19	!7J7VVesuze2cuk6QPfQzaJbYsnvlqWX6pOnu7bnl	\N	f	Veronika Murugina	\N	t	f
20	!o3skeQhEmYs5Wbnqmts0NVy7Yod9y2mlengGXCuO	\N	f	Anastasia Maximova	\N	t	f
21	!DLewpxqNvyra0wnfXpvvLDCTm8iPHjpqf86gUjwL	\N	f	Jenny Agarkova	\N	t	f
22	!NY53e4HxYazQArAaDjOZP5cReDBSZQAdsY13CBIk	\N	f	Kseniia Bielosludtseva	\N	t	f
23	!694WGIcajICTt7lSYx9u4VddFmfZmw0OaNemW7bZ	\N	f	Oleksandra Volkova	\N	t	f
24	!1eKVlREWFRgWv0vA7WDfpgcOubzlN2xzmcFQQWnn	\N	f	Oksana Nedashkivska	\N	t	f
25	!33kDSuI18m3nGE7zdLyyl8BRSTOvTEBrg5GWO7OK	\N	f	Ksenia Fonina	\N	t	f
26	!KQyHa450G4Kobgy8E6T091pGxc0FJVbZQ5pQUiAW	\N	f	Alexandra Govorukha	\N	t	f
27	!fXMxd4iC88PCh8jCpcMfOaxxJMVrTUClhARQtRY5	\N	f	Shved Vira	\N	t	f
28	!FcxvrgK0aG8qsDcBiTvenQVewoWvoXa96y3mdFoQ	\N	f	Alina Prystynska	\N	t	f
29	!NOr2wZIQ42dxTMR7os1BCqDWxhlx1V4l4kifBf2B	\N	f	Natasha Popova	\N	t	f
30	!TFDFEhAb2id0smWn1kc9kyYolMpvQJN5FK4F4XSp	\N	f	Olena Lysenska	\N	t	f
31	!KABztKgvTZWkiWDEplVDktCs4OcKADJ8zHnYUWlu	\N	f	Galyna Vovk	\N	t	f
32	!UF7kWzPC5LXF7QxuuYSul6yZlb7qOSI64rHKUSHG	\N	f	Jane Chelmsford	\N	t	f
33	!nJXbmit8Vtg89Isjb4SvKgiPcOgZbiQhvMkXXuuh	\N	f	Jevgenija Vihmane	\N	t	f
34	!jabAU39iEJKCRizgLHFlfhzfDoiEdYxSzSomHh5P	\N	f	Tetiana Tomchuk	\N	t	f
35	!j5ixqDWrVTzJzadztupgbAkjBhnwwy4H7LH03Vez	\N	f	Andrii Kryvosheia	\N	t	f
36	!SUwAn9rQ6aICgOmgBCsplpFs7TXnWGKcfkPM8OnU	\N	f	Tovstetskyi Yevhenii	\N	t	f
37	!dp2Ul3iDSoTjEn0pZUM5FvMTVqB98bNhF4GtUKa7	\N	f	Viki Sakajani	\N	t	f
38	pbkdf2_sha256$1000000$MCZDemN5RQ11a96FbgKcmr$2v7wgCF9OswC02TZDDxOklVosD8t/jGlBNOHV6kh1Cc=	\N	f	Yurii Landar	777corn@gmail.com	t	t
39	pbkdf2_sha256$1000000$nv2WsDBjrml4d5L7btr8B5$aUHbi+qD5DZQMBpmIktA/QWxHOhZhT8uFg0Adyf1Aqg=	\N	f	Serhii Paliienko	\N	t	f
40	pbkdf2_sha256$1000000$ZHM6tU0Ew0hgKvgMdhknbh$AHFoI30DOysHXUWg4DGz88P+RhyUALHcwqWSkhpt83M=	\N	f	Marina Buch	\N	t	f
41	!VdojvUoLs0ufh3uiBskzYC9HMLwAMAILrxDFEsp7	\N	f	Iryna Tsahelnik	\N	t	f
42	!pHKTcst7On8HgpZtOyMHsWpJugQP6HYrVOXUTBaB	\N	f	Anna Sundieva	\N	t	f
43	pbkdf2_sha256$1000000$JcpNbpyWzDspgHnVEDfvXP$Bdmc526A363j6IEO2HUqTe7uiICMlQ9C+IxL7K3lPak=	\N	f	Pohorielova Maryna	\N	t	f
44	!uhwiXjKgbywn0uevAfhNqlHnni1OOWaqAfLTEElA	\N	f	Inga Prilipko	\N	t	f
45	!WIh9Rwrw0O9tG3B56QAe0MyGXXDkreuSPFU3GTl0	\N	f	Stanislav Sokolov	\N	t	f
46	!FPI1YBwuk8RpPUZmswWYyUZJCqkvlV4hJEixB9p0	\N	f	Irina Yershova	\N	t	f
47	!a7UuKO8aCUUMC1EdXTQnVe7eQNqyuKIvx69QLCFi	\N	f	Inna Artiukhova	\N	t	f
48	pbkdf2_sha256$1000000$Hv5FvYB3roJjLHCYUK6ujX$QvNBOc69UqhCqaoVWPCJkw3oa7ZHpJedcZNgXWJ5pxo=	\N	f	Oksana Daudova	\N	t	f
49	!jPjMDgS7h6YDlqaQEuBeCvcD0mJCGzdpkEZVW7O3	\N	f	Anastasiia Chebotarova	\N	t	f
50	pbkdf2_sha256$1000000$U8p9T94YObaOXxBbnlFza1$8DcdsYaGJ0tMkkZUm9Bhh1LZoHvkXqyGuzAU0Uvi1pE=	\N	f	Yuliya Cooney	\N	t	f
51	!d6QArpWWPIZWsLrqzIFepYoNJqgIGcyrRWfE5IC2	\N	f	Olga Akkaya	\N	t	f
52	!0DW8LgIxfy9doItTgbphzrAvW2GRs3fbwgzBtree	\N	f	Sofia Chirsenblat	\N	t	f
53	pbkdf2_sha256$1000000$OI7tg7mIUZaQ6OOIxUblai$yMh2xqq4dn84s0UZOd8TSLa0MPlAlBag90pf+P/Hoos=	\N	f	Diana Holotvin	\N	t	f
54	pbkdf2_sha256$1000000$GpoHEvcIRni6iu5fLGJNke$D45GZPvTq1uzs5wLPW3glEghBlS0rDoUNIdypmcxJiY=	\N	f	Viktoriia Savchenko	\N	t	f
55	pbkdf2_sha256$1000000$FUXPWEYrhIZqi7ASKLqR5G$F5CuFhY9NkCzkd3IGaDMolq59GCHtLJOLachSkXgduw=	\N	f	Anna Gill	\N	t	f
56	!ljQsePQVuTVgxqE3a36duKvnQwJFHnwuoe2miKSy	\N	f	Yuliya Samonina	\N	t	f
57	!HA8XKnsExRyY63BkjbfMAAXhy7KKLuUX7OolCD4t	\N	f	Inna Platonova	\N	t	f
58	!aXECL0dgi1c8HY1nJyJidPcIN6iKcfpbTCpTs9mC	\N	f	Irina Shikhova	\N	t	f
59	!1nngnIUfou20T3d40JLemF8DNzNHDLkDjVyg06YO	\N	f	Vartik Ohanian	\N	t	f
60	!LWL0KNT4w7Q6HGszdpm86doBufQoRBvkE2LVhGHH	\N	f	Farida Aliyeva	\N	t	f
61	!mPS61I8h4kafs1xpORIwzp0shYI7OM5Ef5Ywybqw	\N	f	Ksenia Blake	\N	t	f
62	!16a0u58ffOAgihfzvjrFP8N8UTGT2vd9OULr6a43	\N	f	Julia Suboca	\N	t	f
63	!6XSCGtD7wFIQSQ9wq8oBeVcqvaPN5TMxG9DrFndU	\N	f	Natalia Fomina	\N	t	f
64	!6k9SHl9XVRmku4lrRhTiyValLJSvl2N96tjVFGdl	\N	f	Daniil Loshmanov	\N	t	f
65	!E3ogGvuX77xqvlBeOuTh3WBtQD7ukIOHQNaj5VFf	\N	f	Vita Nanjak	\N	t	f
66	!hROp2O5YL3AZzekAav0iBwZtd0t5Qa00H7BPM1uZ	\N	f	Alexandra Tarchenko	\N	t	f
67	!yUD4iF96Ebwatv5E0d2IqMS8NKC0YzwiMcQhTBnp	\N	f	Yaroslav Dmitriev	\N	t	f
68	!dFIYsjzWA1qDyiJPmxEffxhDgqz2tY2GVHWzuDmW	\N	f	Irina Omskaya	\N	t	f
69	pbkdf2_sha256$1000000$K277fA2ski9WCqDaKBGfVd$JQzNy6auCRFg1K0D0FRqFCJsgq2JBg9dDr92ovsvqeM=	\N	f	Svetlana Pantelejeva	\N	t	f
70	!TrMUUKI53SdloLA53qTwEh6YGgU5tCFYUDvJGkDB	\N	f	Roman Maslov	\N	t	f
71	!m0VPSTWbuFqatuHpeIuyg3r7AiFqmU1QbwGd9kDj	\N	f	Oleksandr Tymoshchuk	\N	t	f
72	pbkdf2_sha256$1000000$ZbTO0ry68MXRmbGx38Go5A$H0abrIwcKpELBSIRNYvV0+yBrP0nB5ER70EPsnO1n8E=	\N	f	Mykhailo Matusiak	\N	t	f
73	!o60JWvul2B08G4l3nuDnPVu3tDnnS7kEQ4D0rXlF	\N	f	Sasha Korelska	\N	t	f
74	pbkdf2_sha256$1000000$I7pVYafl3prNjhEaQOQEx8$ROeU6Vi4CvztTRefxGP613MPre2+asVwlmGthGEp+d0=	\N	f	Kseniia Otych	\N	t	f
75	!ZVcv8oCjaCkwGoT4jv4bY1CkU7Ssrnxpnbt5m40D	\N	f	Anastasiia Palamarchuk	\N	t	f
76	pbkdf2_sha256$1000000$IqWAsMWfoexRcDuArjcdB6$8U/fEUFdB7HJUVy+Yo05OHf2J7S595r4h6a38dNxNYE=	\N	f	Valeriya Loizou	\N	t	f
77	!P9qM8nWV0GIpcaPx5dgoI8u6mE3Aq8JXiHJTBfKS	\N	f	Diudiun Hanna	\N	t	f
78	!fTPwWeMJIzMZcupKw7x1juj8oXnLmkIuMlguT7nB	\N	f	Megan McManners	\N	t	f
79	!qmjWKrQw65L3JCYHrufoLO0gAD4QwjK41DNczC2e	\N	f	Lena Yakobchuk	\N	t	f
80	!lrtSjBuTq6ivpclQQIVujhKR2Z47tbH0w4ETjvf0	\N	f	Alina Kaprova	\N	t	f
81	!DzgZWff8uGXxAeeMMAaQoCtOce3fRx12zObQadIj	\N	f	Olha Pohribniak	\N	t	f
82	!cPUUQJ96n2bSUpbjrvFn7FND6u5Yv3yADUqvrZZA	\N	f	Olga Stadnyk	\N	t	f
83	!BZGkPcOr4ZJEvbkqMXlDASrvUBU1TOmoOWUWTd4d	\N	f	Kateryna Nievrova	\N	t	f
84	!qFPSL6a5TRiZHsU8r1X9cldUnXrnHzr5kDtuSCwY	\N	f	Andris Shemel	\N	t	f
85	!c9IhWLEndC27CQCVzRJZ5JkfM2noPoKJnf5xcx1l	\N	f	Denis Ovali	\N	t	f
86	pbkdf2_sha256$1000000$qXaWy42CwkuAWTLWgXcoGM$u0PIkDsIKs5m5Ih1fKkaulIVCWhKSPWANeFJvTIPn4c=	\N	f	Iryna Atamanchuk	\N	t	f
87	!FqNeCbcYBxTSajVYNHLHlWzAMTMbGeWF9sODg9lx	\N	f	Suzanna Petrova	\N	t	f
88	!fdrAAW1Eg3UM3od9yAId4lwKY7XfhY2tDlBP5kBd	\N	f	Tatiana Yurchuk	\N	t	f
89	!7q2VYEaDrlxv9fmWaAS3l1RO4md7FQ4kxq6yF4zl	\N	f	Oksana Rudenko	\N	t	f
90	!99h92uccdgh4Ff7KUcYhivUlgMbg157qswElXqBF	\N	f	Tatiana Ozerova	\N	t	f
91	!56WI6ct7y2hofLcnDWUQLdFCBk3cID4EGPbShZCJ	\N	f	Natalia Kovalenko	\N	t	f
92	pbkdf2_sha256$1000000$dky5o31IxWNY5mfiE5uMLA$9BwTgSqDgDgSv0ux51bgIo3MurB4HdK8k46D98UcObs=	\N	f	Edgar Siukans	\N	t	f
93	!u7YEcU4Jco5dLzf6hTm6jJgZplddsZPH5eFK1ZRx	\N	f	Anastasiia Beloborodova	\N	t	f
94	!phjOMmIvYznM3f0EQIopjGFXmbk2MoUH5uz4FS2R	\N	f	Tetiana Matviyevska	\N	t	f
95	!NqtMaFA74HkTK6US1DAoXPAedUEOj5psTmWgjmb3	\N	f	Daria Babicheva	\N	t	f
96	pbkdf2_sha256$1000000$ysnT1jW8HdcfIuCSc2XRWX$e7O4oly28zmbe5+v44RmNIHQO35Qsn5TSITR/pEyAK4=	\N	f	Kseniya Stadnyk	\N	t	f
97	!ddV5y5RM46xn4hkr1aqk1XeBuRQv1jXrP0SK213A	\N	f	Chernysh Daria	\N	t	f
98	pbkdf2_sha256$1000000$ce6pbkTB6WGrhfvhXrw480$FWjlld7Z38SPaRy3heMCKbXqjsTS/n0Ue0RG2NiH7iE=	\N	f	Tetiana  Kosinska	\N	t	f
99	!InBFxbFWBVACFRe6bOEDK7RmvckIw8cf4ovb2WaI	\N	f	Latiuk Diana	\N	t	f
100	!1Jx5y7H10vUavAmw5Ol78JxAdrbgv4uigLQMT2ie	\N	f	Khrystyna Snyatovska	\N	t	f
101	!h23TxF3wIfZFbmzLVfhTZy34KzBTZcTiW0OEuqXH	\N	f	Andrew Kanapatski	\N	t	f
102	!Jba1QNLLOXIIZcNKjlLvrOHgwq8Mv71SL23F2GbG	\N	f	Elina Selby	\N	t	f
103	!SOcZKGCSydgkyV7Hvjh2M2KopN4wNV276F7m3SKW	\N	f	Iryna Bulba	\N	t	f
104	!P7piLNqTf6AGUE6GUFIw4ZzkBntXzat1Jm1wUZEd	\N	f	Julia Sidorenko	\N	t	f
105	pbkdf2_sha256$1000000$Neci7NEWEDn5f5wyUuWj27$5r9QP2tAlr/AFb6QVb3w/oVcFQNtZdzuyFS87t5jAAA=	\N	f	Rimma Tertytska	\N	t	f
106	pbkdf2_sha256$1000000$H0VJ9Q3gMqOZyW1zJ1Cfex$uY69JemPNM7Le9ZNgZ3kOoOiro9fPwbbMabOvK7CaUQ=	\N	f	Timur Turdyev	\N	t	f
107	!3FlEfrZqYA0f1tGVIOWUqqXiw9DDxqKoIczMrBR5	\N	f	Inese Celina	\N	t	f
108	!wsXA36LKN5B736KOa51c4AZO3PRwDzvABcUalYDd	\N	f	Tetiana Liubasiuk	\N	t	f
109	!LtWusqqI2BkLOcgntdcKCzagAElIYo6PuMFfkUqq	\N	f	Elena Ustyanova	\N	t	f
110	!bRidRZZoMScBUXmnSxO6rZ2g7SXmG2S5ysr6YyNJ	\N	f	Svetlana Ivanova	\N	t	f
111	!mrucrD4HVIC5xHG3lA286q9Hvs3T0rQi263wVVF3	\N	f	Alexandr Andreyev	\N	t	f
112	!qn0vd7DT8CveL2kZ9WbpvV9kF9nN4On1pk5KtVmP	\N	f	Dmitrii Shtilerman	\N	t	f
113	!JndIAKpHSJ2fZOMxBPUdPP2tUTZeJ3SdOmIBu2EB	\N	f	Anna Ametova	\N	t	f
114	pbkdf2_sha256$1000000$Eak9WKW54bdTwWSSPQn8tE$S/x8cFaTeMAQPWUEJ5q0O3TQNx7FloDATw+7CbeOUZg=	\N	f	Zalevska Tetiana	\N	t	f
115	!9QHlWWPaX21MhyCpNx5wQwq3ZKPn5X2RQBFb1MCW	\N	f	Kateryna Kostiuk	\N	t	f
116	!lhlFrK9KzVbXPPS4TGxFor34pxTdvC38c9QENVUp	\N	f	Sergiy Krytsak	\N	t	f
117	!3ixItgkedfmajZW73qfAsE58SXPAUzUFGunaCAoJ	\N	f	Victoria Shcherbyna	\N	t	f
118	!vg4B1FuGvrW4lNjNNjJuqLdrzHlx6XhhzwUIGqjQ	\N	f	Olga Dribas	\N	t	f
119	!sKVguSmQoPMc2mkGoRP05PBaSfWzVryHUigEuiA7	\N	f	Journeys J&C Limited	\N	t	f
120	!im7sOZwBjkuRAzJR7lXaJJ5bKglqcEOVFlERXSsT	\N	f	Elena Yushko	\N	t	f
121	pbkdf2_sha256$1000000$0hYWufKgFoU3lyQB5fNyag$A3HgbYx8Is+5a0nnhQ4OeNtNiPhA8ptnORFbD1UqLuM=	\N	f	Valuiska Elmira	\N	t	f
122	!bT8Pu7l8D7F2Xmk2WyZuMUV1o8YNOByDe2IJyyl9	\N	f	Kateryna Omelchenko	\N	t	f
123	pbkdf2_sha256$1000000$e12pBut3wHWYiPVDTWLUHt$q6N2iquNTaZT1Wnzzolgigkco52FvnD+9dRoCYo+mfQ=	\N	f	Yevgeniya Novikova	\N	t	f
124	!5NxU3zxskjRJPUzd4i7n8LzTACMFhJLuSH3X1Z8e	\N	f	Yuriy Tymchenko	\N	t	f
125	!xDfwVxi2Yf3VgF2az5NodtQHVOKbp1AFB6kI4gWS	\N	f	Maria Dobrovenskaya	\N	t	f
126	!kg19lYwqNbagQJRSRhfdnQWBrnxvTpGV1DF3XBs9	\N	f	Maria Rozental	\N	t	f
127	pbkdf2_sha256$1000000$a2uILs4ZNp9IrAXu6t0Wrx$m0o/l2BtwKQk+zsD1/Ih/XjnsArt6hEsoEGvbYxmplM=	\N	f	Vitalii Tomashevskyi	\N	t	f
128	!6FIZNWT93CSOpT5g7j3RvsqbCA1tPnZvE7hCJfDQ	\N	f	Mariia Shalnieva	\N	t	f
129	!WNQbUUbqdhwn192M5zPcJHuAriBNTiHBmS1lvE7j	\N	f	Stefania E	\N	t	f
130	!XHV7T2WkmI9EG6Zm1AwtZQnn6MwFcCC56dP39ETp	\N	f	Rakovska Yuliia	\N	t	f
131	!sWXHWBGkLnKHLn51HjjI34OOJF4Sv9IhpkRJNU9i	\N	f	Ievgenii Iurchenko	\N	t	f
132	!IYmArWBv0Plrv3ZvPNK4GP1Zyt8Vai8dehGuEC0J	\N	f	Olga Uzlova	\N	t	f
133	!uiW5osF3qK1F0MAIfuzk44cWgT1VIBVxeG5uXBy5	\N	f	Pavlenko Yuliia	\N	t	f
134	!H5aSVIEGLmQ5dzaaiAVEvUglorGmC00PbRH5l472	\N	f	Inna Elsigood	\N	t	f
135	!9Ows0lrY5PpPiJubwYLBI5y0P7Chaf0Gr310Kexu	\N	f	Lika	\N	t	f
136	!FCuSnS5RYnCkeENEOIVkXMsgNDRKtAlqlb6mPiHP	\N	f	Dima Reshetov	\N	t	f
137	!soTLr3z7hbKiMRvTtIgz5yNSTkz8ffJJYCIb4Rdu	\N	f	Kobeletska Kateryna	\N	t	f
138	!8APWa88IXBg5rh514fWnjVAAxZBuWCxtHlmRoVtw	\N	f	Anna Sokolovskaya	\N	t	f
139	!7qLTsOmPqsDdQYo4oqGpeFhElTEvpNVtqBt79Xlm	\N	f	Kate Koeva	\N	t	f
140	!L2k7iJL5QDFiwn6vJ7Afsznr1ANmb5E7CgCHrdMX	\N	f	Maksym Kulaiev	\N	t	f
141	pbkdf2_sha256$1000000$bhi1V92iI1YTNYBlxPbywD$e+a87FHkIFVPrE3Roju37AbF3Nm4uElPfhKKUhN+KjY=	\N	f	Dmytro Vyshnevskyi	\N	t	f
142	!ZDHL6mHhfyUZfDCAcpf7lVlKxXKoZmrqfjqasqYs	\N	f	David Sottaev	\N	t	f
143	!F1hJZPIFiDNyW4ByX8gShJCEbCnrHgwPgK5pV1GK	\N	f	Boroy Lyudmila	\N	t	f
144	!lHDI7DC6RrOmMbrj9ysUkRnmUgXfG6YXvDygoYMK	\N	f	Lana Kravchenko	\N	t	f
145	!HOpwMZ1DsUGiw29j7QpSDJU9HHGgUfYwba6PoC1l	\N	f	Stacy Jarvis	\N	t	f
146	pbkdf2_sha256$1000000$Mhqvw0yMBMiN7MgoV0HlfG$EuIdmR3TA0ts4BaBPaBDCQTO/cehKFYurmeKEWY/3VA=	\N	f	Svetlana Derby	\N	t	f
147	!DjCQGLCM839grPIwMvUU3neeqhjZse4AiTiEuMKy	\N	f	Vera Kozlovska	\N	t	f
148	!wA8obDIhKM2S1FnMJxPQkqXthQb5FnV5unwWAWwl	\N	f	Alex Ternovoy	\N	t	f
149	!rVeNKKU4uqXgyYnkVvfuetj09emF8Gry32z8DmxR	\N	f	Tetiana Kostenko	\N	t	f
150	!d5rq8qE2BRpVRT6JOfIGf6ymMLIp4GrkTreOksOl	\N	f	Тetiana Minak	\N	t	f
151	!Op8QUJrBHFJKj9coAqzWQhDbumjC2U43kuoQXlGn	\N	f	Inna Musiichuk	\N	t	f
152	!j7DVDZwFQ5PddsENsNcIez2I3RCmMhXbn4fKHg89	\N	f	Vafa Imanova	\N	t	f
153	!RccYsu3EwiT8bwELNzE30TZJbeUXHaPVJErVtsGY	\N	f	Mariana Kostyshyn	\N	t	f
154	!JvMUDlM3yQ1J5o6aecN0O5UDmeSfVcuZqMEczCXe	\N	f	Natali Tspi	\N	t	f
155	pbkdf2_sha256$1000000$m0FiOV4WobuNfgZyRNfy6V$Vm8g6euThoqJ+gWMskw27ZV8CsCi5Uo1kEDeSD+lucc=	\N	f	Liga Slizevska	\N	t	f
156	!xC9hocdJaaCrdycMxfLtfIjIujhv14GbzvCMKN4A	\N	f	Butkevych Yullia	\N	t	f
157	!z2DhvzkCYShXVxOyOaYUEFkXWOaf6bD3q7fPUjv5	\N	f	Alona Sorokina	\N	t	f
158	!s3IzDCmbcj4oSU5qAhzwpomTajGK6dXrW6ZgVfPh	\N	f	Alessia Jarvis	\N	t	f
159	!pXyzgKY2fkf4FmuUJtJ6TuA1oJImjaxbcRIzCzKh	\N	f	Nataliia Trybel	\N	t	f
160	!1nevy61kLyVHw85B2EMWEnZVRDvjm5hPX52lNp2K	\N	f	Matiytsev Tetyana	\N	t	f
161	!FxlLzgWYbCfHBeLfKwzhuM94AAvs3JSmEmmldh6z	\N	f	Lena Gorban	\N	t	f
162	!jcq9L4ruS4IN3YUJkNMor2bQogxphh8bBzyxqtR9	\N	f	Yuliia Prots	\N	t	f
163	!OEEfJ9vghPr5euCNUNxfJMUlmzWzYb0VCuVEhBfZ	\N	f	Anastasia Bagley-Murray	\N	t	f
164	!Q46hOanW4qkXddMSymXFxOKmr2WraGRQ8xnwpwxK	\N	f	Jevgenijs Torcikovs	\N	t	f
165	!ybfot9KMyFD1VdfMYqZ5IjwWCQFK9D02oFyq43Zs	\N	f	Jevgenija Rumjanceva	\N	t	f
166	!MyQ4nGKGLr9jGif2onlv7cpe8leOYYlWxVTpvJJo	\N	f	Vjaceslavs Geiko	\N	t	f
167	!0Cg0hveX9Huv6lroLFvjEx428r3NeVkIJf0TGBP9	\N	f	Maryna Linda	\N	t	f
168	!2U67YVwpT3msHgk1oIjb6YyzKyOClxa4wPPH0e7W	\N	f	Daria Ison	\N	t	f
169	pbkdf2_sha256$1000000$McUz7XVz1KAi6qJrpyFC2n$n7HXDzidFyJuvhJgtDSUv5Gfrhmsbs60F0XE+YbXhtI=	\N	f	Irina Pietrushka	\N	t	f
170	!TqsGYwzW6OMVat1fuio71Kak3xiVVDYgbANEf7rE	\N	f	Varvara Deliuk	\N	t	f
171	pbkdf2_sha256$1000000$CHBjtJ27shLoniv0ANPmWc$6oFkns8oHFDCHwImCTEgT8KkvaMoHKnz2nJz8TyFvoU=	\N	f	Ainura Dalbaeva	\N	t	f
172	!md6aRdaBzBTJE5U0tA6YzzMhzTthKseZLKKYXKDT	\N	f	Olga Kombeiz	\N	t	f
173	!WAgknjV2BvYw7yhfcyRcUEtX2QSd13Nerzu7rBNC	\N	f	Irina Prishchepa	\N	t	f
174	!saNZCoyvAN5PKHbhMe7zLnz1661BSzo7t2saKUks	\N	f	Mykhailo Yeromenko	\N	t	f
175	!lHfLUnB2lqCIcMmv9Z3vQGG02E9Gm71W4og9ZukL	\N	f	Elizaveta Slyva	\N	t	f
176	!dNT0JmOhlS9GasWzrFZZRkaoqDkK5SvbdXhysAcA	\N	f	Suzanna Levina	\N	t	f
177	!GrInlwng1dIIymrb2sNUJYwKaCgzM79Yur8bMiKp	\N	f	Oksana Lapina	\N	t	f
178	!zxuJdqotoXotjXHMCHLNHp1VwuUZKSYPMsGnf68Z	\N	f	Andrii Semenenko	\N	t	f
179	pbkdf2_sha256$1000000$oiAKFP3PALsEvtn8vPGs8o$mXsUHxMRqaipaWfEzm/OlQaBRdbY7vb5Jn/O5syrp7Y=	\N	f	Redko Yuliia	\N	t	f
180	!DgP0CDjl50CKEXOcftatotSzhIXiFoIXe9AosX6t	\N	f	Maria Dmitrev	\N	t	f
181	!B07y8nrtJo1iSo3Z1344qbG9hpppPY4Ij0DWMarg	\N	f	Tetyana Skrychevska	\N	t	f
182	!YJ8AGREFNeo6n5sUCFcpTTI3BgUeQOj6tzZETSJX	\N	f	Julia Foxwell	\N	t	f
183	pbkdf2_sha256$1000000$MepuEw8m4j3mSskOtGWQXG$FVx2a2kry0MC3mjgHZyB83vWGY8a5HJ83ziddrPRG4A=	\N	f	Tetiana Avramchuk	\N	t	f
184	!5TMapRYYQorAc4TfSfepJ0zG3A7CKSh5Tp23Nvhr	\N	f	Mariya Lavruk	\N	t	f
185	!Fh2Ciqk1ry5gLk80B8M979KtNdZUQbrxUFrk53bM	\N	f	Yuliia BASNIAK	\N	t	f
186	!ObWhyz6eg7AIUXGAW3azp2p6zA97zeohFku4nnan	\N	f	Rudenko Vitali	\N	t	f
187	!VWUzkca3PlHVnpiF6EhxxXSNrBHQ0RgBLgPB0Int	\N	f	Kate Bohomolova	\N	t	f
188	!y5N833axol2o5XPb9Wm7bvQqgeU0vC73ON7qmfB5	\N	f	Ksenia Antonova	\N	t	f
189	!WLKbZ2qBWydx9LCOpaTp8yk9kw3noIz8MwSfgoHV	\N	f	Westminster City Council	\N	t	f
190	pbkdf2_sha256$1000000$uFgt3tQMiie6MOmHJYyARr$NoBnb7O9izGCAvN6KDWudScrEXesmdJIQw8JswhWJNs=	\N	f	"Ukraine Response Team with. Attention of Sam Connor"	\N	t	f
191	!KPwDFsjw4gnJrENeU9m8WEZef7rgNkQ4v8Lc28Fn	\N	f	Inna Sukhostavets	\N	t	f
192	!L1fRZcSnwnUU0lIGHlEyBWMiC6FlDjH206C3XNl3	\N	f	Tetiana Pajadiene	\N	t	f
193	!sHrUBGhSiIEtsBIDOuC91pG8Vrqy0ZbM0pt4LnZQ	\N	f	Andrius Volskis London	\N	t	f
194	!2NGKVw5bBsw9JHn1bgMHhp3MdvpdNkojXSlZOjW4	\N	f	Dovgalenko Eva	\N	t	f
195	!xagHbziiqOvtPtwxZb2XUtewq9Nmyf7G0zZcQOt1	\N	f	Svitlana Yanieva	\N	t	f
196	!sGJZQKv19nSMv9NVOLpzPV6XBvCPKIP12TbyurDT	\N	f	Alyona Tkachenko	\N	t	f
197	!aRlcF0Kztf3bFQGBqEkJlyFBONG4mRBpXTkkk6vU	\N	f	Anna Bondarenko	\N	t	f
198	!cyjW7YCgN2yvuUkLsj72TB3gKUAkSjRWigqgM3F8	\N	f	Fetkulina Lilia	\N	t	f
199	!z7NPID779TBqCYIcdVHAOTDkIZoDxg453mkfxaVv	\N	f	Ira Golan	\N	t	f
200	!cD4LxKUTJpnsdqI41hM5j8NRD5JhAGsmDdvYWMxZ	\N	f	Kritchyna Oksana	\N	t	f
201	!BUPo4Cf2FuK80jTJlUEfsqU5UDP6btq4mMJFnZgD	\N	f	Oleksii Kapustnikov	\N	t	f
202	!H0kgiXht6P1dQwjqpOVmDHtlfQAM7S4fUa5oJXAR	\N	f	Ganna Semenenko	\N	t	f
203	!cuRj6Tg4VSzrYTaZniKDvEYsAykrvupStASkB1SX	\N	f	Olga Berdnikova	\N	t	f
204	pbkdf2_sha256$1000000$pp5tP4y6nf5gI4ZS7m6bq2$xa3RdNd5AplTtPSr0EvgtS6SGkWOWuRqZ45xyhgEIXM=	\N	f	Natalia Kremen Ballet School	\N	t	f
205	pbkdf2_sha256$1000000$1EE6JznVQiYJnlLGN6PFzt$II6rjMUrO0P6/Xbxfk4VR5EcbwfycvDduiQmq0+LepE=	\N	f	Belan Maria	\N	t	f
206	!wrC1hPECxmJY24qhUeekUCCwu3u4t3bMBebL6nnI	\N	f	Anna Lokoglu	\N	t	f
207	!jtXYAOSlM5iA2rreWPPVfmw3V4CVcLYXFD2U8D4N	\N	f	Svitlana Lushnikova	\N	t	f
208	!bPDky96nXsiESNqqEsjUqAEzRzL8d84gYknN17YU	\N	f	Diana Lyubavskaya	\N	t	f
209	!yk7kqxMFpT4J7H3Frx7SL7N5H6Mw1xwQdsKGxgRF	\N	f	Vladyslav Shevchenko	\N	t	f
210	pbkdf2_sha256$1000000$mXj0Dh9YeaidqviiAPNS3E$pnbmSb4xU6xw5jyjMr2eFRx2narWjAP9Nd+y05KjIJE=	\N	f	Ed Hall	\N	t	f
211	!tZQh0qz2fzSti5x7lzF6h9ZuYJKUnfDKqpW5sklb	\N	f	Yevheniia Parkhomets	\N	t	f
212	!rxAbTs8uZeuLr6fWBl0Wdlie59elFRStiH5bCUBl	\N	f	Lesia Bodnaruc	\N	t	f
213	!nT53XLV2RzBxQi6LwgRs784qVvVa3SZb5Xwjv8en	\N	f	Julia Dovgal	\N	t	f
214	!654WrPTyaSOY31fU5BtBzS8voBj7NWr0sXVaQQ6u	\N	f	Inna Ptashnyk	\N	t	f
215	!a34x4dROG56X7QP2HhWXtxkmQYTHYid4h4Jjf6tf	\N	f	Tetiana Korsun	\N	t	f
216	!3uouvHw96owJOSIKR3UMFfVWrcNt87YfaGaQbYWv	\N	f	Yuliia Fedorchenko	\N	t	f
217	!rWSitxmAiPzvBxLtJJ7APYodAM6KyP6ZQ0bAnqf0	\N	f	Sergey Palchin	\N	t	f
218	pbkdf2_sha256$1000000$QbYdzHn7xdcKsGqjVPjOAy$gP8kEuCUEmsZSmBm0aGfw0O01G4X6XbFfzSMxCN68b4=	\N	f	Maryna Kornieienkova	\N	t	f
219	!jxlNFcAFLv0XsFmFPrjz1MYvlovCTYyBE3vqHRVi	\N	f	Myroslava Shchavynska	\N	t	f
220	!RpcvULNHqExkPoTWNnsZF1eia6n2ma8EaZGRslLx	\N	f	Viktoriia Busakhina	\N	t	f
221	pbkdf2_sha256$1000000$CjCUT1y5FCFFH718r9zJaL$GZYuMAMtdRhrStOnR+sF8EtSSbMLDnKf1wfHF3TF0/Y=	\N	f	Natalia Fedorova	\N	t	f
222	!JFTmBIx64R2C6rzKJaRTym3csYrehPgZXZ1dYSE5	\N	f	Ganna Kondratenko	\N	t	f
223	pbkdf2_sha256$1000000$07Dc2WTcgoi1fUDErBt6Gg$wc39Y/2Iat4+RAOfvl14rF7FfSexdzOF2W/vxbM14Wk=	\N	f	Irina Kushper	\N	t	f
224	pbkdf2_sha256$1000000$vbO4Cg5uJYPBUR8lEe5IuJ$sylQTXL15YKcHWMrvApDldn+EwjD4iFC7B6Igcj1U2k=	\N	f	Vladyslav Volkov	\N	t	f
225	pbkdf2_sha256$1000000$DMEYtO1MuHmyCCJfNqtVUO$9jMmxYWMFVn8PMljX7qxXEpi7JschEj1p+ppBXxmALo=	\N	f	Viktoriia Nykonorova	\N	t	f
226	!BLu6UB0sD5A4QSiwznCNxni5IpTFB2RrE0S5tRO4	\N	f	Uliana Leshchenko	\N	t	f
227	!XcZ75JsaM0TtCQdI28TEiyRsQ4j016yBaI8u3DD0	\N	f	Nadya Belova	\N	t	f
228	!Byh1BjfB0slRpKBWs7eX7KBRBS61pjjuYwrRUfsu	\N	f	Svitlana Yavtushenko	\N	t	f
229	!OitAZQCzTcEroD7usDyFpqnTLAGJdpvfZQJYnPBi	\N	f	Anastasiia Banatska	\N	t	f
230	!tSYOgATgpLF4aRu4FBJ2pmvrXMp8rhUx51osl9nn	\N	f	Jana Vladimirova	\N	t	f
231	!J6hdPa1oIHtMh6lwvnB9WcqmVyRb4h8re8TbShYW	\N	f	Diana Komka	\N	t	f
232	!aAx50rtD5aiTABSsJz7HbqsVErAxtKoMGPcEmyCa	\N	f	Yuzkiv Oleksandr	\N	t	f
233	!474sz8XJGgQKeq6eZPL2uUF3wsPzBfS9id5IEX5k	\N	f	Daria Melnikova	\N	t	f
234	!bqMLJHxiKDnRyzkzAcnPg5JVy9nVQi68AufyQ6Q2	\N	f	Edite Klevinska	\N	t	f
235	!uoAvSpl2q0dafRSas3TjuA0T997pRrW7TdWdQTIJ	\N	f	Svitlana Harris	\N	t	f
236	!2sqAa1hRXdTNckVLUyvKYLdyEikjXgl9IV6orPFe	\N	f	Yuliya Raphael	\N	t	f
237	pbkdf2_sha256$1000000$r1SP8sX9V131ZrAK45wril$XcndokI4F2Vn1poSa1oSELTnM/bf7W8+2x+/dseYkBk=	\N	f	Olha Haponenko	\N	t	f
238	!FmzXGkLPSUQ6kE71CxvdHLmnarauadVPRfh8nQ5y	\N	f	Anastasiia Horbatova	\N	t	f
239	!VoEEnXKRlYIhIgDR7WY91omfTRrNwkGcBPlchZen	\N	f	Maria Balyiska	\N	t	f
240	!WwTFYkVGLaU26LDw7t1ZkUICKbOi3ZTjC1h8d0eu	\N	f	Artem Malakchy	\N	t	f
241	!yrVfsG03QKpgn1UZFDFHlnjE8QvaKcZ9RDEMkGmb	\N	f	Svetlana Abelene	\N	t	f
242	!nIYdfLeKfc4EHGdLtvURWhfFjIpr1iRdmm3ncLVX	\N	f	Andrei Ponomarev	\N	t	f
243	!PisqIqvDpPr7iwAi2OhZOoCRgADtZCUtbESOYFm6	\N	f	Vitalii Avramenko	\N	t	f
244	!sYCDproZUppeJDKAVLYpvYxM2qFPccdjkfUxtwhy	\N	f	Ina Pulford	\N	t	f
245	!I0Up5RG0dbZF33nfDKbbh9Y0qiQVviyNrJtDj1V9	\N	f	Rassokhina Ganna	\N	t	f
246	!HcHsTBUHT09uCkfWLEqiHN9FnsCVnyoEj3HRzqac	\N	f	Natalia Grigoryak	\N	t	f
247	!cFnt9J7Sskbzdv6PZ4rPvLu9drEulVXOoUaGEaLn	\N	f	Elena Melnik	\N	t	f
248	!Nv67KmtshQbrcX7oQ9pWxyI33Olz2giWmc2TEuJI	\N	f	Liudmyla Starobor	\N	t	f
249	!xWdi70U5ZLUrldoaUY4czW4eiGpwavRV6ugEfb5t	\N	f	Uliana Peresenchuk	\N	t	f
250	!sgi05LXdIoNiJvcj1T0NyJO83DjiWIrRokfScldp	\N	f	Natalie Johnson	\N	t	f
251	!2kwPy0N3Si01YVwVfFaG8xL2ejazyRJsQEwoIZNJ	\N	f	Hlushko Oksana	\N	t	f
252	!9QvOGU7Whh0txqz8CsPomwnSGPHl9Ft995PkcbFP	\N	f	Ekaterina Bulatova	\N	t	f
253	pbkdf2_sha256$1000000$ZbFIxTjtGBtwv54OaWISaY$rCDn5T1jnE64QJI0EmcrwbMOpg6ZtPorV3MIAtsCUpY=	\N	f	Natalia Shevchuk	\N	t	f
254	!e4ZKKcPWdvrBJaXYsTspuUZe56T3ktcAUsESwKzl	\N	f	Yuliana Kuzemko	\N	t	f
255	!GmHj7wdaxibSLluWZTFZL8Iybu38M1bgUq0ev9UF	\N	f	Tatyana Chmyhal	\N	t	f
256	!IL9G86xo5PIeWsZt8tcZ0o56k45MbPvFwJ8S7pfh	\N	f	Olena Bondarchuk	\N	t	f
257	!3LnSzmOcVQwCF2jJCLRMIdo2XrXkWNfNPUUSoUNe	\N	f	Tatiana Gapontseva	\N	t	f
258	!hW4uFipCbroLj1jyn351E2kpHK7g0EL6oIZeU4ta	\N	f	Victoria McClurg	\N	t	f
259	!6wcNKfLCX4GIL2M1PNlHcPX8pQ3jmZ5d6QU93aFB	\N	f	Ella Gasan-Zade	\N	t	f
260	!FzjcWbIpxRgtFhz6D0GjKeQNdgSAsFBOu4MQI5bc	\N	f	Kseniia Osetrova	\N	t	f
261	!suhNYOLnXRbUnKVfbbdyoaUIsJin0KMhfKhllMhA	\N	f	Viktoriia Povoroznyk	\N	t	f
262	!SapKsHvDtCFRpP8mAbL9QShIHKU8ZwY5UthGW7fp	\N	f	Larysa Taranenko	\N	t	f
263	!oM3lUUeTZkaGspZaK13lybMueg7wodhmyUHyEeuE	\N	f	Veronika Ponomareva	\N	t	f
264	!jddObUHOmFt0oQR2kZCWJBS5Vykw7gktHxPklmuF	\N	f	Inna Bondarenko	\N	t	f
265	!fZMwtXPxihpGK0mGeC7msXGw6nVycFKmA07cl7Yp	\N	f	Yulia	\N	t	f
266	pbkdf2_sha256$1000000$fXkxZI7yHtXdVMsnFMmwDN$Wh+0INsdS9YXbNnMzWuKTO+B1DD4FPrBIN9CdAm5dW8=	\N	f	Elena Semenenko	\N	t	f
267	!vccaqoXOCJFqDFxvS2QBNCRqqijX0ALCYMVCH07g	\N	f	Natalya Gudanich	\N	t	f
268	!uDjzwC0Sl4YFmh90hqrMIhJ6KgWKlwylcvVTywXw	\N	f	Anastassija Johnson	\N	t	f
269	!1hW951NRPyYihkX1agH4OpKOnzJEGbIEoYQveFMS	\N	f	Olessya Labutina	\N	t	f
270	!0du5RuHTG0bsm1kGucYxHmMENZn18XGM3r4CBKMe	\N	f	Anastasia Kuznetsova	\N	t	f
271	!SNezqCt07a9bxtiiAgdJt5WfS5ixpGq6bS0Hlo8U	\N	f	Olesya Kiseleva	\N	t	f
272	!KRg7F0QesRn0JNWSvyrnPlXwM2N5ho9dB8pxJPK0	\N	f	Iaroslav Leventir	\N	t	f
273	!G5OO1U6K14ftMLwJ4k2OclbtV8QO5fFTXIGCD59D	\N	f	Natalia Moskaleva	\N	t	f
274	pbkdf2_sha256$1000000$Ic4RExWeyhSkNuExlq81zZ$2pNFkh6s2f5V8Ij9/3ZqQtIvHMLZsSV/C0Bci1ls4g8=	\N	f	Larissa Dasenko	\N	t	f
275	!lTSHXrWYvy6AxaTe60fMdcp1nPpwwD5TqBzdTSzi	\N	f	Angelina Vlasenko	\N	t	f
276	pbkdf2_sha256$1000000$Py4nFsALAMcBavy4vv0Tcs$2U0p+9/SeSx2eA4V3C49dHrGkEaXx7z41hVbf84/Hrg=	\N	f	Irina Leskevica	\N	t	f
277	!s3QnqxpONKAIA4sL718NyqloIMgPwAPQB7ukjAn7	\N	f	Tetiana Rudkovska	\N	t	f
278	!Su6qVLp0oMBuGXCXbXEZhF6LnAPTzPuSD7RFI66R	\N	f	Ruslana Nesterovska	\N	t	f
279	!1haC31w9uV7fwJElMLOQ88GJWnrdY1XfQkhkgVwe	\N	f	Svetlana Dudkina	\N	t	f
280	!ufmHFu49c62nEH8Qx4lN5fIydz7y0ggLqVh3MCgV	\N	f	Pogorielova Olga	\N	t	f
281	!sPqkTaoY9zC8mp07NMfKnQTTGaBnSKez9zsKusvi	\N	f	Tetiana Ivanchuk	\N	t	f
282	!VO4WyBjt7CE0VfFd2dcL86yPioGGb1k2flCThkpZ	\N	f	Borshchenko Iryna	\N	t	f
283	!PFPdgb7F7NLjOAKg5oTHb5UQibJ0UiAQcA0DVCbZ	\N	f	Solomiia Kuts	\N	t	f
284	!WksrDX7EtsS4ddenQiRNZNhc3LijwiNBRmMhy7NU	\N	f	Oksana Lubane	\N	t	f
285	pbkdf2_sha256$1000000$4MbZxWCW3UZc0ch8sJlBAg$t62yC2/O44qeQX6q8JK4KO35mPJM5Wph5TRD7zwN3BM=	\N	f	Lana Zion	\N	t	f
286	!vX4mjn9gY2SO3E7GsWbUkO32n1W4zWHievSVBJwV	\N	f	Sofia Isakova	\N	t	f
287	!9hO3OYhqFojXCBftOXXycHtV9nSJ5ZH1dal2K9qV	\N	f	Ludmila Nikolenko	\N	t	f
288	!F5VGXugBC8u07o4OBfnU6EbfscxW4ZQnbFe8N2zq	\N	f	Oxana Trevisan	\N	t	f
289	!OIpHAIIYXm0rR6u5coj9HAltJS4CHOLFJmwvuRE7	\N	f	Kaminska Oleksandra	\N	t	f
290	!9B4GgEIk55DhU7SrUjmwcpgWKWGmTuSmY2daAewA	\N	f	Kestutis Grigoravicius	\N	t	f
291	!qXZLpidmZ3C7bwFUzJuorvwVICg89BaQUIrWgpJi	\N	f	Olga Szombathelyi	\N	t	f
292	pbkdf2_sha256$1000000$Bh81Hl2sRcb59HJPFwrmum$A6PcQ4V1oQR7SAJma9xwCS4yeYVpX48tjO3+4jrMimQ=	\N	f	Valery Lawyer	\N	t	f
293	!ybEuGKLGVSXiAAvcn5c9fH3SVlHhvJvDC8YlHj8v	\N	f	Ljudmila Pavljuk	\N	t	f
294	pbkdf2_sha256$1000000$KyxHMD16xOEWEwnBgAbs83$Iu6NZ+JNddgCpG1BvsFaextRymlkWrRxIVHR1msWFpQ=	\N	f	Hanna	\N	t	f
295	!6bp1rbE7oG1N1iZHOkb7BHHl8hGH5vYEdBSSq5pc	\N	f	Irina Potieieva	\N	t	f
296	!0X7UfDrpbt6fw9PuPtVnXw8TxAyBaktCLWZDHWPr	\N	f	Lia Lapouridi	\N	t	f
297	!Q7M6xSauwGaxj2nB9BnOqxCEG5HrsRafrYwFwGt4	\N	f	Boroy Ludmila	\N	t	f
298	!ZFrtQOfjFDXlcSCOUdRhXJD1Nxmx105qD5jWagiF	\N	f	Edita Sersniova	\N	t	f
299	!xeMxAUNyKMf1vZqApIQxgF6jvrs5U2CBRcx0Cds8	\N	f	Darya Senchenko	\N	t	f
300	pbkdf2_sha256$1000000$GYfXIU1MBzSt5m7aKVRBip$50V+o8FaEbl69jZwTW5JZfjhFmbd2dnvTyfIq2YCW+k=	\N	f	Tatiana Artemeva	\N	t	f
301	!AxORq8n1qAR0tTuCvIO4rZ81U0FL0gI30OKNuZcb	\N	f	Alina Romanenko	\N	t	f
302	!2uEW0HWp8SFOtlwHvLpH79rsKVjIZS58ASNYWPOf	\N	f	Ruslana Davydchuk	\N	t	f
303	!UfYm7hXhbsMyUSnszkdFVhEVzEbcxeK44RjHgceZ	\N	f	Nikoletta Dorogij	\N	t	f
304	!qGFshRq88NwPk6ksayF4MIwgGNwcxI8dXx5LX49q	\N	f	Nataliia Doaga	\N	t	f
305	!vb8JZMB3nsPJIXlVuCHOpZt2SbxouKFyLdSdJ8sI	\N	f	Kashchuk Natalia	\N	t	f
306	pbkdf2_sha256$1000000$vC3gFeI4NiLkNcBcuu4P7O$6wXkChLt4yXuNmboeSxY42pUEU6uqIFiOxm7gJ58Cn8=	\N	f	Mila Plotkin	\N	t	f
307	!gat53OSFJExqH9BNzgLLgEKZUYSQuYTfMHIsHLWd	\N	f	Leister	\N	t	f
308	!IcifYeuOYdIXYbvpVEENSL8QulJAauYI5VO9yXNA	\N	f	Jekaterina Petrovska	\N	t	f
309	pbkdf2_sha256$1000000$yuEkJnYypGW1kStpkhw7tt$fMdAyQ5XdMgHdT1FmucJR6WVlV3XoQi6ESl+ROKCpME=	\N	f	Elena Berezka	\N	t	f
310	!3dCwCdgCAfNYMwyi3YLUuL9WAcCmmZ5FOfnJdPx2	\N	f	Olga Mazurenko	\N	t	f
311	!ZywuUbq86DHQLTkvUg2k71kaUphBGctbhf2ZqOn4	\N	f	Inga Bliudziute	\N	t	f
312	!TtMZySiniXJV8USSucKhVmoY63LnCkE6mtLVbAb0	\N	f	Diana Dudiak	\N	t	f
313	!4zhh8K3biec5InkG5oUcKoSStr4haNjBfh6I6Xol	\N	f	Copper kettle cafe	\N	t	f
314	!odTO5OQK5tO9vRUmCrSwSkHMhzOtCXPUr6UlLQtx	\N	f	Vitalii Konotop	\N	t	f
315	pbkdf2_sha256$1000000$EdweS8x5mBpnGtVjwLyo4A$EYM3NXaFi93HDqsFFFWnm9MosN2Fos86M7DJICOClrI=	\N	f	Virsaviia  Ivanenko	\N	t	f
316	!SrMEH0sLBaBs9gEN4FBSPc9QiXdr4ZpLGF4tsy5S	\N	f	Oksana Stowe	\N	t	f
317	!kwIikqjkyY8e2A97HttvQtxHttP6JTF3m8NLSMNw	\N	f	Khrystyna Urbanovich	\N	t	f
318	!g80DzcsFJaBEXsqctSrbrNLGztF7c93e47atsYsK	\N	f	Santa	\N	t	f
319	!FV2Hcvt7mhSwf4HwHe6YP05536AY1VgRmVAj5Z0v	\N	f	Maryna Korostelova	\N	t	f
320	!EcpoWxMO39NdaDn9tNgeQx93iroYgZUJW6uQk7qN	\N	f	Sergey Durov	\N	t	f
321	!JbsrF52SaKZXGi33gGRp18aDlmL942RkXztzSrMc	\N	f	Andrii Pyrozhenko	\N	t	f
322	!d7kurIkji8PXcnXj3XVLJVJlYwQPmBsxzn8esu0f	\N	f	Valeriy Bakumenko	\N	t	f
323	pbkdf2_sha256$1000000$5lhQxNbTHWu6ZGZXFGZRjN$NYpdvaV5q7z3WJQ1LnJQou7zDtDXhkeHDnXgG3Zk5Jk=	\N	f	Neberekutina Larysa	\N	t	f
324	!fuS9QNhlc27apA24bLuHU1w7Qeakgfkqa35VdAPh	\N	f	Okervill Nataliia	\N	t	f
325	!XilamuR1QdllAMSuISSAOK4S2OVD9CrQDGBIBJ6l	\N	f	Militchuk Maria	\N	t	f
326	!JUZN3pcUAS56hiSz4nHsNVoznAP3mr38ZfsOdbci	\N	f	Natalie Bukarina	\N	t	f
327	!b2jDNb9qnoVdfYAHyzT8lG5HF3ixwv5u7QAgEALU	\N	f	Yulia Sondore	\N	t	f
328	!SDD1MhCe3knwUcFJFR0AXYKmE3YkjNp5vNxnylZp	\N	f	Danil Vasilenko	\N	t	f
329	!90JvncOJPGZi6tprHko40rv970BR0VuUlMQByFvx	\N	f	Dariya Mykhaylyshyn	\N	t	f
330	!89zuOyY6cIvpjCZB1LHVsI94NChby9wn02bhxn3V	\N	f	Ianina Iegorova	\N	t	f
331	!GdV8mkdKzcoGS1RhwL2YsX74kqUfhow3HVDaGswy	\N	f	Olga Hewland	\N	t	f
332	pbkdf2_sha256$1000000$9sJnWWDoL4Z3IxjZ5e8EF5$1xP8k91sGZLOdcOExDO4Ap0RHxqI1fZqt6c3ORvQadk=	\N	f	Reznikova Yulia	\N	t	f
333	!xBu4rZfJeHTvflohNXaxFTtoB0fqaQLBoQDykjwO	\N	f	Anna Gavrilina	\N	t	f
334	!qIHglfLhxRZQKTByeoXPNVB9mgDz39oYv00Dl2MJ	\N	f	Maria Tumareva	\N	t	f
335	!rzC1a8sI7HkqMZK7rFeBQMqoCDRYJv3z9xRDiNwx	\N	f	Tetiana Verbytska	\N	t	f
336	!80bIaEiF1KelQxz5Wewx2CqiXrxpCBBeeO5LxCgc	\N	f	Iryna Stocks	\N	t	f
337	!poGE5TdpOXVdyQ8mY09hajD1ubhr6k4zQaW6T1ug	\N	f	Olga Hawkes	\N	t	f
338	!MR4m9saTjYqORetC6lBpgv7bHqB1CLBIOrv6ohlM	\N	f	Lasma Smeiksta	\N	t	f
339	pbkdf2_sha256$1000000$UWKp3PnxhvTGQuvBqXGK8i$jKlOWh7uJEbIcbFSg4HdNVR5dDaR0iEeyW33JuUp3J0=	\N	f	Sintyuk Maxim	\N	t	f
340	!4vEQbZ1qsu7G3r5H36y9bGgrl5nr4KQffvuRuUHq	\N	f	Nagzhan Orynbek	\N	t	f
341	!B2o3MmO0xLTzfETenKrHgnivyjUn396HmjABVHGp	\N	f	Igor Ghicavii	\N	t	f
342	!1d6J2zCYJSY6jAtKuLQKd4ME9J0kZa1YdIzy8Iof	\N	f	Uliana Sokhan	\N	t	f
343	!bM8rA8MRWqLfwGe17hn43MeGzPhdH0hvnKPysMLm	\N	f	Zhanna Gazizyanova	\N	t	f
344	!0YW4uXT9NG3kNLE9amQdWWOK6AGAm20apAH8h45S	\N	f	Ihor Khonii	\N	t	f
345	!F2RoYcOo73wC8kVBZ93oNZD78PqcsNXtPN7m8NMf	\N	f	Kristina Gracheva	\N	t	f
346	!QbYjIOvvvJ9Hf6LeKbHvNpBccD8WL9ngudpz471n	\N	f	Yana Jacobson	\N	t	f
347	!YDtTHJScgRIBe7GRiEu6F366yu3MTmD4wwh398Qq	\N	f	Anna Andriushchenko	\N	t	f
348	!01NbsMlGxB6YomCF9akb0uIo1ZX9Y0YK7qai1AMi	\N	f	Natalia Nilova	\N	t	f
349	!2rCjWjuS3QEwUi3wBqBD5JwLVFEOHK1ZyUw2ckRl	\N	f	Anastasia Mustafaeva	\N	t	f
350	pbkdf2_sha256$1000000$IJMteWLv0FwljYS6kWaSnO$al6IIJzDM6u2xS4mbCj21kcoQUIEmXyBTiPFASpCiVg=	\N	f	Sofia Vasilega	\N	t	f
351	!ENZBLo56Ns0X0UZmiHHCpcBhV6GapOW5wKEDs2f0	\N	f	Natalia Aicken	\N	t	f
352	!nk8vISdXhqs6LFG3N5XhLqqR2onxRd6OLB8LIRuh	\N	f	Kurianova Olena	\N	t	f
353	!3jJq6sYEmOMcVVciVtimCqG0iGEssVUA7z25c2uw	\N	f	Svetlana Bilous	\N	t	f
1	pbkdf2_sha256$1000000$FYhmzc1kAz14tON0kSA7ir$PpliwprZVvChMlY8gmSRcjdh0teCf+1w6PLcaFs84ZQ=	2025-09-19 23:28:53.772815+00	t	root	\N	t	t
\.


--
-- Data for Name: account_customuser_groups; Type: TABLE DATA; Schema: public; Owner: postgresuser
--

COPY public.account_customuser_groups (id, customuser_id, group_id) FROM stdin;
2	12	1
3	38	1
\.


--
-- Data for Name: account_customuser_user_permissions; Type: TABLE DATA; Schema: public; Owner: postgresuser
--

COPY public.account_customuser_user_permissions (id, customuser_id, permission_id) FROM stdin;
\.


--
-- Data for Name: account_profile; Type: TABLE DATA; Schema: public; Owner: postgresuser
--

COPY public.account_profile (id, phone, notes, address_id, user_id) FROM stdin;
11	+44 7516 398983		11	13
12	+44 7415 855118	London	12	14
13	+44 7380 613662	London	13	15
14	+44 7446 475304	London	14	16
15	+44 7543 643910		15	17
16	+4407342241001	Cambridge	16	18
17	+44 7501 587307		17	19
18	+44 7853 671580	Cambridge	18	20
19	+44 7984 741243	London	19	21
20	+44 7832 016322	Cambridge	20	22
21	+44 7831 543650		21	23
22	+44 7401 537024	Sutton	22	24
23	+44 7706 944111	Reading	23	25
24	+44 7445 555936	Не звонить/стучать в дверь	24	26
25	+44 7393 826752		25	27
26	+380 66 821 7306		26	28
27	+44 7827 267070		27	29
28	+44 7393 571802		28	30
29	+44 7384 503899		29	31
30	+44 7736 320403		30	32
31	+44 7736 320403		31	33
32	+44 7355 918558		32	34
33	07831 994838		33	35
34	+44 7746 287915		34	36
35	+44 7518 130219	Самовывоз	35	37
36			36	38
37	+380 66 030 6562		37	39
38	+44 7510 925029		38	40
39	+44 7551 126352		39	41
40	+44 7740 008869		40	42
41	+44 7342 108615		41	43
42	+44 7702 409678		42	44
43	+44 7376 942377		43	45
44	+44 7565 135217		44	46
45	+44 7456 227736		45	47
46	+44 7498 218507		46	48
47	+44 7391 420180		47	49
48	+44 7876 470579		48	50
49	+44 7539 856658		49	51
50	+44 7305 730836		50	52
51	07831783129		51	53
52	+44 7379 493320		52	54
53	+44 7917 175204		53	55
54	+44 7341 956440		54	56
55	+44 7787 788159		55	57
56	+44 7565 889367		56	58
57	07498479816		57	59
58	+44 7510 835494		58	60
59	+44 7861 672381		59	61
60	+44 7595 512934		60	62
61	+44 7449 750809		61	63
62	+44 7792 738033		62	64
63	+44 7419 772401		63	65
64	+44 7471 305988		64	66
65	07770023116		65	67
66	+44 7748 230749		66	68
67	+44 7887 240457		67	69
68	07785410907		68	70
69	07464005852		69	71
70	+44 7470 017974		70	72
71	+44 7467 822786		71	73
72	+44 7516 786675		72	74
73	+44 7359 385908		73	75
74	+44 7977 840725		74	76
75	+44 7467 832982		75	77
76	+44 7703 129633		76	78
77	+44 7393 400356		77	79
78	+44 7983838808		78	80
79	07768650094		79	81
80	07918708587		80	82
81	+44 7359 220511		81	83
82	+44 7874 272714		82	84
83	+380504900757		83	85
84	+44 7706 600017		84	86
85	+44 7557 193428		85	87
86	+44 7493 881720		86	88
87	+44 7868 846414		87	89
88	07780040870		88	90
89	+44 7719 760077		89	91
90	+44 7775 575780		90	92
91	+44 7729 832239		91	93
92	+44 7502 886296		92	94
93	+44 7555 541093		93	95
94	+44 7742 682380		94	96
95	+44 7442 891121		95	97
96	07379061139		96	98
97	+447443772614		97	99
98	07784323277		98	100
99	+44 7563 173263		99	101
100	+44 7727 171508		100	102
101	+44 7833 825473		101	103
102	+44 7435 460087		102	104
103	+44 7564 049043		103	105
104	+44 7927 497625		104	106
105	+44 7477 154532		105	107
106	07534087350		106	108
107	+44 7481 092370		107	109
108	+44 7731 389797		108	110
109	+44 7542 546476		109	111
110	+44 7432 157498		110	112
111	+44 7581 078465		111	113
112	07983027346		112	114
113	+44 7398 198776		113	115
114	+44 7703 696968		114	116
115	+44 7392 002086		115	117
116	+44 7800 525125		116	118
117	+44 7479 706010		117	119
118	+44 7957 941155		118	120
119	+44 7376 885764		119	121
120	+44 7538 960712		120	122
121	07887303788		121	123
122	+44 7876 576940		122	124
123	+44 7715 068654		123	125
124	+44 7580 149505		124	126
125	+44 7494 932807		125	127
126	+44 7395 299880		126	128
127	+44 7597 509862		127	129
128	+44 7578 169854		128	130
129	07879236684		129	131
130	+44 7392 841919		130	132
131	+44 7445 538935		131	133
132	+44 7432 201027		132	134
133	+44 7479 994999		133	135
134	+44 7882 065444		134	136
135	+44 7473 904042		135	137
136	+7760356317		136	138
137	+44 7588 021532		137	139
138	+380 50 444 6443		138	140
139	+44 7951 845635		139	141
140	+44 7538 323871		140	142
141	07435 512528		141	143
142	07438977098		142	144
143	+44 7729 248147		143	145
144	+44 7542 098029		144	146
145	+44 7583 727333		145	147
146	+44 7846 757525		146	148
147	+44 7393 803244		147	149
148	+380 66 982 5067		148	150
149	07857 287 969		149	151
150	+44 7710 036160		150	152
151	+44 7930 248806		151	153
152	+44 7581 747281		152	154
153	+44 7770 769450		153	155
154	+44 7455 020121		154	156
155	+380 96 948 7212		155	157
156	+44 7919 323652		156	158
157	+44 7526 160538		157	159
158	+44 7787 023386		158	160
159	+44 7862 831232		159	161
160			160	162
161	+44 7737 376023		161	163
162	+44 7956 215550		162	164
163	07470133692		163	165
164	07881090834		164	166
165	+44 7365 115084		165	167
166	+44 7826 389831		166	168
167	+447466687253		167	169
168	+44 7865 041535		168	170
169	07443497782		169	171
170	+44 7742 720376		170	172
171	+44 7553 643562		171	173
172	+44 7903 502440		172	174
173	+44 7778 624148		173	175
174	+44 7778 228533		174	176
175	+7 903 684-46-92		175	177
176	+44 7542 952790		176	178
177	+44 7384 568354		177	179
178	+44 7909 927748		178	180
179	07424325690		179	181
180	+44 7825 176622		180	182
181	07455871415		181	183
182	07729390589		182	184
183	+44 7519 440057		183	185
184	+44 7903 676593		184	186
185	+44 7903 842497		185	187
186	+44 7526 398427		186	188
187	+44 7971 026278		187	189
188	+44 7971 026278		188	190
189	+44 7342 167302		189	191
190	+44 7415 400053		190	192
191	+44 7463 044484		191	193
192	‪+44 7442 703759‬		192	194
193	07932465643		193	195
194	+44 7398 570035		194	196
195	+44 7716 424636		195	197
196	+44 7923 444982		196	198
197	07791235930		197	199
198	+44 7467 606813		198	200
199	07493 497987		199	201
200	+44 7401 906470		200	202
201	+44 7500 644467		201	203
202	+44 7525 932842		202	204
203	07385713381		203	205
204	+44 7732 791925		204	206
205	+380675663938		205	207
206	+44 7950 925559		206	208
207	+44 7778 630354		207	209
208	+44 7816 144586		208	210
209	07470489721		209	211
210	+44 7587 604918		210	212
211	+44 7391 639688		211	213
212	07833 346001		212	214
213	07493492839		213	215
214	+44 7848 894174		214	216
215	+44 7385 246446		215	217
216	+44 7888 843039		216	218
217	+44 7988 855345		217	219
218	+44 7576 996685		218	220
219	07766 590838		219	221
220	‪+44 7442 097874‬		220	222
221	07401785176		221	223
222	447361730446		222	224
223	7442091264		223	225
224	+44 7754 613381		224	226
225	7732 296556		225	227
226	073 933 58 490		226	228
227	+44 7988 589747		227	229
228	+44 7825 267908		228	230
229	+44 7411 979525		229	231
230	+44 7459 164018		230	232
231	07863758978		231	233
232	+44 7411 456144		232	234
233	+44 7813 039889		233	235
234	+44 7745 159734		234	236
235	+44 7442 084840		235	237
236	07464626412		236	238
237			237	239
238	07471701094		238	240
239	+44 7415 266603		239	241
240	+44 7882 849078		240	242
241	+44 7502 152667		241	243
242	+44 7496 002180		242	244
243	+44 7759 028083		243	245
244	+44 7723 446530		244	246
245	+44 7827 838345		245	247
246	+44 7831 688913		246	248
247	+44 7518 134842		247	249
248	+44 7780 971271		248	250
249	+44 7880 363704		249	251
250	+44 7557 041148		250	252
251	07392951990		251	253
252	+44 7407 260508		252	254
253	+44 7399 346345		253	255
254	07909370431		254	256
255	+44 7732 128552		255	257
256	+44 7956 312021		256	258
257	07445511045		257	259
258	+447895248029		258	260
259	+44 7795 033635		259	261
260	07401993646		260	262
261	+44 7378 953018		261	263
262	+44 7393 394778		262	264
263	+44 7421 799771		263	265
264	+44 7703 137962		264	266
265	+44 7472 389989		265	267
266	+44 7487 262126		266	268
267	+447570514428		267	269
268	+447442185440		268	270
269	+44 7769 417656		269	271
270	07447938814		270	272
271	+44 7463 043339		271	273
272	+44 7862 885618		272	274
273	+44 7391 229632		273	275
274	+44 7865 552616		274	276
275	+447393113744		275	277
276	+44 7742 613597		276	278
277	07840358467		277	279
278	07789296777		278	280
279	+44 7950 103275		279	281
280	07442265689		280	282
281	+44 7724 240029		281	283
282	+44 7450 508341		282	284
283	+44 7546 120889		283	285
284	+44 7498 325145		284	286
285	+44 7887 301461		285	287
286	+44 7440787050		286	288
287	07958156973		287	289
288	+44 7922 681362		288	290
289	+44 7447 907063		289	291
290	7467 342221		290	292
291	+44 7474 870808		291	293
292	+44 7533 638667		292	294
293	+44 7599 616203		293	295
294	07388647607		294	296
295	07435 512528		295	297
296	+44 7907 670206		296	298
297	+44 7915 583385		297	299
298	07706598138		298	300
299	+44 7459 778420		299	301
300	+44 7424 540292		300	302
301	+44 7577 109297		301	303
302	07824962352		302	304
303	+44 7446 796484		303	305
304	+44 7905 057417		304	306
305	+44 7527 053322		305	307
306	+44 7527 053322		306	308
307	+44 7950 700003		307	309
308	+44 7598 476894		308	310
309	+44 7853 281700		309	311
310	+44 7440 267258		310	312
311	+44 7881 878527		311	313
312	+44 7498 215676		312	314
313	+44 7736 772243		313	315
314	+44 7947 936568		314	316
315	07471747876		315	317
316	+44 7815 718816		316	318
317	+44 7578 225996		317	319
318	+44 7496 037592		318	320
319	+44 7470 724702		319	321
320	+44 7392 844231		320	322
321	+380 97 238 6580		321	323
322	380636822459		322	324
323	+44 7424 946606		323	325
324	+44 7775 318182		324	326
325	+44 7447 549185		325	327
326	+44 7490 436337		326	328
327	07510730500		327	329
328	+447404244025		328	330
329	+44 7557 793221		329	331
330	7555836440		330	332
331	+44 7810 643097		331	333
332	+44 7568 615049		332	334
333	07856 239297		333	335
334	+44 7414 776369		334	336
335	07375373024		335	337
336	+44 7955 906776		336	338
337	+380977690744		337	339
338	07463925846		338	340
339	+44 7414 623709		339	341
340	+44 7576 796262		340	342
341	07869 123122		341	343
342	+44 7547 153859		342	344
343	+44 7307 548229		343	345
344	+44 7860 804803		344	346
345	+44 7492 522 349		345	347
346	+44 7887 951609		346	348
347	07365119412		347	349
348	+380 68 174 3626		348	350
349	+44 7809 674269		349	351
350	07493802204		350	352
351	+44 7472 668861		351	353
\.


--
-- Data for Name: api_order; Type: TABLE DATA; Schema: public; Owner: postgresuser
--

COPY public.api_order (id, notes, delivery_date, status, customer_id, invoice_link, delivery_fee, order_date, is_home_delivery, delivery_fee_manual, discount) FROM stdin;
9	В субботу до 11.00	2025-07-05	paid	13	invoices/order_9.pdf	10.00	2025-06-30	t	f	0.00
10	В субботу	2025-07-05	paid	14	invoices/order_10.pdf	10.00	2025-06-30	t	f	0.00
11	Суббота утром	2025-07-05	paid	15	invoices/order_11.pdf	10.00	2025-06-30	t	f	0.00
12	Суббота до 15.00	2025-07-05	paid	16	invoices/order_12.pdf	10.00	2025-06-30	t	f	0.00
13	\N	2025-07-05	paid	17	invoices/order_13.pdf	10.00	2025-06-30	t	f	0.00
14	\N	2025-07-05	paid	18	invoices/order_14.pdf	10.00	2025-06-30	t	f	0.00
15	\N	2025-07-05	paid	19	invoices/order_15.pdf	10.00	2025-06-30	t	f	0.00
16	Без картошаи	2025-07-05	paid	20	invoices/order_16.pdf	10.00	2025-06-30	t	f	0.00
17	\N	2025-07-05	pending	21	invoices/order_17.pdf	10.00	2025-07-01	t	f	0.00
18	\N	2025-07-05	paid	22	invoices/order_18.pdf	10.00	2025-07-01	t	f	0.00
19	\N	2025-07-05	paid	23	invoices/order_19.pdf	10.00	2025-07-01	t	f	0.00
20	\N	2025-07-12	pending	24	invoices/order_20.pdf	10.00	2025-07-01	t	f	0.00
21	\N	2025-07-05	paid	25	invoices/order_21.pdf	10.00	2025-07-01	t	f	0.00
22	Не стучать в дверь.	2025-07-05	paid	26	invoices/order_22.pdf	10.00	2025-07-01	t	f	0.00
23	До 8.00 в субботу	2025-07-05	paid	27	invoices/order_23.pdf	10.00	2025-07-01	t	f	0.00
24	\N	2025-07-05	paid	28	invoices/order_24.pdf	10.00	2025-07-01	t	f	0.00
25	\N	2025-07-05	paid	29	invoices/order_25.pdf	10.00	2025-07-01	t	f	0.00
26	\N	2025-07-05	pending	30	invoices/order_26.pdf	10.00	2025-07-01	t	f	0.00
27	\N	2025-07-05	pending	31	invoices/order_27.pdf	10.00	2025-07-01	t	f	0.00
28	\N	2025-07-05	paid	34	invoices/order_28.pdf	10.00	2025-07-01	t	f	0.00
29	Позвонить за час	2025-07-05	paid	35	invoices/order_29.pdf	10.00	2025-07-01	t	f	0.00
30	\N	2025-07-05	paid	36	invoices/order_30.pdf	10.00	2025-07-02	t	f	0.00
31	Самовывоз	2025-07-05	paid	37	invoices/order_31.pdf	10.00	2025-07-02	t	f	0.00
32	\N	2025-07-05	paid	39	invoices/order_32.pdf	10.00	2025-07-02	t	f	0.00
33	\N	2025-07-05	pending	40	invoices/order_33.pdf	10.00	2025-07-02	t	f	0.00
35	\N	2025-07-05	paid	42	\N	10.00	2025-07-03	t	f	0.00
36	\N	2025-07-05	paid	43	\N	10.00	2025-07-03	t	f	0.00
37	\N	2025-07-05	paid	44	\N	10.00	2025-07-03	t	f	0.00
38	Суббота с 15.00	2025-07-05	paid	45	invoices/order_38.pdf	10.00	2025-07-03	t	f	0.00
39	\N	2025-07-05	paid	46	invoices/order_39.pdf	10.00	2025-07-03	t	f	0.00
40	\N	2025-07-05	paid	47	invoices/order_40.pdf	10.00	2025-07-03	t	f	0.00
41	\N	2025-07-05	paid	48	invoices/order_41.pdf	10.00	2025-07-03	t	f	0.00
42	\N	2025-07-05	paid	49	invoices/order_42.pdf	10.00	2025-07-04	t	f	0.00
43	\N	2025-07-05	paid	50	invoices/order_43.pdf	10.00	2025-07-04	t	f	0.00
44	\N	2025-07-05	paid	51	invoices/order_44.pdf	10.00	2025-07-04	t	f	0.00
45	\N	2025-07-05	paid	52	invoices/order_45.pdf	10.00	2025-07-04	t	f	0.00
46	\N	2025-07-05	paid	53	invoices/order_46.pdf	10.00	2025-07-04	t	f	0.00
47	\N	2025-07-05	paid	54	invoices/order_47.pdf	10.00	2025-07-04	t	f	0.00
48	\N	2025-07-12	pending	55	invoices/order_48.pdf	10.00	2025-07-07	t	f	0.00
49	\N	2025-07-12	pending	56	invoices/order_49.pdf	10.00	2025-07-07	t	f	0.00
50	\N	2025-07-12	pending	57	invoices/order_50.pdf	10.00	2025-07-07	t	f	0.00
51	Если суббота, то после 14.00	2025-07-12	pending	58	invoices/order_51.pdf	10.00	2025-07-08	t	f	0.00
52	Пятница	2025-07-12	pending	59	invoices/order_52.pdf	10.00	2025-07-08	t	f	0.00
53	\N	2025-07-12	pending	60	invoices/order_53.pdf	10.00	2025-07-08	t	f	0.00
54	\N	2025-07-12	pending	61	invoices/order_54.pdf	10.00	2025-07-08	t	f	0.00
55	На 14.07 самовывоз	2025-07-12	pending	62	invoices/order_55.pdf	0.00	2025-07-08	t	t	0.00
57	\N	2025-07-12	pending	63	invoices/order_57.pdf	7.00	2025-07-09	t	t	0.00
58	\N	2025-07-12	pending	64	invoices/order_58.pdf	10.00	2025-07-09	t	f	0.00
59	\N	2025-07-19	paid	65	invoices/order_59.pdf	10.00	2025-07-09	t	f	0.00
60	\N	2025-07-19	paid	66	invoices/order_60.pdf	10.00	2025-07-09	t	f	0.00
61	\N	2025-07-19	paid	67	invoices/order_61.pdf	10.00	2025-07-09	t	f	0.00
62	\N	2025-07-12	pending	68	invoices/order_62.pdf	10.00	2025-07-10	t	f	0.00
63	\N	2025-07-12	pending	69	invoices/order_63.pdf	10.00	2025-07-10	t	f	0.00
64	\N	2025-07-12	pending	70	invoices/order_64.pdf	10.00	2025-07-10	t	f	0.00
65	\N	2025-07-12	pending	71	invoices/order_65.pdf	10.00	2025-07-10	t	f	0.00
66	\N	2025-07-12	pending	72	invoices/order_66.pdf	10.00	2025-07-10	t	f	0.00
67	\N	2025-07-12	pending	73	invoices/order_67.pdf	10.00	2025-07-10	t	f	0.00
68	С 11.30 до 14.00	2025-07-12	pending	74	invoices/order_68.pdf	10.00	2025-07-10	t	f	0.00
69	\N	2025-07-12	pending	75	invoices/order_69.pdf	0.00	2025-07-11	t	t	0.00
70	\N	2025-07-12	pending	14	invoices/order_70.pdf	7.00	2025-07-11	t	t	0.00
71	\N	2025-07-19	paid	76	invoices/order_71.pdf	10.00	2025-07-13	t	f	0.00
72	\N	2025-07-19	paid	77	invoices/order_72.pdf	10.00	2025-07-13	t	f	0.00
73	\N	2025-07-19	paid	78	invoices/order_73.pdf	10.00	2025-07-13	t	f	0.00
74	\N	2025-07-19	paid	79	invoices/order_74.pdf	10.00	2025-07-14	t	f	0.00
75	\N	2025-07-19	pending	80	invoices/order_75.pdf	10.00	2025-07-14	t	f	0.00
76	\N	2025-07-19	paid	81	invoices/order_76.pdf	10.00	2025-07-14	t	f	0.00
77	\N	2025-07-19	paid	82	invoices/order_77.pdf	10.00	2025-07-14	t	f	0.00
78	\N	2025-07-19	paid	83	invoices/order_78.pdf	0.00	2025-07-15	t	t	0.00
79	\N	2025-07-19	paid	84	invoices/order_79.pdf	10.00	2025-07-15	t	f	0.00
80	\N	2025-07-19	paid	17	invoices/order_80.pdf	0.00	2025-07-15	t	t	0.00
81	\N	2025-07-19	paid	85	invoices/order_81.pdf	10.00	2025-07-15	t	f	0.00
82	\N	2025-07-19	paid	39	invoices/order_82.pdf	10.00	2025-07-15	t	f	0.00
83	Самовывоз	2025-07-19	paid	86	invoices/order_83.pdf	0.00	2025-07-15	t	t	0.00
84	В субботу до 11.00Пирожки без лука	2025-07-19	paid	87	invoices/order_84.pdf	10.00	2025-07-15	t	f	0.00
85	\N	2025-07-19	paid	70	invoices/order_85.pdf	10.00	2025-07-16	t	f	0.00
86	\N	2025-07-19	paid	88	invoices/order_86.pdf	10.00	2025-07-16	t	f	0.00
87	\N	2025-07-19	paid	89	invoices/order_87.pdf	10.00	2025-07-16	t	f	0.00
88	\N	2025-07-19	paid	90	invoices/order_88.pdf	10.00	2025-07-16	t	f	0.00
89	\N	2025-07-19	paid	91	invoices/order_89.pdf	10.00	2025-07-16	t	f	0.00
90	\N	2025-07-19	paid	92	invoices/order_90.pdf	0.00	2025-07-16	t	t	0.00
91	\N	2025-07-19	paid	93	invoices/order_91.pdf	10.00	2025-07-16	t	f	0.00
92	\N	2025-07-19	paid	94	invoices/order_92.pdf	10.00	2025-07-16	t	f	0.00
93	\N	2025-07-19	paid	23	invoices/order_93.pdf	10.00	2025-07-16	t	f	0.00
94	\N	2025-07-19	paid	95	invoices/order_94.pdf	10.00	2025-07-17	t	f	0.00
95	До 13.00	2025-07-19	paid	96	invoices/order_95.pdf	0.00	2025-07-17	t	t	0.00
96	\N	2025-07-19	paid	97	invoices/order_96.pdf	10.00	2025-07-17	t	f	0.00
97	\N	2025-07-19	paid	63	invoices/order_97.pdf	7.00	2025-07-17	t	t	0.00
98	\N	2025-07-19	paid	14	invoices/order_98.pdf	7.00	2025-07-17	t	t	0.00
100	\N	2025-07-19	paid	98	invoices/order_100.pdf	10.00	2025-07-17	t	f	0.00
102	\N	2025-07-19	paid	99	invoices/order_102.pdf	10.00	2025-07-18	t	f	0.00
104	\N	2025-07-19	paid	101	invoices/order_104.pdf	10.00	2025-07-18	t	f	0.00
105	Самовывоз	2025-07-19	paid	102	invoices/order_105.pdf	0.00	2025-07-18	t	t	0.00
106	\N	2025-07-19	paid	103	invoices/order_106.pdf	10.00	2025-07-18	t	f	0.00
107	\N	2025-08-01	paid	70	invoices/order_107.pdf	10.00	2025-07-28	t	f	0.00
109	\N	2025-08-01	paid	104	invoices/order_109.pdf	10.00	2025-07-28	t	f	0.00
110	На 10.00	2025-08-01	pending	105	invoices/order_110.pdf	20.00	2025-07-28	t	t	0.00
111	\N	2025-08-01	paid	106	invoices/order_111.pdf	10.00	2025-07-28	t	f	0.00
112	Самовывоз	2025-08-01	paid	99	invoices/order_112.pdf	0.00	2025-07-28	t	t	0.00
113	\N	2025-08-01	paid	107	invoices/order_113.pdf	10.00	2025-07-28	t	f	0.00
114	\N	2025-08-01	paid	108	invoices/order_114.pdf	10.00	2025-07-28	t	f	0.00
115	\N	2025-08-01	paid	109	invoices/order_115.pdf	10.00	2025-07-28	t	f	0.00
116	\N	2025-08-01	paid	110	invoices/order_116.pdf	10.00	2025-07-28	t	f	0.00
117	\N	2025-08-01	paid	111	invoices/order_117.pdf	10.00	2025-07-28	t	f	0.00
118	\N	2025-08-01	paid	112	invoices/order_118.pdf	10.00	2025-07-28	t	f	0.00
119	\N	2025-08-01	paid	25	\N	10.00	2025-07-28	t	f	0.00
121	\N	2025-08-01	paid	113	invoices/order_121.pdf	10.00	2025-07-31	t	f	0.00
122	\N	2025-08-01	paid	114	invoices/order_122.pdf	10.00	2025-07-31	t	f	0.00
124	\N	2025-08-01	paid	115	invoices/order_124.pdf	10.00	2025-07-31	t	f	0.00
125	\N	2025-08-01	paid	116	invoices/order_125.pdf	10.00	2025-07-31	t	f	0.00
126	\N	2025-08-01	paid	117	invoices/order_126.pdf	10.00	2025-07-31	t	f	0.00
127	\N	2025-08-01	paid	72	invoices/order_127.pdf	10.00	2025-07-31	t	f	0.00
128	\N	2025-08-01	paid	118	invoices/order_128.pdf	10.00	2025-07-31	t	f	0.00
130	\N	2025-08-01	paid	14	invoices/order_130.pdf	10.00	2025-07-31	t	f	0.00
131	\N	2025-08-01	paid	119	invoices/order_131.pdf	10.00	2025-07-31	t	f	0.00
132	\N	2025-08-01	paid	120	invoices/order_132.pdf	10.00	2025-07-31	t	f	0.00
134	\N	2025-08-01	paid	13	invoices/order_134.pdf	10.00	2025-07-31	t	f	0.00
136	\N	2025-08-01	paid	122	invoices/order_136.pdf	10.00	2025-07-31	t	f	0.00
137	\N	2025-08-01	paid	123	invoices/order_137.pdf	10.00	2025-07-31	t	f	0.00
138	\N	2025-08-01	paid	124	invoices/order_138.pdf	10.00	2025-07-31	t	f	0.00
139	\N	2025-08-01	paid	125	invoices/order_139.pdf	10.00	2025-07-31	t	f	0.00
140	\N	2025-08-01	paid	126	invoices/order_140.pdf	10.00	2025-07-31	t	f	0.00
141	\N	2025-08-30	paid	127	invoices/order_141.pdf	10.00	2025-08-04	t	f	0.00
142	\N	2025-08-09	paid	128	invoices/order_142.pdf	10.00	2025-08-04	t	f	0.00
143	\N	2025-08-09	paid	129	invoices/order_143.pdf	10.00	2025-08-04	t	f	0.00
145	\N	2025-08-09	paid	120	invoices/order_145.pdf	10.00	2025-08-04	t	f	0.00
146	\N	2025-08-09	paid	125	invoices/order_146.pdf	10.00	2025-08-04	t	f	0.00
147	\N	2025-08-09	paid	130	invoices/order_147.pdf	10.00	2025-08-04	t	f	0.00
148	\N	2025-08-09	paid	131	invoices/order_148.pdf	10.00	2025-08-04	t	f	0.00
151	До 12.00	2025-08-09	paid	87	invoices/order_151.pdf	7.00	2025-08-06	t	t	0.00
152	\N	2025-08-09	paid	132	invoices/order_152.pdf	10.00	2025-08-06	t	f	0.00
153	В воскресенье	2025-08-09	paid	133	invoices/order_153.pdf	10.00	2025-08-06	t	f	0.00
154	Субота после 16.00	2025-08-09	paid	134	invoices/order_154.pdf	10.00	2025-08-06	t	f	0.00
155	\N	2025-08-09	paid	135	invoices/order_155.pdf	10.00	2025-08-06	t	f	0.00
156	\N	2025-08-09	pending	46	invoices/order_156.pdf	10.00	2025-08-06	t	f	0.00
157	\N	2025-08-09	paid	136	\N	10.00	2025-08-06	t	f	0.00
159	\N	2025-08-09	paid	17	invoices/order_159.pdf	0.00	2025-08-06	t	t	0.00
160	\N	2025-08-09	paid	137	invoices/order_160.pdf	10.00	2025-08-07	t	f	0.00
161	\N	2025-08-09	paid	138	invoices/order_161.pdf	10.00	2025-08-07	t	f	0.00
163	\N	2025-08-09	paid	52	invoices/order_163.pdf	10.00	2025-08-07	t	f	0.00
164	\N	2025-08-09	paid	70	invoices/order_164.pdf	10.00	2025-08-07	t	f	0.00
165	\N	2025-08-09	paid	139	\N	10.00	2025-08-07	t	f	0.00
166	\N	2025-08-09	paid	140	invoices/order_166.pdf	8.00	2025-08-07	t	t	0.00
167	\N	2025-08-16	paid	141	invoices/order_167.pdf	10.00	2025-08-08	t	f	0.00
168	Мимоза с йогуртом	2025-08-16	paid	142	invoices/order_168.pdf	10.00	2025-08-08	t	f	0.00
169	\N	2025-08-16	paid	143	invoices/order_169.pdf	10.00	2025-08-08	t	f	0.00
170	\N	2025-08-16	paid	144	invoices/order_170.pdf	10.00	2025-08-10	t	f	0.00
171	\N	2025-08-16	paid	25	invoices/order_171.pdf	10.00	2025-08-10	t	f	0.00
172	\N	2025-08-16	paid	145	invoices/order_172.pdf	10.00	2025-08-10	t	f	0.00
173	\N	2025-08-16	paid	146	invoices/order_173.pdf	10.00	2025-08-11	t	f	0.00
174	\N	2025-08-16	paid	147	invoices/order_174.pdf	10.00	2025-08-11	t	f	0.00
175	22.08	2025-08-27	paid	148	\N	10.00	2025-08-11	t	f	0.00
176	22.08	2025-08-22	paid	133	invoices/order_176.pdf	10.00	2025-08-11	t	f	0.00
177	\N	2025-08-27	paid	149	invoices/order_177.pdf	10.00	2025-08-11	t	f	0.00
178	\N	2025-08-16	paid	150	invoices/order_178.pdf	10.00	2025-08-11	t	f	0.00
180	\N	2025-08-16	paid	151	invoices/order_180.pdf	0.00	2025-08-11	t	t	0.00
182	\N	2025-08-16	paid	152	invoices/order_182.pdf	10.00	2025-08-11	t	f	0.00
183	\N	2025-08-16	paid	155	invoices/order_183.pdf	10.00	2025-08-12	t	f	0.00
184	\N	2025-08-16	paid	153	invoices/order_184.pdf	10.00	2025-08-12	t	f	0.00
185	\N	2025-08-16	paid	156	invoices/order_185.pdf	10.00	2025-08-12	t	f	0.00
186	В субботу после 15.00	2025-08-22	paid	45	invoices/order_186.pdf	0.00	2025-08-12	t	t	0.00
187	\N	2025-08-16	paid	157	invoices/order_187.pdf	10.00	2025-08-12	t	f	0.00
188	\N	2025-08-16	paid	158	invoices/order_188.pdf	10.00	2025-08-12	t	f	0.00
189	\N	2025-08-22	paid	159	invoices/order_189.pdf	10.00	2025-08-12	t	f	0.00
191	\N	2025-08-16	paid	14	invoices/order_191.pdf	0.00	2025-08-13	t	t	0.00
192	\N	2025-08-16	paid	161	invoices/order_192.pdf	10.00	2025-08-13	t	f	0.00
193	\N	2025-08-16	paid	162	invoices/order_193.pdf	10.00	2025-08-13	t	f	0.00
194	\N	2025-08-16	paid	163	invoices/order_194.pdf	10.00	2025-08-13	t	f	0.00
195	\N	2025-08-16	paid	164	invoices/order_195.pdf	10.00	2025-08-13	t	f	0.00
196	\N	2025-08-16	paid	165	invoices/order_196.pdf	10.00	2025-08-13	t	f	0.00
197	\N	2025-08-16	paid	166	invoices/order_197.pdf	10.00	2025-08-13	t	f	0.00
198	В воскресенье	2025-08-16	paid	167	invoices/order_198.pdf	10.00	2025-08-13	t	f	0.00
199	В воскресенье,без лука	2025-08-16	paid	154	invoices/order_199.pdf	10.00	2025-08-13	t	f	0.00
200	\N	2025-08-16	paid	168	invoices/order_200.pdf	10.00	2025-08-13	t	f	0.00
202	\N	2025-08-16	paid	170	invoices/order_202.pdf	10.00	2025-08-14	t	f	0.00
204	\N	2025-08-16	paid	171	invoices/order_204.pdf	10.00	2025-08-14	t	f	0.00
205	\N	2025-08-16	paid	172	invoices/order_205.pdf	10.00	2025-08-14	t	f	0.00
206	\N	2025-08-16	paid	173	invoices/order_206.pdf	10.00	2025-08-14	t	f	0.00
207	\N	2025-08-16	paid	48	invoices/order_207.pdf	10.00	2025-08-15	t	f	0.00
209	\N	2025-08-16	paid	63	invoices/order_209.pdf	0.00	2025-08-15	t	t	0.00
210	\N	2025-08-16	paid	174	invoices/order_210.pdf	10.00	2025-08-15	t	f	0.00
211	\N	2025-08-22	paid	175	invoices/order_211.pdf	10.00	2025-08-17	t	f	0.00
212	\N	2025-08-22	paid	70	invoices/order_212.pdf	10.00	2025-08-18	t	f	0.00
213	\N	2025-08-22	paid	176	invoices/order_213.pdf	10.00	2025-08-18	t	f	0.00
215	\N	2025-08-22	paid	177	invoices/order_215.pdf	10.00	2025-08-18	t	f	0.00
216	\N	2025-08-22	paid	61	invoices/order_216.pdf	10.00	2025-08-19	t	f	0.00
217	\N	2025-08-22	paid	178	invoices/order_217.pdf	10.00	2025-08-19	t	f	0.00
218	\N	2025-08-22	paid	179	invoices/order_218.pdf	10.00	2025-08-19	t	f	0.00
219	\N	2025-08-22	pending	119	invoices/order_219.pdf	10.00	2025-08-19	t	f	0.00
220	\N	2025-08-22	paid	180	invoices/order_220.pdf	10.00	2025-08-20	t	f	0.00
221	\N	2025-08-22	paid	181	invoices/order_221.pdf	10.00	2025-08-20	t	f	0.00
222	\N	2025-08-22	paid	17	invoices/order_222.pdf	0.00	2025-08-20	t	t	0.00
223	\N	2025-08-22	paid	182	invoices/order_223.pdf	10.00	2025-08-20	t	f	0.00
224	\N	2025-08-22	paid	183	\N	10.00	2025-08-20	t	f	0.00
226	\N	2025-08-22	paid	184	invoices/order_226.pdf	10.00	2025-08-20	t	f	0.00
227	\N	2025-08-22	paid	185	invoices/order_227.pdf	10.00	2025-08-20	t	f	0.00
229	\N	2025-08-22	paid	186	invoices/order_229.pdf	10.00	2025-08-20	t	f	0.00
231	\N	2025-08-30	paid	187	\N	10.00	2025-08-21	t	f	0.00
233	\N	2025-08-22	paid	72	invoices/order_233.pdf	10.00	2025-08-21	t	f	0.00
234	\N	2025-08-22	paid	188	\N	10.00	2025-08-21	t	f	0.00
236	\N	2025-08-27	paid	190	invoices/order_236.pdf	50.00	2025-08-21	t	t	0.00
237	\N	2025-08-22	paid	191	invoices/order_237.pdf	7.00	2025-08-21	t	t	0.00
238	\N	2025-08-22	paid	81	invoices/order_238.pdf	10.00	2025-08-21	t	f	0.00
239	\N	2025-08-22	paid	63	invoices/order_239.pdf	10.00	2025-08-21	t	f	0.00
240	\N	2025-08-22	paid	192	invoices/order_240.pdf	10.00	2025-08-21	t	f	0.00
241	\N	2025-08-22	paid	193	invoices/order_241.pdf	10.00	2025-08-21	t	f	0.00
242	\N	2025-08-22	paid	194	invoices/order_242.pdf	10.00	2025-08-21	t	f	0.00
243	\N	2025-08-22	paid	195	invoices/order_243.pdf	10.00	2025-08-21	t	f	0.00
244	\N	2025-08-30	paid	196	invoices/order_244.pdf	10.00	2025-08-21	t	f	0.00
247	Самовывоз	2025-08-22	paid	86	invoices/order_247.pdf	0.00	2025-08-22	t	t	0.00
248	\N	2025-08-22	paid	197	invoices/order_248.pdf	10.00	2025-08-22	t	f	0.00
249	\N	2025-08-22	paid	198	invoices/order_249.pdf	10.00	2025-08-22	t	f	0.00
250	\N	2025-08-22	paid	199	invoices/order_250.pdf	10.00	2025-08-22	t	f	0.00
251	\N	2025-08-22	paid	80	\N	10.00	2025-08-22	t	f	0.00
252	\N	2025-08-30	paid	200	invoices/order_252.pdf	10.00	2025-08-23	t	f	0.00
253	\N	2025-09-27	pending	41	invoices/order_253.pdf	10.00	2025-08-23	t	f	0.00
254	\N	2025-08-30	paid	201	invoices/order_254.pdf	10.00	2025-08-23	t	f	0.00
255	\N	2025-08-30	paid	202	invoices/order_255.pdf	10.00	2025-08-24	t	f	0.00
256	\N	2025-08-27	paid	203	invoices/order_256.pdf	10.00	2025-08-24	t	f	0.00
257	\N	2025-08-30	pending	204	invoices/order_257.pdf	10.00	2025-08-24	t	f	0.00
258	\N	2025-08-30	paid	205	invoices/order_258.pdf	10.00	2025-08-24	t	f	0.00
259	\N	2025-08-30	paid	206	invoices/order_259.pdf	10.00	2025-08-24	t	f	0.00
260	\N	2025-08-30	paid	66	invoices/order_260.pdf	10.00	2025-08-24	t	f	0.00
261	\N	2025-08-27	paid	207	invoices/order_261.pdf	10.00	2025-08-24	t	f	0.00
262	\N	2025-08-30	paid	78	invoices/order_262.pdf	10.00	2025-08-24	t	f	0.00
263	\N	2025-08-30	paid	208	invoices/order_263.pdf	10.00	2025-08-24	t	f	0.00
264	\N	2025-08-30	paid	209	invoices/order_264.pdf	10.00	2025-08-24	t	f	0.00
265	\N	2025-09-06	paid	199	\N	0.00	2025-08-25	t	t	0.00
266	\N	2025-08-30	paid	18	invoices/order_266.pdf	10.00	2025-08-25	t	f	0.00
267	\N	2025-08-30	paid	210	invoices/order_267.pdf	10.00	2025-08-25	t	f	0.00
268	Подъедет по адресу	2025-09-06	paid	211	invoices/order_268.pdf	0.00	2025-08-25	t	t	0.00
269	\N	2025-08-27	paid	212	invoices/order_269.pdf	10.00	2025-08-25	t	f	0.00
270	\N	2025-08-30	paid	213	invoices/order_270.pdf	10.00	2025-08-25	t	f	0.00
271	\N	2025-08-30	paid	214	invoices/order_271.pdf	10.00	2025-08-25	t	f	0.00
272	\N	2025-08-30	paid	215	invoices/order_272.pdf	10.00	2025-08-25	t	f	0.00
273	Самовывоз	2025-08-27	paid	216	invoices/order_273.pdf	0.00	2025-08-26	t	t	0.00
274	Самовывоз	2025-08-29	paid	217	\N	0.00	2025-08-26	f	t	0.00
276	\N	2025-08-30	paid	218	invoices/order_276.pdf	10.00	2025-08-26	t	f	0.00
277	\N	2025-08-30	paid	219	invoices/order_277.pdf	10.00	2025-08-26	t	f	0.00
278	\N	2025-08-30	paid	220	invoices/order_278.pdf	10.00	2025-08-26	t	f	0.00
279	\N	2025-08-30	paid	221	invoices/order_279.pdf	10.00	2025-08-26	t	f	0.00
280	\N	2025-08-30	paid	222	invoices/order_280.pdf	10.00	2025-08-26	t	f	0.00
281	\N	2025-08-30	paid	223	invoices/order_281.pdf	10.00	2025-08-26	t	f	0.00
282	\N	2025-08-30	paid	95	invoices/order_282.pdf	10.00	2025-08-26	t	f	0.00
283	\N	2025-08-29	paid	224	invoices/order_283.pdf	10.00	2025-08-26	t	f	0.00
284	\N	2025-08-30	paid	225	invoices/order_284.pdf	10.00	2025-08-26	t	f	0.00
285	\N	2025-08-30	paid	226	invoices/order_285.pdf	10.00	2025-08-26	t	f	0.00
286	\N	2025-08-27	paid	227	invoices/order_286.pdf	10.00	2025-08-27	t	f	0.00
287	\N	2025-08-30	paid	228	invoices/order_287.pdf	10.00	2025-08-27	t	f	0.00
288	\N	2025-08-30	paid	229	invoices/order_288.pdf	10.00	2025-08-27	t	f	0.00
289	\N	2025-08-30	paid	230	invoices/order_289.pdf	10.00	2025-08-27	t	f	0.00
290	Самовывоз	2025-08-30	paid	231	invoices/order_290.pdf	0.00	2025-08-27	t	t	0.00
292	\N	2025-08-29	paid	233	invoices/order_292.pdf	10.00	2025-08-27	t	f	0.00
293	\N	2025-08-30	paid	234	invoices/order_293.pdf	10.00	2025-08-27	t	f	0.00
294	31.08	2025-08-30	paid	40	invoices/order_294.pdf	7.00	2025-08-27	t	t	0.00
295	\N	2025-08-30	paid	235	invoices/order_295.pdf	10.00	2025-08-27	t	f	0.00
296	\N	2025-08-30	paid	236	invoices/order_296.pdf	10.00	2025-08-27	t	f	0.00
297	\N	2025-08-30	paid	237	invoices/order_297.pdf	10.00	2025-08-27	t	f	0.00
298	\N	2025-08-27	paid	108	invoices/order_298.pdf	10.00	2025-08-27	t	f	0.00
299	\N	2025-09-20	pending	238	\N	10.00	2025-08-27	t	f	0.00
300	\N	2025-08-30	paid	239	invoices/order_300.pdf	10.00	2025-08-27	t	f	0.00
301	\N	2025-08-29	paid	240	invoices/order_301.pdf	0.00	2025-08-28	t	t	0.00
302	\N	2025-08-30	paid	17	invoices/order_302.pdf	0.00	2025-08-28	t	t	0.00
303	\N	2025-09-06	paid	241	invoices/order_303.pdf	10.00	2025-08-28	t	f	0.00
304	\N	2025-08-29	paid	242	invoices/order_304.pdf	10.00	2025-08-28	t	f	0.00
305	Шуба без майонеза	2025-08-30	paid	20	invoices/order_305.pdf	10.00	2025-08-28	t	f	0.00
306	\N	2025-08-30	paid	243	invoices/order_306.pdf	10.00	2025-08-28	t	f	0.00
307	\N	2025-08-30	paid	244	invoices/order_307.pdf	10.00	2025-08-28	t	f	0.00
309	\N	2025-08-30	paid	245	invoices/order_309.pdf	10.00	2025-08-29	t	f	0.00
310	\N	2025-08-30	paid	246	invoices/order_310.pdf	10.00	2025-08-29	t	f	0.00
311	\N	2025-08-30	paid	247	invoices/order_311.pdf	10.00	2025-08-30	t	f	0.00
312	Неділя ранок	2025-09-06	paid	248	invoices/order_312.pdf	10.00	2025-08-31	t	f	0.00
313	\N	2025-09-06	paid	188	invoices/order_313.pdf	10.00	2025-08-31	t	f	0.00
314	\N	2025-09-06	paid	249	invoices/order_314.pdf	10.00	2025-08-31	t	f	0.00
315	\N	2025-09-06	paid	144	\N	0.00	2025-08-31	t	t	0.00
316	\N	2025-09-06	paid	244	invoices/order_316.pdf	0.00	2025-08-31	t	t	0.00
317	\N	2025-09-06	paid	250	invoices/order_317.pdf	10.00	2025-08-31	t	f	0.00
318	В субботу до 12.00	2025-09-06	paid	251	invoices/order_318.pdf	10.00	2025-08-31	t	f	0.00
319	\N	2025-09-06	paid	252	invoices/order_319.pdf	10.00	2025-08-31	t	f	0.00
321	\N	2025-09-06	paid	120	invoices/order_321.pdf	0.00	2025-09-01	t	t	0.00
322	\N	2025-09-06	paid	253	invoices/order_322.pdf	10.00	2025-09-01	t	f	0.00
323	\N	2025-09-06	paid	108	invoices/order_323.pdf	10.00	2025-09-01	t	f	0.00
324	\N	2025-09-06	paid	254	invoices/order_324.pdf	10.00	2025-09-02	t	f	0.00
325	\N	2025-09-06	paid	233	invoices/order_325.pdf	10.00	2025-09-02	t	f	0.00
326	\N	2025-09-14	paid	224	invoices/order_326.pdf	0.00	2025-09-03	f	t	0.00
327	\N	2025-09-06	paid	24	invoices/order_327.pdf	10.00	2025-09-03	t	f	0.00
328	\N	2025-09-06	paid	81	invoices/order_328.pdf	10.00	2025-09-03	t	f	0.00
329	\N	2025-09-06	paid	255	invoices/order_329.pdf	10.00	2025-09-03	t	f	0.00
330	\N	2025-09-06	paid	256	invoices/order_330.pdf	10.00	2025-09-03	t	f	0.00
331	\N	2025-09-06	paid	257	\N	10.00	2025-09-03	t	f	0.00
333	\N	2025-09-06	paid	258	invoices/order_333.pdf	10.00	2025-09-03	t	f	0.00
334	\N	2025-09-06	paid	259	invoices/order_334.pdf	10.00	2025-09-03	t	f	0.00
335	\N	2025-09-06	paid	260	invoices/order_335.pdf	10.00	2025-09-03	t	f	0.00
336	\N	2025-09-06	paid	148	invoices/order_336.pdf	10.00	2025-09-04	t	f	0.00
337	\N	2025-09-06	paid	261	invoices/order_337.pdf	10.00	2025-09-04	t	f	0.00
338	\N	2025-09-06	paid	262	invoices/order_338.pdf	10.00	2025-09-04	t	f	0.00
339	Выходные после 18.30	2025-09-06	paid	110	invoices/order_339.pdf	10.00	2025-09-04	t	f	0.00
340	\N	2025-09-06	paid	263	invoices/order_340.pdf	10.00	2025-09-04	t	f	0.00
341	\N	2025-09-06	paid	114	invoices/order_341.pdf	10.00	2025-09-04	t	f	0.00
342	\N	2025-09-06	paid	264	\N	10.00	2025-09-04	t	f	0.00
344	\N	2025-09-14	paid	265	invoices/order_344.pdf	10.00	2025-09-04	t	f	0.00
345	\N	2025-09-06	paid	266	invoices/order_345.pdf	10.00	2025-09-04	t	f	0.00
346	\N	2025-09-06	paid	267	\N	10.00	2025-09-04	t	f	0.00
348	\N	2025-09-06	paid	268	invoices/order_348.pdf	10.00	2025-09-04	t	f	0.00
349	\N	2025-09-14	paid	269	invoices/order_349.pdf	10.00	2025-09-05	t	f	0.00
350	\N	2025-09-06	paid	16	\N	10.00	2025-09-05	t	f	0.00
351	\N	2025-09-06	paid	270	\N	10.00	2025-09-05	t	f	0.00
353	\N	2025-09-06	paid	271	invoices/order_353.pdf	10.00	2025-09-05	t	f	0.00
354	\N	2025-09-06	pending	119	invoices/order_354.pdf	10.00	2025-09-05	t	f	0.00
355	\N	2025-09-06	paid	71	invoices/order_355.pdf	10.00	2025-09-06	t	f	0.00
356	\N	2025-09-06	paid	272	\N	10.00	2025-09-06	t	f	0.00
358	\N	2025-09-14	paid	23	invoices/order_358.pdf	10.00	2025-09-06	t	f	0.00
359	\N	2025-09-14	paid	274	invoices/order_359.pdf	10.00	2025-09-06	t	f	0.00
360	\N	2025-09-13	pending	105	invoices/order_360.pdf	20.00	2025-09-06	f	t	0.00
361	\N	2025-09-06	paid	275	invoices/order_361.pdf	10.00	2025-09-07	t	f	0.00
362	\N	2025-09-06	paid	226	invoices/order_362.pdf	10.00	2025-09-07	t	f	0.00
364	\N	2025-09-13	paid	277	invoices/order_364.pdf	10.00	2025-09-07	t	f	0.00
365	\N	2025-09-13	paid	278	invoices/order_365.pdf	10.00	2025-09-07	t	f	0.00
366	\N	2025-09-13	paid	279	invoices/order_366.pdf	10.00	2025-09-07	t	f	0.00
367	\N	2025-09-13	paid	280	invoices/order_367.pdf	10.00	2025-09-07	t	f	0.00
369	Подъедет в Манчестер	2025-09-13	paid	281	invoices/order_369.pdf	0.00	2025-09-07	t	t	0.00
370	\N	2025-09-13	paid	282	\N	0.00	2025-09-07	t	t	0.00
371	\N	2025-09-13	paid	283	invoices/order_371.pdf	10.00	2025-09-08	t	f	0.00
372	\N	2025-09-13	paid	284	invoices/order_372.pdf	10.00	2025-09-08	t	f	0.00
373	\N	2025-09-14	paid	285	invoices/order_373.pdf	10.00	2025-09-08	t	f	0.00
375	\N	2025-09-13	paid	286	invoices/order_375.pdf	10.00	2025-09-08	t	f	0.00
376	\N	2025-09-14	paid	52	invoices/order_376.pdf	10.00	2025-09-08	t	f	0.00
377	\N	2025-09-14	paid	287	invoices/order_377.pdf	0.00	2025-09-08	t	t	0.00
378	\N	2025-09-14	paid	288	invoices/order_378.pdf	10.00	2025-09-08	t	f	0.00
379	\N	2025-09-13	paid	145	invoices/order_379.pdf	10.00	2025-09-08	t	f	0.00
380	\N	2025-09-13	paid	289	invoices/order_380.pdf	10.00	2025-09-08	t	f	0.00
381	\N	2025-09-13	paid	290	invoices/order_381.pdf	10.00	2025-09-08	t	f	0.00
382	\N	2025-09-13	paid	291	invoices/order_382.pdf	10.00	2025-09-08	t	f	0.00
384	Самовывоз	2025-09-13	paid	293	\N	0.00	2025-09-08	t	t	0.00
385	\N	2025-09-13	paid	294	invoices/order_385.pdf	10.00	2025-09-08	t	f	0.00
386	\N	2025-09-13	paid	295	invoices/order_386.pdf	10.00	2025-09-09	t	f	0.00
387	\N	2025-09-13	paid	42	invoices/order_387.pdf	10.00	2025-09-09	t	f	0.00
388	\N	2025-09-20	pending	296	invoices/order_388.pdf	10.00	2025-09-09	t	f	0.00
389	\N	2025-09-13	paid	297	invoices/order_389.pdf	10.00	2025-09-09	t	f	0.00
392	\N	2025-09-13	paid	299	invoices/order_392.pdf	10.00	2025-09-09	t	f	0.00
393	\N	2025-09-13	paid	300	invoices/order_393.pdf	10.00	2025-09-09	t	f	0.00
394	\N	2025-09-13	paid	301	invoices/order_394.pdf	10.00	2025-09-10	t	f	0.00
395	До 16.00	2025-09-13	paid	266	invoices/order_395.pdf	10.00	2025-09-10	t	f	0.00
396	\N	2025-09-13	paid	302	invoices/order_396.pdf	10.00	2025-09-10	t	f	0.00
397	\N	2025-09-13	paid	303	invoices/order_397.pdf	10.00	2025-09-10	t	f	0.00
398	\N	2025-09-14	paid	244	invoices/order_398.pdf	10.00	2025-09-10	t	f	0.00
399	\N	2025-09-13	paid	146	invoices/order_399.pdf	10.00	2025-09-10	t	f	0.00
400	\N	2025-09-14	paid	73	invoices/order_400.pdf	10.00	2025-09-10	t	f	0.00
401	\N	2025-09-14	paid	304	invoices/order_401.pdf	10.00	2025-09-10	t	f	0.00
402	\N	2025-09-14	paid	305	invoices/order_402.pdf	10.00	2025-09-10	t	f	0.00
403	\N	2025-09-13	paid	126	invoices/order_403.pdf	10.00	2025-09-11	t	f	0.00
404	В субботу	2025-09-13	paid	306	invoices/order_404.pdf	10.00	2025-09-11	t	f	0.00
405	Подъедет по адресу	2025-09-13	paid	308	invoices/order_405.pdf	0.00	2025-09-11	t	t	0.00
406	\N	2025-09-14	paid	309	invoices/order_406.pdf	10.00	2025-09-11	t	f	0.00
407	\N	2025-09-14	pending	57	invoices/order_407.pdf	10.00	2025-09-11	t	f	0.00
408	\N	2025-09-14	paid	310	invoices/order_408.pdf	10.00	2025-09-11	t	f	0.00
409	\N	2025-09-13	paid	311	invoices/order_409.pdf	10.00	2025-09-11	t	f	0.00
411	Подъедет по адресу	2025-09-14	paid	231	invoices/order_411.pdf	0.00	2025-09-11	f	t	0.00
413	\N	2025-09-13	paid	313	invoices/order_413.pdf	10.00	2025-09-11	t	f	0.00
414	\N	2025-09-13	paid	21	invoices/order_414.pdf	0.00	2025-09-11	t	t	0.00
415	\N	2025-09-14	paid	44	invoices/order_415.pdf	10.00	2025-09-11	t	f	0.00
416	\N	2025-09-14	paid	314	invoices/order_416.pdf	10.00	2025-09-11	t	f	0.00
418	\N	2025-09-13	paid	142	invoices/order_418.pdf	10.00	2025-09-11	t	f	0.00
420	\N	2025-09-14	paid	120	invoices/order_420.pdf	10.00	2025-09-12	t	f	0.00
421	\N	2025-09-14	paid	316	invoices/order_421.pdf	10.00	2025-09-12	t	f	0.00
422	\N	2025-09-13	paid	317	\N	10.00	2025-09-12	t	f	0.00
423	\N	2025-09-14	paid	108	invoices/order_423.pdf	10.00	2025-09-12	t	f	0.00
424	\N	2025-09-13	paid	318	invoices/order_424.pdf	10.00	2025-09-13	t	f	0.00
425	\N	2025-09-13	paid	319	invoices/order_425.pdf	10.00	2025-09-13	t	f	0.00
426	\N	2025-09-20	pending	320	invoices/order_426.pdf	7.00	2025-09-14	t	t	0.00
427	\N	2025-09-20	pending	292	\N	0.00	2025-09-14	t	t	14.00
428	\N	2025-09-20	pending	321	invoices/order_428.pdf	10.00	2025-09-14	t	f	0.00
429	\N	2025-09-20	pending	242	invoices/order_429.pdf	10.00	2025-09-14	t	f	0.00
430	\N	2025-09-20	pending	322	invoices/order_430.pdf	10.00	2025-09-15	t	f	0.00
431	\N	2025-09-20	pending	323	invoices/order_431.pdf	10.00	2025-09-15	t	f	0.00
432	\N	2025-09-20	paid	28	invoices/order_432.pdf	10.00	2025-09-15	t	f	0.00
433	\N	2025-09-20	pending	325	invoices/order_433.pdf	10.00	2025-09-15	t	f	0.00
434	\N	2025-09-20	pending	324	invoices/order_434.pdf	10.00	2025-09-15	t	f	0.00
435	\N	2025-09-20	paid	326	invoices/order_435.pdf	10.00	2025-09-15	t	f	0.00
436	\N	2025-09-20	pending	327	invoices/order_436.pdf	10.00	2025-09-15	t	f	0.00
438	\N	2025-09-20	pending	202	invoices/order_438.pdf	10.00	2025-09-15	t	f	0.00
439	\N	2025-09-20	pending	84	invoices/order_439.pdf	10.00	2025-09-15	t	f	0.00
440	\N	2025-09-20	pending	328	invoices/order_440.pdf	10.00	2025-09-15	t	f	0.00
441	\N	2025-09-20	pending	329	invoices/order_441.pdf	10.00	2025-09-15	t	f	0.00
443	\N	2025-09-20	paid	67	invoices/order_443.pdf	10.00	2025-09-15	t	f	0.00
444	\N	2025-09-20	pending	213	invoices/order_444.pdf	10.00	2025-09-15	t	f	0.00
445	\N	2025-09-20	pending	330	invoices/order_445.pdf	10.00	2025-09-15	t	f	0.00
446	Винигрет с мелкой фасолью	2025-09-20	pending	17	invoices/order_446.pdf	0.00	2025-09-15	t	t	10.00
447	\N	2025-09-20	pending	63	invoices/order_447.pdf	10.00	2025-09-15	t	f	0.00
450	\N	2025-09-20	pending	332	invoices/order_450.pdf	10.00	2025-09-16	t	f	0.00
451	\N	2025-09-20	paid	333	invoices/order_451.pdf	10.00	2025-09-16	t	f	0.00
452	\N	2025-09-20	pending	334	invoices/order_452.pdf	10.00	2025-09-16	t	f	0.00
453	\N	2025-09-20	paid	335	invoices/order_453.pdf	10.00	2025-09-16	t	f	0.00
454	\N	2025-09-20	pending	198	invoices/order_454.pdf	10.00	2025-09-16	t	f	0.00
455	\N	2025-09-20	pending	133	invoices/order_455.pdf	10.00	2025-09-16	t	f	0.00
456	\N	2025-09-20	pending	214	invoices/order_456.pdf	10.00	2025-09-16	t	f	0.00
457	\N	2025-09-20	paid	336	invoices/order_457.pdf	10.00	2025-09-17	t	f	0.00
458	\N	2025-09-27	pending	337	invoices/order_458.pdf	10.00	2025-09-17	t	f	0.00
459	После 16.00 68 Belmont Road, Grays, RM17 5YJ	2025-09-20	pending	338	invoices/order_459.pdf	10.00	2025-09-17	t	f	0.00
460	\N	2025-09-20	paid	260	invoices/order_460.pdf	10.00	2025-09-17	t	f	0.00
462	\N	2025-09-20	pending	339	invoices/order_462.pdf	10.00	2025-09-17	t	f	0.00
463	\N	2025-09-20	paid	340	invoices/order_463.pdf	10.00	2025-09-17	t	f	0.00
464	\N	2025-09-20	pending	341	invoices/order_464.pdf	10.00	2025-09-17	t	f	0.00
466	\N	2025-09-27	pending	342	invoices/order_466.pdf	10.00	2025-09-17	t	f	0.00
467	\N	2025-09-27	pending	18	invoices/order_467.pdf	10.00	2025-09-17	t	f	0.00
468	\N	2025-09-20	pending	343	invoices/order_468.pdf	10.00	2025-09-17	t	f	0.00
469	\N	2025-09-20	pending	344	invoices/order_469.pdf	10.00	2025-09-17	t	f	0.00
470	\N	2025-09-20	paid	345	invoices/order_470.pdf	10.00	2025-09-17	t	f	0.00
471	Самовывоз	2025-09-20	paid	346	invoices/order_471.pdf	0.00	2025-09-17	t	t	0.00
472	\N	2025-09-20	pending	347	invoices/order_472.pdf	10.00	2025-09-18	t	f	0.00
473	\N	2025-09-20	pending	348	invoices/order_473.pdf	10.00	2025-09-18	t	f	0.00
474	\N	2025-09-20	pending	119	invoices/order_474.pdf	7.00	2025-09-18	t	t	0.00
475	\N	2025-09-20	pending	72	\N	10.00	2025-09-18	t	f	0.00
476	\N	2025-09-20	pending	349	invoices/order_476.pdf	10.00	2025-09-18	t	f	0.00
477	\N	2025-09-20	pending	350	invoices/order_477.pdf	10.00	2025-09-18	t	f	0.00
478	\N	2025-09-20	pending	78	invoices/order_478.pdf	10.00	2025-09-18	t	f	0.00
479	\N	2025-09-20	paid	351	invoices/order_479.pdf	10.00	2025-09-18	t	f	0.00
480	\N	2025-09-20	pending	352	invoices/order_480.pdf	10.00	2025-09-18	t	f	0.00
481	\N	2025-09-20	pending	353	invoices/order_481.pdf	10.00	2025-09-18	t	f	0.00
\.


--
-- Data for Name: api_orderitem; Type: TABLE DATA; Schema: public; Owner: postgresuser
--

COPY public.api_orderitem (id, quantity, order_id, product_id) FROM stdin;
39	1.00	9	84
40	1.00	9	93
41	2.00	9	94
42	1.00	9	95
43	1.00	9	98
44	1.00	9	104
45	1.00	9	105
46	1.00	9	124
47	1.00	9	113
48	1.00	9	100
49	1.00	10	113
50	1.00	10	137
51	1.00	10	142
52	1.00	10	127
53	1.00	10	88
54	1.00	11	15
55	4.00	11	50
56	2.00	11	28
57	1.00	11	33
58	1.00	11	36
59	1.00	11	84
60	1.00	11	169
61	1.00	12	137
62	1.00	12	113
63	1.00	12	84
64	1.00	12	109
65	1.00	13	84
66	1.00	13	109
67	2.00	13	118
68	2.00	13	101
69	2.00	13	98
70	1.00	13	65
71	3.00	13	26
72	3.00	13	48
73	1.00	13	35
74	4.00	13	6
75	1.00	13	33
76	1.00	14	29
77	1.00	14	28
78	1.00	14	6
79	1.00	14	2
80	1.00	15	40
81	1.00	15	39
82	1.00	15	6
83	1.00	15	28
84	1.00	15	142
85	1.00	15	107
86	2.00	16	35
87	2.00	16	152
88	1.00	16	118
89	1.00	16	84
90	1.00	16	97
91	1.00	17	\N
92	1.00	17	7
93	1.00	17	4
94	2.00	17	15
95	1.00	17	28
96	1.00	17	29
97	1.00	17	38
98	1.00	17	56
99	1.00	17	52
100	1.00	17	101
101	2.00	17	137
102	1.00	17	138
103	1.00	17	142
104	1.00	17	109
105	1.00	17	94
106	1.00	17	73
107	7.00	18	4
108	3.00	18	50
109	1.00	19	4
110	1.00	19	2
111	1.00	19	35
112	1.00	19	7
113	1.00	19	101
114	4.00	20	6
115	2.00	21	33
116	2.00	21	54
117	1.00	21	19
118	1.00	21	26
119	1.00	21	52
120	1.00	22	153
121	1.00	22	122
122	1.00	22	104
123	1.00	22	29
124	1.00	22	28
125	2.00	23	4
126	1.00	23	49
127	1.00	23	2
128	1.00	23	21
129	1.00	23	24
130	1.00	23	30
131	1.00	23	40
132	1.00	23	43
133	1.00	23	50
134	1.00	23	52
135	1.00	23	169
136	3.00	24	7
137	2.00	24	38
138	1.00	24	45
139	2.00	24	115
140	1.00	24	164
141	1.00	24	167
142	1.00	24	97
143	3.00	25	5
144	2.00	25	7
145	4.00	26	35
146	4.00	26	7
147	1.00	26	20
148	1.00	27	\N
149	2.00	27	7
150	3.00	27	28
151	2.00	27	56
152	1.00	28	5
153	1.00	28	2
154	2.00	28	33
155	1.00	28	176
156	3.00	29	27
157	2.00	29	28
158	1.00	29	83
159	1.00	30	4
160	1.00	30	5
161	1.00	30	11
162	1.00	30	23
163	1.00	30	21
164	1.00	30	25
165	1.00	30	19
166	1.00	30	100
167	3.00	31	28
168	1.00	31	75
169	1.00	31	94
170	1.00	31	96
171	1.00	31	122
172	1.00	32	60
173	1.00	32	71
174	1.00	32	70
175	1.00	32	48
176	1.00	32	73
177	1.00	33	152
178	2.00	33	137
180	1.00	12	115
181	1.00	35	34
182	2.00	35	36
183	2.00	35	29
184	1.00	35	28
185	1.00	36	54
186	1.00	36	48
187	1.00	36	80
188	1.00	36	178
189	1.00	36	143
190	1.00	36	101
191	1.00	36	118
192	1.00	36	113
193	1.00	37	16
194	1.00	37	15
195	1.00	37	8
196	1.00	37	7
197	1.00	37	34
198	1.00	38	4
199	1.00	38	6
200	1.00	38	14
201	1.00	38	23
202	1.00	38	30
203	1.00	38	43
204	2.00	38	46
205	1.00	38	21
206	1.00	38	107
207	1.00	38	110
208	3.00	39	28
209	1.00	39	6
210	1.00	39	38
211	2.00	39	34
212	1.00	39	33
213	2.00	39	7
214	1.00	39	115
215	1.00	40	28
216	1.00	40	35
217	1.00	40	181
218	1.00	40	111
219	2.00	40	101
220	1.00	40	102
221	1.00	41	116
222	1.00	41	118
223	1.00	41	36
224	1.00	41	8
225	1.00	40	55
226	1.00	42	28
227	1.00	42	6
228	1.00	42	2
229	1.00	42	16
230	1.00	42	115
231	1.00	42	112
232	1.00	42	3
233	1.00	42	123
234	1.00	42	94
235	1.00	42	163
236	1.00	43	55
237	2.00	43	2
238	2.00	43	17
239	3.00	43	35
240	1.00	44	91
241	1.00	44	87
242	1.00	44	129
243	1.00	44	104
244	4.00	45	5
245	1.00	45	40
246	1.00	45	107
247	1.00	46	37
248	1.00	46	158
249	1.00	46	114
250	1.00	46	73
251	2.00	47	28
252	1.00	47	43
253	1.00	47	40
254	1.00	47	38
255	1.00	47	109
256	1.00	44	128
257	1.00	48	4
258	1.00	48	28
259	1.00	48	42
260	1.00	48	20
261	1.00	48	18
262	1.00	48	52
263	1.00	48	45
264	1.00	48	39
265	1.00	48	14
266	1.00	48	101
267	1.00	48	118
268	2.00	49	182
269	2.00	49	70
270	1.00	49	176
271	1.00	49	132
272	1.00	49	89
273	2.00	49	25
274	2.00	49	17
275	1.00	49	45
276	1.00	49	28
277	2.00	50	7
278	1.00	50	26
279	1.00	50	114
280	0.50	50	107
281	3.00	51	51
282	1.00	51	48
283	2.00	51	43
284	2.00	51	39
285	4.00	51	28
286	3.00	51	21
287	1.00	51	52
288	1.00	51	46
289	1.00	51	86
290	1.00	51	105
291	1.00	51	113
292	1.00	51	116
293	1.00	51	64
294	1.00	52	30
295	1.00	52	21
296	1.00	52	88
297	1.00	52	137
298	1.00	53	51
299	1.00	53	38
300	1.00	53	35
301	1.00	53	28
302	1.00	53	116
303	1.00	53	94
304	1.00	54	28
305	1.00	54	29
306	1.00	54	40
307	1.00	54	52
308	1.00	55	84
310	1.00	57	107
311	2.00	57	159
312	2.00	57	124
313	1.00	57	19
314	1.00	58	60
315	1.00	58	3
316	1.00	58	70
317	1.00	58	75
318	1.00	58	76
319	1.00	58	80
320	1.00	58	159
321	1.00	58	157
322	1.00	58	94
323	1.00	58	96
324	1.00	58	118
325	1.00	59	4
326	1.00	59	2
327	2.00	59	183
328	1.00	59	35
329	2.00	59	28
330	2.00	59	42
331	1.00	59	50
332	2.00	60	8
333	1.00	60	39
334	1.00	60	75
335	1.00	60	2
336	1.00	61	82
337	1.00	61	181
338	1.00	61	107
339	1.00	61	165
340	1.00	61	166
341	1.00	61	29
342	1.00	61	23
343	1.00	61	38
344	2.00	61	39
345	1.00	61	40
346	2.00	61	2
347	1.00	62	4
348	1.00	62	48
349	1.00	62	6
350	1.00	62	7
351	2.00	63	4
352	1.00	63	2
353	1.00	63	15
354	1.00	63	16
355	1.00	63	21
356	1.00	63	37
357	1.00	63	35
358	1.00	63	40
359	2.00	63	47
360	1.00	63	50
361	1.00	63	57
362	1.00	63	52
363	1.00	63	114
364	1.00	64	4
365	1.00	64	29
366	1.00	64	28
367	1.00	64	86
368	2.00	65	55
369	2.00	65	15
370	1.00	65	16
371	2.00	66	10
372	1.00	66	7
373	1.00	67	107
374	1.00	67	167
375	1.00	67	180
376	1.00	67	94
377	1.00	67	50
378	0.50	68	181
379	1.00	68	111
380	4.00	68	155
381	1.00	68	55
382	1.00	68	15
383	1.00	68	5
384	1.00	68	28
385	1.00	68	180
386	1.00	68	176
387	1.00	68	87
388	1.00	68	138
389	3.00	69	6
390	1.00	70	105
391	1.00	70	181
392	1.00	70	137
393	1.00	70	134
394	1.00	70	35
395	1.00	70	37
396	2.00	70	28
397	1.00	71	4
398	1.00	71	14
399	1.00	71	16
400	1.00	71	20
401	1.00	71	183
402	1.00	71	37
403	1.00	71	93
404	1.00	71	94
405	1.00	72	19
406	2.00	72	26
407	1.00	72	48
408	1.00	72	56
409	2.00	72	182
410	1.00	72	70
411	2.00	72	80
412	1.00	72	184
413	1.00	72	111
414	3.00	73	5
415	2.00	73	28
416	1.00	73	50
417	1.00	73	118
418	1.00	73	155
419	1.00	74	6
420	1.00	74	4
421	1.00	74	28
422	1.00	74	48
423	1.00	74	39
424	1.00	74	15
425	1.00	74	107
426	1.00	74	80
427	2.00	74	97
428	2.00	75	35
429	1.00	75	30
430	1.00	75	39
431	1.00	75	28
432	1.00	75	4
433	2.00	76	128
434	2.00	76	117
435	1.00	76	122
437	1.00	76	97
438	2.00	76	26
439	1.00	76	16
440	1.00	76	45
441	1.00	76	46
442	1.00	77	6
443	2.00	77	4
444	1.00	77	15
445	1.00	77	28
446	1.00	77	42
447	1.00	77	55
448	1.00	76	55
449	1.00	60	55
450	1.00	60	15
451	3.00	78	4
452	2.00	78	5
453	1.00	78	6
454	1.00	78	183
455	1.00	78	15
456	1.00	78	21
457	1.00	78	8
458	1.00	78	2
459	1.00	78	28
460	2.00	78	185
461	2.00	78	186
462	2.00	78	163
463	2.00	78	170
464	2.00	78	164
465	2.00	78	75
466	1.00	78	76
467	1.00	78	73
468	1.00	79	4
469	1.00	79	2
470	1.00	79	50
471	1.00	80	187
472	2.00	80	188
473	1.00	80	84
474	1.00	80	109
475	2.00	80	118
476	1.00	80	65
477	3.00	80	101
478	1.00	80	33
479	1.00	80	35
480	3.00	80	48
481	1.00	81	183
482	1.00	81	7
483	1.00	81	8
484	1.00	81	6
485	1.00	81	2
486	1.00	82	181
487	1.00	82	107
488	1.00	82	137
489	1.00	82	116
490	1.00	82	81
491	1.00	83	5
492	1.00	83	42
493	1.00	83	14
494	1.00	83	19
495	1.00	83	24
496	1.00	83	28
497	1.00	83	54
498	1.00	83	82
499	2.00	84	61
500	1.00	84	104
501	1.00	84	120
502	2.00	84	137
503	1.00	84	155
504	1.00	84	163
505	1.00	84	86
506	1.00	84	94
507	1.00	84	95
508	1.00	84	180
509	1.00	84	34
510	1.00	85	4
511	1.00	85	2
512	1.00	85	29
513	1.00	85	36
514	1.00	85	86
515	1.00	85	116
516	1.00	85	117
517	1.00	85	182
518	1.00	86	15
519	1.00	86	23
520	1.00	86	35
521	1.00	86	101
522	1.00	87	183
523	3.00	87	15
524	1.00	87	7
525	4.00	87	27
526	5.00	87	71
527	2.00	88	6
528	1.00	88	19
529	1.00	88	33
530	2.00	88	15
531	1.00	88	30
532	1.00	89	183
533	1.00	89	6
534	1.00	89	5
535	1.00	89	182
536	1.00	89	70
537	1.00	89	73
538	2.00	90	4
539	1.00	90	50
540	1.00	90	57
541	1.00	90	56
542	2.00	90	186
543	2.00	90	189
544	1.00	90	102
545	1.00	90	101
546	1.00	90	116
547	1.00	90	162
548	1.00	90	184
549	1.00	90	165
550	1.00	90	167
551	1.00	90	166
552	1.00	90	176
553	1.00	90	169
554	1.00	90	179
555	1.00	91	157
556	1.00	91	155
557	1.00	91	86
558	1.00	91	28
559	1.00	91	39
560	1.00	91	38
561	1.00	92	97
562	1.00	92	98
563	4.00	92	24
564	2.00	92	6
565	1.00	92	39
566	1.00	93	28
567	1.00	93	27
568	2.00	93	35
569	1.00	93	4
570	1.00	93	2
571	1.00	93	113
572	3.00	94	7
573	2.00	94	15
574	1.00	94	20
575	1.00	94	44
576	1.00	95	4
577	1.00	95	11
578	1.00	95	50
579	1.00	95	69
580	1.00	95	182
581	1.00	95	165
582	1.00	96	4
583	1.00	96	10
584	1.00	96	11
585	1.00	96	183
586	1.00	96	21
587	1.00	96	28
588	1.00	96	111
589	1.00	96	107
590	1.00	96	115
591	1.00	96	178
592	1.00	97	107
593	2.00	97	159
594	2.00	97	124
595	1.00	97	19
596	1.00	98	19
597	1.00	98	28
598	1.00	98	35
599	1.00	98	42
600	1.00	98	101
601	1.00	98	137
607	1.00	100	6
608	1.00	100	28
609	1.00	100	37
610	1.00	100	115
611	1.00	100	111
615	1.00	102	128
616	1.00	102	69
617	1.00	102	35
618	1.00	102	45
619	1.00	102	28
620	1.00	102	52
621	1.00	102	14
629	1.00	104	4
630	1.00	104	2
631	1.00	104	39
632	1.00	104	33
633	1.00	104	118
634	1.00	104	111
635	10.00	105	8
636	2.00	105	17
637	2.00	106	4
638	1.00	106	5
639	1.00	106	38
640	1.00	107	128
641	1.00	107	190
642	1.00	107	116
643	1.00	107	108
644	1.00	107	70
645	1.00	107	182
646	1.00	107	29
647	1.00	107	28
648	1.00	107	33
649	1.00	107	36
650	1.00	107	4
657	1.00	109	35
658	1.00	109	37
659	2.00	109	7
660	1.00	109	20
661	1.00	109	47
662	1.00	109	184
663	10.00	110	10
664	5.00	110	183
665	5.00	110	15
666	1.00	111	55
667	2.00	111	8
668	1.00	111	115
669	2.00	111	116
670	1.00	112	4
671	1.00	112	42
672	1.00	112	53
673	1.00	112	16
674	1.00	112	21
675	3.00	113	20
676	1.00	113	38
677	3.00	113	17
678	1.00	113	174
679	1.00	114	36
680	1.00	114	26
681	1.00	114	33
682	1.00	114	104
683	1.00	114	105
684	1.00	114	118
685	1.00	114	191
686	2.00	115	28
687	1.00	115	6
688	1.00	115	8
689	1.00	115	2
690	1.00	115	33
691	1.00	115	176
692	1.00	115	177
693	1.00	115	4
694	1.00	116	183
695	1.00	116	2
696	1.00	116	15
697	1.00	116	111
698	1.00	117	95
699	1.00	117	97
700	1.00	117	159
701	1.00	117	142
702	2.00	118	4
703	1.00	118	118
704	1.00	118	184
705	1.00	119	33
706	1.00	119	29
707	2.00	119	54
708	1.00	119	19
709	1.00	119	52
710	1.00	119	117
717	1.00	121	82
718	1.00	121	152
719	1.00	121	137
720	1.00	121	104
721	1.00	121	143
722	1.00	121	88
723	1.00	121	124
724	2.00	122	4
725	1.00	122	15
728	4.00	124	4
729	1.00	124	167
730	1.00	124	174
731	1.00	125	8
732	1.00	125	2
733	1.00	125	101
734	2.00	126	6
735	2.00	126	33
737	1.00	126	21
738	1.00	127	10
739	1.00	127	42
740	1.00	127	55
741	1.00	128	28
742	1.00	128	6
743	2.00	128	14
744	2.00	128	28
753	1.00	130	29
754	2.00	130	28
755	1.00	130	23
756	1.00	130	183
757	1.00	130	42
758	1.00	130	35
759	1.00	130	137
760	1.00	130	178
761	8.00	131	7
762	3.00	131	16
763	2.00	131	14
764	1.00	132	4
765	1.00	132	5
766	1.00	132	2
767	2.00	132	38
768	1.00	132	40
769	1.00	132	39
770	1.00	132	52
771	1.00	132	49
772	1.00	132	50
773	1.00	132	113
774	1.00	132	121
775	1.00	132	133
776	1.00	132	157
777	1.00	132	156
778	1.00	132	114
779	1.00	132	129
796	1.00	134	96
797	2.00	134	94
798	1.00	134	101
799	1.00	134	113
800	1.00	134	157
801	2.00	134	16
802	1.00	134	18
803	1.00	134	20
804	1.00	134	22
805	1.00	134	4
806	1.00	134	42
818	1.00	116	26
819	1.00	116	177
822	1.00	136	4
823	1.00	136	16
824	1.00	136	21
825	1.00	136	30
826	1.00	136	56
827	1.00	136	17
828	1.00	136	37
829	1.00	136	82
830	1.00	137	39
831	3.00	137	7
832	1.00	137	35
833	1.00	137	37
834	1.00	137	21
835	2.00	137	48
836	1.00	137	50
837	1.00	137	54
838	0.50	137	181
839	1.00	137	75
840	1.00	137	76
841	1.00	138	8
842	2.00	138	34
843	1.00	138	30
844	1.00	138	28
845	1.00	138	21
846	1.00	138	29
847	1.00	138	15
848	1.00	138	55
849	1.00	138	162
850	4.00	139	4
851	2.00	140	4
852	2.00	140	28
853	2.00	140	27
854	1.00	140	38
855	1.00	140	34
856	1.00	140	33
857	1.00	140	35
859	1.00	141	183
860	2.00	141	7
861	1.00	141	70
862	1.00	141	71
863	1.00	141	171
864	1.00	141	137
865	1.00	141	87
866	1.00	142	21
867	1.00	142	50
868	1.00	142	55
869	1.00	142	16
870	1.00	142	183
871	1.00	143	8
872	1.00	143	7
873	2.00	143	183
874	1.00	143	15
875	1.00	143	19
876	2.00	143	28
877	1.00	143	38
878	1.00	143	48
879	1.00	143	90
880	1.00	143	94
881	1.00	143	95
893	1.00	145	23
894	1.00	145	115
895	1.00	145	113
896	1.00	145	144
897	1.00	145	181
898	1.00	145	104
899	2.00	146	21
900	3.00	146	4
901	1.00	146	80
902	1.00	146	189
903	5.00	147	28
904	2.00	147	15
905	1.00	147	4
906	2.00	147	7
907	2.00	147	6
908	1.00	147	8
909	1.00	147	183
910	2.00	148	7
911	1.00	148	6
915	1.00	151	34
916	1.00	151	118
917	1.00	151	155
918	1.00	151	104
919	1.00	151	86
920	1.00	151	181
921	1.00	151	167
922	1.00	151	180
923	1.00	151	94
924	1.00	151	95
925	1.00	152	28
926	1.00	152	54
927	1.00	153	26
928	1.00	153	34
929	1.00	153	55
930	1.00	153	113
931	1.00	153	118
932	1.00	153	181
933	1.00	154	4
934	1.00	154	183
935	1.00	154	11
936	1.00	154	170
937	5.00	155	7
938	3.00	156	15
939	4.00	156	28
940	3.00	156	6
941	3.00	156	8
942	1.00	156	29
943	2.00	156	34
944	2.00	156	35
945	2.00	157	39
946	1.00	157	96
947	1.00	157	144
948	1.00	157	149
953	2.00	159	192
954	2.00	159	118
955	1.00	159	65
956	1.00	159	109
957	3.00	159	48
958	1.00	159	54
959	4.00	159	6
960	2.00	160	5
961	1.00	160	36
962	1.00	160	21
963	1.00	160	28
964	1.00	160	6
965	2.00	160	2
966	1.00	160	107
967	1.00	152	10
968	1.00	152	5
969	1.00	152	8
970	1.00	152	193
971	1.00	152	70
972	1.00	152	188
973	1.00	152	106
974	1.00	161	84
975	1.00	161	28
976	1.00	161	50
977	1.00	161	35
982	3.00	163	40
983	1.00	163	107
984	1.00	164	29
985	1.00	164	28
986	1.00	164	70
987	1.00	164	69
988	1.00	164	182
989	1.00	164	122
990	1.00	164	108
991	1.00	164	86
992	1.00	164	103
993	1.00	164	116
994	1.00	164	33
995	1.00	165	194
996	1.00	165	88
997	1.00	165	143
998	2.00	165	6
999	1.00	159	124
1000	1.00	166	7
1001	2.00	166	4
1002	1.00	166	14
1003	1.00	166	15
1004	1.00	166	28
1005	1.00	166	34
1006	1.00	166	54
1007	1.00	166	10
1008	1.00	166	36
1009	1.00	166	35
1010	1.00	166	114
1011	5.00	167	4
1012	5.00	167	183
1013	10.00	167	70
1014	1.00	167	50
1015	3.00	168	53
1016	3.00	168	17
1017	2.00	168	25
1018	1.00	168	28
1019	2.00	168	165
1020	2.00	169	35
1021	1.00	169	29
1022	1.00	169	52
1023	3.00	170	48
1024	2.00	170	7
1025	1.00	170	88
1028	2.00	170	75
1029	1.00	171	117
1030	1.00	171	33
1031	1.00	171	41
1032	2.00	171	54
1033	1.00	171	20
1034	1.00	171	52
1035	1.00	171	39
1036	1.00	172	165
1037	1.00	172	137
1038	1.00	172	113
1039	1.00	172	87
1040	1.00	172	124
1041	1.00	172	158
1042	1.00	172	155
1043	1.00	172	115
1044	1.00	172	152
1045	1.00	172	45
1046	1.00	173	104
1047	1.00	173	156
1048	1.00	173	152
1049	1.00	173	154
1050	1.00	173	137
1051	1.00	173	124
1052	1.00	173	116
1053	1.00	173	88
1054	2.00	173	164
1055	1.00	173	179
1056	1.00	173	7
1057	1.00	173	37
1059	1.00	174	124
1060	1.00	174	118
1061	1.00	174	116
1062	1.00	174	66
1063	1.00	174	3
1064	1.00	174	30
1065	1.00	174	37
1066	1.00	174	47
1067	1.00	174	5
1068	1.00	175	84
1069	1.00	175	116
1070	1.00	175	80
1071	1.00	175	4
1072	1.00	175	28
1073	1.00	175	10
1074	1.00	175	36
1075	1.00	176	85
1076	1.00	177	26
1077	1.00	177	45
1078	1.00	177	33
1079	1.00	177	8
1080	1.00	177	7
1081	1.00	177	16
1082	1.00	177	29
1083	1.00	177	107
1084	1.00	177	137
1085	1.00	177	28
1086	1.00	178	4
1087	1.00	178	6
1088	1.00	178	11
1089	1.00	178	2
1090	1.00	178	15
1096	2.00	168	49
1097	2.00	168	162
1098	1.00	168	117
1099	6.00	180	8
1100	3.00	180	35
1101	3.00	180	33
1102	1.00	180	109
1103	2.00	180	141
1109	1.00	182	8
1110	1.00	182	18
1111	1.00	182	107
1112	1.00	183	138
1113	1.00	183	116
1114	1.00	183	152
1115	1.00	183	50
1116	1.00	184	184
1117	1.00	184	112
1118	1.00	184	130
1119	1.00	184	159
1120	1.00	184	102
1121	1.00	184	128
1122	1.00	184	111
1123	1.00	184	85
1124	1.00	184	36
1125	1.00	185	6
1126	1.00	185	4
1127	1.00	185	10
1128	1.00	185	38
1129	1.00	185	182
1130	1.00	185	70
1131	1.00	186	102
1132	1.00	186	114
1133	1.00	186	115
1134	1.00	186	87
1135	1.00	186	123
1136	1.00	186	178
1137	1.00	186	165
1138	1.00	186	30
1139	1.00	186	14
1140	1.00	187	8
1141	1.00	187	2
1142	1.00	187	35
1143	1.00	188	83
1144	1.00	188	106
1145	1.00	188	35
1146	3.00	189	28
1149	2.00	191	28
1150	1.00	192	15
1151	2.00	192	34
1152	1.00	192	113
1153	1.00	192	140
1154	1.00	192	83
1155	1.00	192	176
1156	1.00	192	178
1157	1.00	192	179
1159	1.00	193	183
1160	1.00	193	7
1161	1.00	193	21
1162	1.00	193	28
1163	1.00	193	10
1164	1.00	193	184
1165	1.00	193	179
1166	1.00	193	182
1167	1.00	193	70
1168	1.00	193	170
1169	2.00	194	17
1170	1.00	194	19
1171	1.00	194	24
1172	1.00	194	33
1173	2.00	194	45
1174	1.00	194	104
1175	1.00	194	105
1176	1.00	194	116
1177	1.00	194	70
1178	1.00	194	178
1179	1.00	194	73
1180	1.00	195	16
1181	1.00	195	55
1182	1.00	195	183
1183	1.00	195	15
1184	1.00	195	49
1185	1.00	195	28
1186	1.00	195	189
1187	1.00	195	186
1188	1.00	195	82
1189	1.00	195	165
1190	1.00	195	81
1191	1.00	196	2
1192	1.00	196	15
1193	2.00	196	21
1194	1.00	196	37
1195	1.00	196	35
1196	1.00	196	28
1197	2.00	196	40
1198	1.00	196	111
1199	1.00	196	87
1201	2.00	197	70
1202	2.00	197	182
1203	1.00	197	50
1204	1.00	197	5
1205	1.00	197	6
1206	1.00	198	137
1207	1.00	198	35
1208	1.00	198	4
1209	1.00	198	2
1210	2.00	199	17
1211	1.00	199	34
1212	1.00	199	86
1215	5.00	200	4
1216	1.00	200	21
1217	1.00	200	38
1218	3.00	200	47
1225	1.00	199	28
1226	1.00	199	30
1227	1.00	197	152
1228	1.00	197	181
1229	1.00	199	36
1230	1.00	202	165
1231	1.00	202	86
1232	1.00	202	159
1233	1.00	202	139
1238	2.00	204	25
1239	2.00	204	8
1240	2.00	204	17
1241	1.00	204	44
1242	1.00	204	28
1243	1.00	204	36
1244	1.00	204	116
1245	1.00	204	118
1246	1.00	205	137
1247	1.00	205	84
1248	1.00	205	49
1249	1.00	205	48
1250	1.00	206	50
1251	1.00	206	183
1252	1.00	206	5
1253	1.00	206	21
1254	1.00	206	29
1255	1.00	206	30
1256	1.00	206	2
1257	1.00	206	167
1258	1.00	206	109
1259	1.00	206	85
1260	1.00	206	140
1261	1.00	207	137
1262	1.00	207	21
1263	1.00	207	8
1264	1.00	207	53
1269	1.00	192	93
1270	1.00	209	159
1271	1.00	209	124
1272	2.00	210	4
1273	1.00	210	183
1274	1.00	210	164
1275	1.00	211	183
1276	1.00	211	36
1277	1.00	211	8
1278	1.00	211	51
1279	1.00	211	84
1280	1.00	212	29
1281	1.00	212	36
1282	1.00	212	28
1283	1.00	212	41
1284	1.00	212	82
1285	1.00	212	86
1286	1.00	212	108
1287	1.00	212	106
1288	1.00	212	120
1289	1.00	212	116
1290	3.00	213	29
1291	3.00	213	28
1292	1.00	213	165
1293	2.00	213	20
1294	2.00	213	33
1300	2.00	215	84
1301	2.00	215	181
1302	1.00	215	89
1303	1.00	215	34
1304	1.00	216	29
1305	1.00	216	54
1306	1.00	216	48
1307	3.00	217	5
1308	1.00	217	4
1309	1.00	217	16
1310	1.00	217	50
1311	1.00	217	185
1312	1.00	217	186
1313	2.00	218	183
1314	1.00	218	4
1315	2.00	218	21
1317	1.00	218	2
1318	1.00	218	28
1319	1.00	218	124
1320	1.00	218	117
1321	4.00	219	16
1322	5.00	219	14
1323	1.00	220	4
1324	1.00	220	183
1325	1.00	220	50
1326	1.00	220	2
1327	1.00	220	21
1328	1.00	220	5
1329	1.00	221	4
1330	1.00	221	10
1331	2.00	221	27
1332	1.00	221	6
1333	1.00	221	11
1334	1.00	221	48
1335	1.00	222	109
1336	2.00	222	118
1337	1.00	222	65
1338	1.00	222	85
1339	3.00	222	48
1340	4.00	222	6
1341	1.00	222	33
1342	1.00	222	54
1343	2.00	223	4
1344	1.00	223	101
1345	1.00	224	183
1346	1.00	224	4
1347	1.00	224	21
1348	1.00	224	28
1353	1.00	226	183
1354	1.00	226	55
1355	2.00	226	50
1356	1.00	226	29
1357	1.00	226	4
1358	1.00	226	198
1359	1.00	227	5
1360	1.00	227	50
1361	1.00	227	183
1362	1.00	227	2
1363	1.00	227	6
1364	1.00	227	10
1365	1.00	227	115
1373	3.00	229	4
1374	1.00	229	28
1375	1.00	229	182
1379	1.00	231	4
1380	1.00	231	27
1381	1.00	231	75
1385	2.00	233	10
1386	2.00	233	7
1387	1.00	234	152
1388	1.00	234	137
1389	1.00	234	36
1390	1.00	234	28
1391	1.00	234	6
1397	8.00	236	85
1398	8.00	236	84
1399	3.00	237	7
1400	3.00	237	6
1401	1.00	237	10
1402	2.00	237	38
1403	1.00	237	20
1404	1.00	237	36
1405	1.00	237	111
1406	1.00	237	113
1407	1.00	237	115
1409	1.00	238	183
1410	1.00	238	35
1411	1.00	238	29
1412	1.00	238	26
1413	1.00	238	7
1414	1.00	238	128
1415	1.00	238	106
1416	1.00	238	142
1417	2.00	239	124
1418	2.00	239	159
1419	1.00	239	107
1420	1.00	240	28
1421	1.00	240	5
1422	1.00	240	42
1423	1.00	241	152
1424	1.00	241	137
1425	1.00	241	165
1426	2.00	176	152
1427	1.00	176	4
1428	1.00	176	34
1429	1.00	238	53
1430	1.00	242	4
1431	1.00	242	183
1432	1.00	242	28
1433	1.00	243	5
1434	2.00	243	10
1435	1.00	243	15
1436	1.00	243	85
1437	1.00	243	115
1438	1.00	244	6
1439	1.00	244	183
1440	1.00	244	115
1441	1.00	244	116
1442	1.00	244	120
1443	1.00	244	188
1444	1.00	244	128
1445	2.00	212	4
1446	1.00	212	16
1447	1.00	212	2
1452	1.00	247	19
1453	1.00	247	14
1454	1.00	247	42
1455	1.00	247	35
1456	1.00	247	29
1457	1.00	247	199
1458	1.00	247	200
1459	1.00	248	183
1460	1.00	248	21
1461	1.00	248	41
1462	1.00	248	36
1463	2.00	213	182
1464	2.00	213	21
1465	4.00	249	6
1466	1.00	250	8
1467	1.00	250	28
1468	1.00	250	183
1469	2.00	251	35
1470	1.00	252	183
1471	1.00	252	5
1472	1.00	252	21
1473	1.00	252	28
1474	1.00	252	41
1475	4.00	253	183
1476	1.00	251	38
1477	1.00	251	23
1478	1.00	251	21
1479	1.00	254	48
1480	1.00	254	50
1481	1.00	254	8
1482	1.00	254	173
1483	1.00	254	164
1484	1.00	255	28
1485	1.00	255	4
1486	1.00	255	15
1487	1.00	255	2
1488	1.00	256	4
1489	1.00	256	21
1490	1.00	256	50
1491	1.00	256	5
1492	1.00	256	80
1493	1.00	257	4
1494	1.00	257	38
1495	1.00	257	40
1496	1.00	257	183
1497	1.00	257	181
1498	1.00	257	29
1499	1.00	257	28
1500	1.00	257	111
1501	2.00	258	4
1502	4.00	258	182
1503	2.00	258	45
1504	2.00	258	38
1505	1.00	258	163
1506	1.00	259	7
1507	1.00	259	8
1508	1.00	259	38
1509	1.00	259	53
1510	1.00	259	100
1511	1.00	259	129
1512	1.00	259	199
1513	2.00	260	4
1514	2.00	260	183
1515	1.00	260	200
1516	1.00	261	29
1517	1.00	261	21
1518	1.00	261	28
1519	1.00	261	65
1520	1.00	261	201
1521	1.00	261	137
1522	2.00	262	28
1523	1.00	262	43
1524	1.00	262	4
1525	2.00	262	118
1526	1.00	262	113
1527	2.00	262	152
1528	1.00	262	155
1529	1.00	263	4
1530	1.00	263	7
1531	1.00	263	54
1532	1.00	263	29
1533	1.00	263	28
1534	1.00	263	100
1535	1.00	263	122
1536	1.00	263	86
1537	1.00	263	94
1538	1.00	264	183
1539	1.00	264	38
1540	1.00	264	34
1541	1.00	264	50
1542	1.00	264	16
1543	1.00	265	28
1544	1.00	266	6
1545	1.00	266	21
1546	1.00	266	27
1547	1.00	266	28
1548	1.00	266	10
1549	1.00	266	11
1550	3.00	267	28
1551	1.00	268	4
1552	1.00	268	183
1553	1.00	268	28
1554	1.00	269	183
1555	1.00	269	5
1556	1.00	269	14
1557	1.00	269	27
1558	1.00	269	42
1559	1.00	269	52
1560	1.00	270	55
1561	1.00	270	183
1562	2.00	270	23
1563	2.00	270	38
1564	2.00	270	28
1565	1.00	270	6
1566	1.00	271	183
1567	1.00	271	6
1568	1.00	271	14
1569	1.00	271	2
1570	1.00	271	42
1571	1.00	272	7
1572	1.00	272	20
1573	1.00	272	26
1574	1.00	272	38
1575	1.00	272	11
1576	1.00	272	49
1577	1.00	272	107
1578	1.00	272	110
1579	1.00	272	111
1580	1.00	272	200
1581	1.00	272	182
1582	1.00	273	70
1583	1.00	273	104
1584	2.00	273	143
1585	1.00	273	184
1586	1.00	273	41
1587	1.00	273	28
1588	1.00	273	4
1589	1.00	274	82
1590	2.00	274	101
1591	1.00	274	181
1592	1.00	274	152
1597	1.00	276	53
1598	1.00	276	6
1599	2.00	276	21
1600	1.00	276	183
1601	2.00	276	4
1602	4.00	277	4
1603	1.00	278	10
1604	1.00	278	183
1605	1.00	278	21
1606	1.00	279	202
1607	1.00	279	137
1608	1.00	279	36
1609	1.00	279	52
1610	1.00	279	7
1611	1.00	280	84
1612	0.50	280	98
1613	1.00	280	180
1615	1.00	280	95
1616	1.00	280	128
1617	1.00	280	37
1618	1.00	280	183
1619	1.00	280	5
1620	1.00	280	28
1621	1.00	280	38
1622	1.00	280	53
1623	2.00	281	183
1624	2.00	281	29
1625	3.00	281	33
1626	3.00	281	35
1627	3.00	282	7
1628	1.00	282	10
1629	2.00	282	15
1630	1.00	282	20
1631	1.00	283	5
1632	1.00	283	60
1633	1.00	283	27
1634	1.00	283	30
1635	1.00	283	35
1636	1.00	283	186
1637	1.00	283	21
1638	1.00	283	50
1639	1.00	283	181
1640	1.00	283	202
1641	1.00	283	115
1642	2.00	284	4
1643	1.00	284	6
1644	1.00	284	19
1645	1.00	284	28
1646	1.00	284	184
1647	3.00	285	8
1648	1.00	285	16
1649	1.00	285	17
1650	1.00	286	4
1651	1.00	286	2
1652	1.00	286	28
1653	1.00	286	39
1654	1.00	287	183
1655	1.00	287	21
1656	1.00	287	50
1657	1.00	287	23
1658	1.00	288	28
1659	3.00	288	6
1660	2.00	288	2
1661	1.00	288	184
1662	1.00	288	198
1663	2.00	288	182
1664	2.00	288	203
1665	3.00	289	8
1666	1.00	289	14
1667	1.00	289	2
1668	1.00	289	42
1669	2.00	290	4
1670	1.00	290	21
1674	1.00	292	84
1675	1.00	292	98
1676	1.00	292	94
1677	1.00	292	50
1678	1.00	292	5
1679	1.00	292	55
1680	2.00	293	50
1681	1.00	293	202
1682	1.00	293	143
1683	1.00	293	87
1684	1.00	293	93
1685	1.00	293	180
1686	1.00	294	94
1687	1.00	294	180
1688	1.00	294	202
1689	1.00	294	137
1690	1.00	294	152
1691	1.00	294	104
1692	1.00	294	138
1693	2.00	294	14
1694	1.00	295	183
1695	1.00	295	21
1696	1.00	295	28
1697	1.00	295	50
1698	1.00	295	10
1699	1.00	295	184
1700	1.00	296	85
1701	1.00	296	144
1702	1.00	296	181
1703	1.00	296	101
1704	1.00	296	105
1705	1.00	296	54
1706	1.00	296	24
1707	1.00	296	28
1708	1.00	297	183
1709	1.00	297	4
1710	1.00	297	88
1711	1.00	297	124
1712	1.00	297	94
1713	2.00	298	182
1714	1.00	298	198
1715	1.00	298	137
1716	1.00	298	83
1717	1.00	298	21
1718	1.00	298	8
1719	1.00	298	28
1720	1.00	299	183
1721	1.00	299	28
1722	2.00	299	7
1723	1.00	299	10
1724	1.00	299	193
1725	1.00	299	75
1726	1.00	300	183
1727	1.00	300	181
1728	1.00	300	39
1729	1.00	300	88
1730	1.00	298	105
1731	1.00	268	163
1732	1.00	301	183
1733	1.00	301	5
1734	1.00	301	16
1735	1.00	301	21
1736	1.00	301	33
1737	1.00	301	47
1738	1.00	301	50
1739	1.00	301	94
1740	1.00	301	199
1741	1.00	302	109
1742	2.00	302	118
1743	1.00	302	130
1744	1.00	302	89
1745	1.00	302	124
1746	1.00	302	192
1747	1.00	302	180
1748	1.00	302	94
1749	3.00	302	48
1750	1.00	302	54
1751	1.00	260	10
1752	1.00	303	29
1753	3.00	303	28
1754	1.00	303	8
1755	1.00	304	28
1756	1.00	304	27
1757	1.00	304	33
1758	1.00	304	35
1759	1.00	304	38
1760	1.00	304	39
1761	1.00	304	96
1762	2.00	305	152
1763	2.00	305	118
1764	1.00	305	87
1765	1.00	306	183
1766	1.00	306	202
1767	1.00	306	4
1768	1.00	306	6
1769	1.00	306	2
1770	1.00	306	7
1771	1.00	306	118
1772	1.00	307	88
1773	1.00	307	85
1774	1.00	307	115
1775	1.00	307	94
1776	1.00	307	16
1777	1.00	307	44
1784	1.00	309	28
1785	1.00	309	6
1786	1.00	309	21
1787	1.00	309	55
1788	1.00	309	101
1789	1.00	310	33
1790	1.00	310	30
1791	1.00	310	28
1792	1.00	310	16
1793	1.00	310	2
1794	1.00	310	7
1795	1.00	310	6
1796	2.00	311	2
1797	2.00	311	11
1798	1.00	311	28
1799	1.00	311	101
1800	1.00	312	101
1801	1.00	312	116
1802	1.00	312	120
1803	1.00	312	124
1804	2.00	312	137
1805	2.00	312	162
1806	3.00	312	94
1807	1.00	313	50
1808	1.00	313	6
1809	1.00	313	33
1810	1.00	313	10
1811	1.00	313	28
1812	1.00	313	152
1813	1.00	313	156
1814	1.00	313	124
1815	1.00	313	90
1816	2.00	314	4
1817	1.00	314	15
1818	2.00	314	16
1819	2.00	315	94
1820	1.00	315	180
1821	1.00	316	88
1822	1.00	317	152
1823	1.00	317	181
1824	1.00	317	137
1825	1.00	317	202
1826	1.00	317	82
1827	1.00	317	155
1828	1.00	317	97
1829	1.00	317	20
1830	1.00	317	50
1831	1.00	317	23
1832	1.00	317	29
1833	1.00	318	10
1834	1.00	318	11
1835	1.00	318	14
1836	1.00	318	21
1837	1.00	318	27
1838	1.00	318	34
1839	1.00	318	50
1840	1.00	318	107
1841	1.00	319	202
1842	1.00	319	115
1843	1.00	319	116
1844	1.00	319	118
1845	1.00	319	45
1846	1.00	319	90
1855	1.00	321	107
1856	1.00	321	104
1857	1.00	321	117
1858	1.00	321	118
1859	1.00	321	156
1860	1.00	321	155
1861	1.00	321	111
1862	1.00	321	198
1863	1.00	322	7
1864	1.00	322	10
1865	2.00	322	44
1866	1.00	322	20
1867	1.00	322	34
1868	1.00	322	160
1869	1.00	323	33
1870	1.00	323	36
1871	1.00	323	45
1872	1.00	323	94
1873	1.00	323	96
1874	1.00	324	8
1875	1.00	324	4
1876	1.00	324	10
1877	1.00	325	4
1878	1.00	325	48
1879	1.00	325	115
1880	1.00	325	101
1881	1.00	325	111
1882	1.00	325	97
1883	1.00	325	180
1884	1.00	325	84
1885	1.00	322	142
1886	1.00	326	36
1887	1.00	326	33
1888	1.00	326	204
1889	2.00	326	205
1890	4.00	326	58
1891	1.00	326	73
1893	2.00	326	163
1894	1.00	326	149
1895	1.00	326	117
1896	1.00	326	135
1897	2.00	326	113
1898	2.00	326	118
1899	1.00	326	119
1900	1.00	326	121
1901	1.00	326	181
1902	1.00	326	109
1903	5.00	327	6
1904	1.00	328	183
1905	1.00	328	7
1906	1.00	328	2
1907	1.00	328	29
1908	1.00	328	35
1909	1.00	328	53
1910	1.00	328	45
1911	1.00	328	128
1912	1.00	328	164
1913	1.00	316	116
1914	1.00	316	206
1915	1.00	316	137
1916	1.00	316	179
1917	1.00	316	94
1918	1.00	316	200
1919	1.00	316	17
1920	1.00	316	27
1921	1.00	316	36
1922	1.00	316	33
1923	1.00	316	35
1924	1.00	329	82
1925	1.00	329	162
1926	1.00	329	4
1927	1.00	329	6
1928	2.00	329	19
1929	1.00	329	54
1930	1.00	329	36
1931	1.00	330	5
1932	1.00	330	10
1933	1.00	330	20
1934	1.00	330	49
1935	1.00	330	50
1936	1.00	330	189
1937	1.00	330	55
1938	1.00	330	169
1939	1.00	331	8
1940	1.00	331	36
1941	1.00	331	15
1942	1.00	331	118
1943	1.00	331	116
1949	2.00	333	2
1950	1.00	333	37
1951	1.00	333	52
1952	1.00	333	107
1953	1.00	333	101
1954	1.00	333	118
1955	1.00	334	7
1956	1.00	334	16
1957	1.00	334	15
1958	1.00	334	28
1959	1.00	334	38
1960	1.00	335	94
1961	1.00	335	138
1962	1.00	335	88
1964	1.00	335	143
1965	1.00	335	151
1966	1.00	335	87
1967	1.00	335	89
1968	1.00	335	183
1969	1.00	335	4
1970	1.00	335	21
1971	1.00	335	28
1972	1.00	335	137
1973	1.00	336	183
1974	1.00	336	55
1975	3.00	336	28
1976	1.00	336	29
1977	1.00	336	36
1978	1.00	336	48
1979	1.00	336	34
1980	1.00	336	181
1981	1.00	336	83
1982	1.00	336	91
1983	1.00	337	6
1984	2.00	337	2
1985	1.00	337	10
1986	1.00	337	42
1987	1.00	338	5
1988	1.00	338	21
1989	1.00	338	34
1990	1.00	338	35
1991	1.00	338	108
1992	1.00	338	173
1993	1.00	338	162
1994	1.00	339	16
1995	1.00	339	26
1996	1.00	339	55
1997	1.00	339	37
1998	1.00	340	23
1999	1.00	340	28
2000	1.00	340	36
2001	1.00	340	40
2002	1.00	340	205
2003	1.00	341	29
2004	1.00	341	7
2005	1.00	341	4
2006	2.00	342	8
2007	1.00	342	33
2008	1.00	342	70
2009	1.00	342	97
2010	1.00	342	116
2011	1.00	342	124
2012	1.00	342	107
2020	3.00	344	38
2021	2.00	344	35
2022	1.00	344	27
2023	1.00	345	86
2024	1.00	345	88
2025	1.00	345	124
2026	1.00	345	115
2027	1.00	345	205
2028	1.00	345	144
2029	1.00	345	96
2030	3.00	346	4
2031	1.00	346	6
2032	1.00	346	184
2036	2.00	348	4
2037	1.00	348	183
2038	2.00	348	50
2039	1.00	348	189
2040	1.00	348	47
2041	1.00	348	38
2042	1.00	348	43
2043	1.00	348	28
2044	1.00	348	188
2045	3.00	349	8
2046	1.00	350	5
2047	1.00	350	21
2048	1.00	350	138
2049	1.00	350	206
2050	2.00	351	183
2051	2.00	351	4
2052	1.00	351	26
2053	1.00	351	6
2054	1.00	351	8
2055	1.00	351	28
2056	1.00	351	184
2057	1.00	351	94
2058	1.00	351	95
2059	1.00	351	115
2070	1.00	353	107
2071	1.00	353	8
2072	1.00	353	6
2073	2.00	353	34
2074	1.00	353	30
2075	1.00	353	4
2076	1.00	353	33
2077	1.00	353	44
2078	5.00	354	16
2079	10.00	354	7
2080	2.00	355	15
2081	2.00	355	16
2082	2.00	355	183
2083	1.00	356	70
2084	1.00	356	69
2085	1.00	356	182
2086	1.00	356	5
2087	1.00	356	4
2088	1.00	356	183
2089	1.00	356	11
2090	1.00	356	21
2091	1.00	356	2
2095	1.00	358	4
2096	1.00	358	2
2097	1.00	358	14
2098	1.00	358	35
2099	1.00	358	29
2100	1.00	358	54
2101	1.00	358	101
2102	2.00	358	113
2103	1.00	358	205
2104	1.00	358	184
2105	2.00	359	4
2106	1.00	359	183
2107	1.00	359	11
2108	1.00	359	28
2109	1.00	359	10
2110	1.00	359	205
2111	21.00	360	10
2112	7.00	360	183
2113	1.00	361	4
2114	1.00	361	183
2115	1.00	361	36
2116	1.00	361	44
2117	1.00	361	21
2118	1.00	361	38
2119	1.00	361	6
2120	8.00	362	8
2121	2.00	362	7
2122	1.00	362	47
2127	1.00	364	183
2128	1.00	364	2
2129	2.00	364	10
2130	1.00	365	70
2131	1.00	365	184
2132	1.00	365	177
2133	1.00	365	5
2134	1.00	365	11
2135	1.00	365	183
2136	1.00	366	24
2137	1.00	366	52
2138	1.00	366	17
2139	1.00	366	8
2140	1.00	366	39
2141	1.00	366	73
2142	1.00	366	75
2143	1.00	367	183
2144	1.00	367	6
2145	1.00	367	2
2146	1.00	367	16
2147	1.00	367	27
2148	1.00	367	38
2149	1.00	367	40
2150	1.00	367	52
2151	1.00	367	8
2152	1.00	367	199
2153	1.00	367	188
2154	1.00	367	96
2167	1.00	369	7
2168	1.00	369	8
2169	1.00	369	15
2170	1.00	369	20
2171	1.00	369	28
2172	1.00	369	34
2173	1.00	369	49
2174	1.00	369	2
2175	5.00	370	4
2176	5.00	370	183
2177	2.00	370	5
2178	1.00	370	6
2179	3.00	370	10
2180	7.00	370	33
2181	10.00	370	27
2182	2.00	370	14
2183	2.00	370	54
2184	2.00	370	7
2185	5.00	370	35
2186	2.00	370	15
2187	2.00	370	34
2188	2.00	370	18
2189	1.00	370	115
2190	1.00	370	206
2191	1.00	370	113
2192	1.00	370	114
2193	1.00	371	2
2194	1.00	371	16
2195	1.00	371	28
2196	1.00	372	4
2197	1.00	372	28
2198	1.00	372	50
2199	1.00	372	169
2200	1.00	373	101
2201	1.00	373	205
2202	1.00	373	169
2203	1.00	373	142
2204	1.00	373	104
2205	1.00	373	17
2212	1.00	375	183
2213	1.00	375	21
2214	1.00	375	28
2215	2.00	375	29
2216	1.00	375	26
2217	1.00	375	58
2218	2.00	375	162
2219	1.00	375	11
2220	5.00	376	5
2221	2.00	376	40
2222	1.00	376	2
2223	1.00	376	14
2224	1.00	376	107
2225	2.00	377	4
2226	2.00	377	6
2227	2.00	377	19
2228	1.00	377	30
2229	2.00	377	33
2230	2.00	377	39
2231	1.00	377	40
2232	1.00	377	179
2233	1.00	377	107
2234	1.00	377	109
2235	1.00	377	111
2236	2.00	377	113
2237	2.00	377	114
2238	1.00	377	204
2239	1.00	378	6
2240	1.00	378	19
2241	1.00	378	16
2242	1.00	378	38
2243	1.00	378	47
2244	1.00	378	73
2245	1.00	379	205
2246	1.00	379	152
2247	1.00	379	158
2248	1.00	379	113
2249	1.00	379	124
2250	1.00	379	87
2251	1.00	379	155
2252	1.00	379	130
2253	1.00	379	54
2254	1.00	379	94
2255	1.00	380	4
2256	1.00	380	14
2257	1.00	380	21
2258	1.00	380	28
2259	1.00	380	33
2260	1.00	380	42
2261	1.00	380	46
2262	1.00	380	48
2263	1.00	380	206
2264	1.00	380	111
2265	2.00	380	198
2266	1.00	375	28
2267	1.00	375	50
2268	1.00	370	199
2269	1.00	370	188
2270	1.00	381	203
2271	1.00	381	42
2272	1.00	381	5
2273	1.00	381	30
2274	1.00	382	4
2275	2.00	382	21
2276	1.00	382	28
2277	1.00	382	47
2278	1.00	382	138
2286	1.00	384	181
2287	1.00	384	124
2288	1.00	384	120
2289	1.00	384	113
2290	2.00	385	4
2291	1.00	385	28
2292	2.00	385	51
2293	1.00	385	80
2294	1.00	386	50
2295	1.00	386	5
2296	1.00	386	183
2297	1.00	386	189
2298	1.00	386	33
2299	1.00	386	35
2300	1.00	386	10
2301	1.00	386	113
2302	1.00	386	163
2303	1.00	386	21
2304	1.00	386	38
2305	1.00	387	16
2306	2.00	387	29
2307	2.00	387	34
2308	1.00	387	28
2309	1.00	387	35
2310	3.00	388	4
2312	1.00	389	4
2313	1.00	389	21
2314	1.00	389	35
2315	1.00	389	198
2324	5.00	392	4
2325	1.00	393	21
2326	1.00	393	26
2327	2.00	393	8
2328	1.00	393	27
2329	1.00	393	53
2330	2.00	394	21
2331	2.00	394	189
2332	1.00	395	134
2333	1.00	395	144
2334	1.00	395	130
2335	1.00	395	165
2336	1.00	395	76
2337	1.00	395	97
2338	1.00	396	183
2339	1.00	396	10
2340	1.00	396	21
2341	1.00	396	33
2342	1.00	396	50
2343	1.00	397	183
2344	1.00	397	21
2345	1.00	397	50
2346	1.00	397	4
2347	1.00	397	184
2348	1.00	397	102
2349	1.00	397	114
2350	2.00	398	169
2351	1.00	398	163
2352	1.00	398	206
2353	1.00	398	205
2354	1.00	398	93
2355	1.00	398	90
2356	1.00	398	94
2357	1.00	398	97
2358	1.00	399	152
2359	1.00	399	156
2360	1.00	399	101
2361	1.00	399	116
2362	1.00	399	87
2363	1.00	399	169
2364	1.00	399	179
2365	1.00	400	36
2366	1.00	400	49
2367	1.00	400	8
2368	1.00	400	2
2369	1.00	400	165
2371	1.00	401	183
2372	1.00	401	5
2373	1.00	401	11
2374	1.00	401	10
2375	1.00	401	37
2376	3.00	402	6
2377	1.00	402	28
2378	1.00	402	82
2379	3.00	403	4
2380	2.00	403	34
2381	1.00	403	28
2382	1.00	403	27
2383	1.00	403	165
2384	1.00	403	94
2385	3.00	404	46
2386	3.00	404	47
2387	1.00	404	50
2388	1.00	404	23
2389	1.00	404	22
2390	1.00	404	21
2391	1.00	404	33
2392	1.00	404	4
2393	1.00	404	154
2394	1.00	404	199
2395	1.00	405	21
2396	1.00	405	23
2397	1.00	405	48
2398	1.00	406	4
2399	1.00	406	52
2400	1.00	406	21
2401	1.00	406	205
2402	1.00	406	150
2403	1.00	406	204
2404	1.00	406	202
2405	1.00	406	207
2406	1.00	406	165
2407	1.00	406	179
2408	2.00	407	7
2409	1.00	407	52
2410	1.00	407	114
2411	1.00	407	169
2412	4.00	408	4
2413	1.00	408	27
2414	2.00	408	30
2415	1.00	408	15
2416	1.00	408	33
2417	1.00	408	183
2418	1.00	408	2
2419	1.00	408	54
2420	1.00	408	15
2421	1.00	408	107
2422	1.00	409	188
2423	1.00	409	70
2424	1.00	409	69
2425	1.00	409	182
2426	1.00	409	203
2427	1.00	409	11
2428	1.00	409	183
2429	1.00	409	55
2431	1.00	411	4
2432	3.00	411	21
2433	2.00	411	50
2434	1.00	411	94
2436	6.00	413	4
2437	7.00	413	7
2438	1.00	413	8
2439	1.00	413	17
2440	1.00	413	104
2441	1.00	414	183
2442	1.00	414	4
2443	1.00	414	11
2444	1.00	414	15
2445	1.00	414	28
2446	1.00	414	29
2447	1.00	414	36
2448	1.00	414	63
2449	1.00	414	76
2450	1.00	414	198
2451	1.00	414	86
2452	1.00	414	104
2453	1.00	414	109
2454	1.00	414	112
2455	1.00	414	116
2456	1.00	414	137
2457	1.00	415	4
2458	1.00	415	5
2459	1.00	415	6
2460	1.00	415	101
2461	1.00	415	192
2462	1.00	407	184
2463	4.00	416	183
2464	1.00	416	4
2465	1.00	416	16
2466	2.00	416	2
2467	1.00	416	205
2472	3.00	418	53
2473	2.00	418	8
2474	1.00	418	17
2475	2.00	418	165
2476	4.00	418	171
2483	1.00	420	34
2484	1.00	420	37
2485	1.00	420	62
2486	1.00	420	73
2487	1.00	420	198
2488	1.00	420	113
2489	1.00	420	206
2490	1.00	420	119
2491	1.00	420	130
2492	1.00	420	135
2493	1.00	400	208
2494	2.00	421	4
2495	1.00	421	5
2496	1.00	421	11
2497	1.00	421	183
2498	1.00	421	48
2499	2.00	422	5
2500	2.00	422	183
2501	1.00	422	21
2502	1.00	422	28
2503	1.00	422	45
2504	1.00	422	54
2505	1.00	422	52
2506	1.00	422	35
2507	1.00	422	202
2508	1.00	422	116
2509	1.00	422	95
2510	1.00	423	33
2511	1.00	423	105
2512	1.00	423	137
2513	1.00	424	20
2514	1.00	424	101
2515	1.00	424	157
2516	1.00	424	152
2517	1.00	424	116
2518	1.00	425	4
2519	1.00	425	55
2520	1.00	425	11
2521	1.00	425	14
2522	1.00	425	34
2523	1.00	425	42
2524	1.00	425	209
2525	1.00	425	170
2526	1.00	425	165
2527	1.00	426	7
2528	1.00	426	8
2529	1.00	426	28
2530	1.00	426	36
2531	1.00	426	38
2532	1.00	426	53
2533	1.00	426	88
2534	1.00	426	113
2535	1.00	426	114
2536	1.00	426	138
2537	1.00	426	180
2538	1.00	426	200
2539	1.00	427	165
2540	1.00	428	15
2541	2.00	428	33
2542	2.00	428	35
2543	1.00	428	83
2544	1.00	428	105
2545	1.00	428	111
2546	1.00	428	165
2547	3.00	429	28
2548	1.00	429	27
2549	1.00	429	116
2550	1.00	429	164
2551	1.00	429	180
2552	1.00	430	162
2553	1.00	430	72
2554	1.00	430	165
2555	1.00	430	185
2556	1.00	430	205
2557	1.00	431	4
2558	1.00	431	183
2559	1.00	431	29
2560	1.00	431	21
2561	1.00	431	2
2562	1.00	431	101
2563	4.00	432	7
2564	1.00	432	28
2565	1.00	432	49
2566	1.00	432	193
2567	1.00	432	165
2568	1.00	433	4
2569	1.00	433	107
2570	2.00	433	50
2571	2.00	433	5
2572	1.00	434	62
2573	1.00	434	183
2574	1.00	434	28
2575	1.00	435	4
2576	1.00	435	29
2577	1.00	435	21
2578	2.00	435	34
2579	1.00	435	2
2580	1.00	435	38
2581	1.00	435	28
2582	1.00	435	48
2583	1.00	435	7
2584	1.00	435	177
2585	1.00	435	169
2586	1.00	435	70
2587	1.00	436	5
2588	1.00	436	2
2589	1.00	436	37
2590	1.00	436	96
2595	1.00	438	198
2596	1.00	438	6
2597	1.00	438	36
2598	1.00	438	48
2599	1.00	439	4
2600	1.00	439	47
2601	1.00	439	104
2602	1.00	439	202
2603	1.00	439	207
2604	1.00	440	5
2605	1.00	440	35
2606	1.00	440	28
2607	1.00	441	4
2608	1.00	441	183
2609	1.00	441	6
2610	1.00	441	51
2611	1.00	441	89
2612	1.00	441	208
2619	3.00	443	4
2620	2.00	443	29
2621	1.00	443	38
2622	2.00	443	6
2623	2.00	443	15
2624	2.00	443	2
2625	1.00	443	186
2626	1.00	443	189
2627	1.00	443	118
2628	1.00	443	82
2629	4.00	444	4
2630	3.00	444	21
2631	5.00	444	28
2632	1.00	444	183
2633	1.00	444	165
2634	1.00	444	207
2635	1.00	445	183
2636	1.00	445	6
2637	1.00	445	2
2638	1.00	445	14
2639	1.00	445	16
2640	1.00	445	18
2641	1.00	445	22
2642	1.00	446	109
2643	1.00	446	118
2644	1.00	446	124
2645	1.00	446	137
2646	1.00	446	129
2647	1.00	446	88
2648	1.00	446	82
2649	1.00	446	62
2650	1.00	446	33
2651	1.00	446	54
2652	2.00	446	6
2653	1.00	446	96
2654	2.00	446	94
2655	2.00	446	180
2656	1.00	446	97
2657	1.00	446	192
2658	1.00	446	199
2659	1.00	446	203
2660	2.00	447	124
2661	2.00	447	159
2662	1.00	447	107
2663	1.00	446	104
2664	1.00	444	38
2681	1.00	450	183
2682	3.00	450	28
2683	1.00	451	55
2684	1.00	451	183
2685	1.00	451	29
2686	1.00	451	45
2687	1.00	451	4
2688	1.00	451	181
2689	1.00	451	86
2690	1.00	451	117
2691	1.00	451	198
2692	1.00	452	55
2693	1.00	452	7
2694	1.00	453	183
2695	1.00	453	51
2696	1.00	453	5
2697	1.00	453	162
2698	1.00	453	184
2699	1.00	453	179
2700	1.00	453	109
2701	1.00	453	118
2702	1.00	451	21
2703	1.00	451	28
2704	2.00	451	8
2705	1.00	454	4
2706	1.00	454	183
2707	2.00	454	6
2708	1.00	454	205
2709	1.00	454	159
2710	1.00	454	101
2711	1.00	455	84
2712	1.00	455	155
2713	1.00	455	205
2714	1.00	455	208
2715	1.00	455	158
2716	1.00	455	21
2717	1.00	455	26
2718	2.00	456	6
2719	2.00	456	14
2720	1.00	457	4
2721	1.00	457	183
2722	1.00	457	17
2723	1.00	457	52
2724	1.00	457	51
2725	1.00	457	16
2726	1.00	457	207
2727	1.00	457	115
2728	1.00	458	101
2729	1.00	458	143
2730	1.00	458	94
2731	1.00	458	41
2732	1.00	458	8
2733	1.00	459	5
2734	1.00	459	21
2735	1.00	459	35
2736	1.00	459	75
2737	1.00	459	193
2738	2.00	460	4
2739	1.00	460	90
2740	1.00	460	137
2741	1.00	460	143
2742	1.00	460	151
2743	1.00	460	169
2756	2.00	462	4
2757	1.00	462	51
2758	1.00	462	6
2759	1.00	462	36
2760	1.00	462	33
2761	3.00	462	35
2762	2.00	462	28
2763	2.00	462	129
2764	3.00	462	105
2765	1.00	462	86
2766	1.00	462	128
2767	1.00	462	61
2768	1.00	463	115
2769	1.00	463	87
2770	1.00	463	109
2771	1.00	463	192
2772	2.00	464	4
2773	1.00	464	183
2774	1.00	464	184
2778	1.00	466	49
2779	3.00	466	8
2780	2.00	466	2
2781	1.00	467	28
2782	1.00	467	202
2783	1.00	467	10
2784	1.00	467	15
2785	1.00	467	33
2786	1.00	468	8
2787	1.00	468	6
2788	1.00	468	15
2789	1.00	468	19
2790	1.00	468	48
2791	1.00	468	52
2792	1.00	468	107
2793	1.00	469	21
2794	1.00	469	33
2795	1.00	469	189
2796	1.00	469	41
2797	1.00	469	183
2798	1.00	469	181
2799	1.00	469	84
2800	1.00	457	189
2801	1.00	457	198
2802	1.00	470	34
2803	1.00	470	28
2804	1.00	470	4
2805	1.00	470	39
2806	1.00	471	4
2807	1.00	471	28
2808	1.00	471	48
2809	1.00	471	50
2810	1.00	471	184
2811	1.00	472	183
2812	1.00	472	36
2813	1.00	472	26
2814	1.00	472	33
2815	1.00	472	107
2816	1.00	472	104
2817	1.00	472	206
2818	1.00	473	36
2819	1.00	473	21
2820	1.00	473	4
2821	1.00	473	28
2822	1.00	473	101
2823	7.00	474	16
2824	1.00	474	115
2825	1.00	474	205
2826	2.00	475	10
2827	2.00	476	28
2828	2.00	476	6
2829	2.00	476	7
2830	2.00	476	35
2831	1.00	476	24
2832	2.00	476	89
2833	1.00	476	97
2834	1.00	477	181
2835	1.00	477	34
2836	2.00	477	5
2837	1.00	478	210
2838	1.00	478	61
2839	1.00	478	76
2840	1.00	478	114
2841	1.00	478	118
2842	1.00	478	124
2843	1.00	478	205
2844	6.00	479	183
2845	1.00	479	17
2846	1.00	479	26
2847	1.00	479	28
2848	1.00	479	205
2849	1.00	479	76
2850	1.00	479	198
2851	1.00	480	27
2852	1.00	480	51
2853	1.00	480	34
2854	1.00	480	30
2855	1.00	480	10
2856	2.00	480	183
2857	1.00	480	8
2858	1.00	480	143
2859	1.00	481	4
2860	1.00	481	183
2861	1.00	481	16
2862	1.00	481	28
2863	1.00	481	27
\.


--
-- Data for Name: api_product; Type: TABLE DATA; Schema: public; Owner: postgresuser
--

COPY public.api_product (id, name, description, price) FROM stdin;
2	Potato and fried onion dumplings	Dumplings stuffed with potatoes and fried onion\r\n• Price is per 1kg (shipping by 1 kg/50 pieces)\r\n• Ingredients:\r\nDough: WHEAT FLOUR, EGGS, sunflower oil.\r\nStuffing: 95% potatoes, 5% onion, salt.\r\n• Cooking:\r\nNo need to defrost.\r\nPut in the boiling water.\r\nBoil over low heat for 3 minutes until cooked.	10.00
3	Barbecue pork with onions and vinegar	Barbecue pork in vinegar marinade (not spicy).\r\n- The meat is really soft and juicy.\r\n- Price is per 1kg.\r\n- Ingredients: pork, onion, vinegar, spices, salt.	13.00
4	Meat dumplings(pork - beef)	Dumplings stuffed with pork and beef.\r\n• Price is per 1kg (shipping by 1 kg)\r\n• Ingredients:\r\nDough: WHEAT FLOUR ,EGGS, sunflower oil.\r\nStuffing: 45% pork, 45% beef, 10% onion, salt, pepper.\r\n• Cooking:\r\nPut in the boiling water.\r\nBoil over low heat for 2-3 minutes until cooked\r\nNo need to defrost	11.00
5	Pork dumplings	Dumplings stuffed with pork.\r\n• Price is per 1kg (shipping by 1 kg)\r\n• Ingredients:\r\nDough: WHEAT FLOUR, EGGS, sunflower oil.\r\nStuffing: 90% pork, 10% onion, salt, pepper.\r\n• Cooking:\r\nNo need to defrost.\r\nPut in the boiling water.\r\nBoil over low heat for 2-3 minutes until cooked.	11.00
6	Turkey dumplings	Dumplings stuffed with turkey.\r\n• Price is per 1kg (shipping by 1 kg)\r\n• Ingredients:\r\nDough: WHEAT FLOUR, EGGS, sunflower oil.\r\nStuffing: 90% turkey, 10% onion, salt, pepper.\r\n• Cooking:\r\nNo need to defrost.\r\nPut in the boiling water.\r\nBoil over low heat for 2-3 minutes until cooked.	11.00
7	Chicken dumplings	Dumplings stuffed with chicken.\r\n• Price is per 1kg (shipping by 1 kg)\r\n• Ingredients:\r\nDough: WHEAT FLOUR, EGGS, sunflower oil.\r\nStuffing: 90% chicken, 10% onion, salt, pepper.\r\n• Cooking:\r\nNo need to defrost.\r\nPut in the boiling water.\r\nBoil over low heat for 2-3 minutes until cooked.	11.00
8	Beef dumplings	Dumplings stuffed with beef.\r\n• Price is per 1kg (shipping by 1 kg)\r\n• Ingredients:\r\nDough: WHEAT FLOUR, EGGS, sunflower oil.\r\nStuffing: 90% beef, 10% onion, salt, pepper.\r\n• Cooking:\r\nNo need to defrost.\r\nPut in the boiling water.\r\nBoil over low heat for 2-3 minutes until cooked.	12.00
10	Potato dumplings	Dumplings stuffed with potatoes\r\n• Price is per 1kg (shipping by 1 kg)\r\n• Ingredients:\r\nDough: WHEAT FLOUR, EGGS, sunflower oil.\r\nStuffing: 100% potatoes, salt.\r\n• Cooking:\r\nNo need to defrost.\r\nPut in the boiling water.\r\nBoil over low heat for 3 minutes until cooked.	10.00
11	Meat dumplings(pork - beef) varenyky	Dumplings stuffed with pork and beef\r\n• Price is per 1kg (shipping by 1 kg)\r\n• Ingredients:\r\nDough: WHEAT FLOUR, EGGS, sunflower oil.\r\nStuffing: 45% pork, 45% beef, 10% onion, salt, pepper.\r\n• Cooking:\r\nNo need to defrost.\r\nPut in the boiling water.\r\nBoil over low heat for 3 minutes until cooked.	12.00
14	Salted cottage cheese dumplings	Dumplings stuffed with salt cottage cheese\r\n• Price is per 1kg (packing from 1 kg)\r\n• Ingredients:\r\nDough: WHEAT FLOUR, EGGS, sunflower oil.\r\nStuffing: 100% cottage cheese, salt.\r\n• Cooking:\r\nNo need to defrost.\r\nPut in the boil.\r\nBoil over low heat for 3 minutes until cooked.	12.00
15	Sweet cottage cheese dumplings	Dumplings stuffed with sweet cottage cheese\r\n• Price is per 1kg (shipping by 1 kg)\r\n• Ingredients:\r\nDough: WHEAT FLOUR, EGGS, sunflower oil.\r\nStuffing: 100% cottage cheese, sugar.\r\n• Cooking:\r\nNo need to defrost.\r\nPut in the boiling water.\r\nBoil over low heat for 3 minutes until cooked.	12.00
16	Potato and mushrooms dumplings	Dumplings stuffed with potato and mushrooms\r\n• Price is per 1kg (shipping by 1 kg)\r\n• Ingredients:\r\nDough: WHEAT FLOUR, EGGS, sunflower oil.\r\nStuffing: 60% potatoes, 40% mushrooms, salt.\r\n• Cooking:\r\nNo need to defrost.\r\nPut in the boiling water.\r\nBoil over low heat for 3 minutes until cooked.	10.00
17	Cabbage rolls stuffed with beef	Cabbage rolls stuffed with beef + tomato sauce for cooking.\r\n• Price is per 1kg + 375g sauce.\r\n• Ingredients: 10% cabbage, 60% beef, 30% rice, salt, pepper.\r\nSauce: 40% onions, 40% carrots, 20% tomatoes.\r\n• Cooking:\r\nNo need to defrost.\r\nAdd cabbage rolls, sauce, 100 g water in the pot and simmer over low heat with a lid for 30-40 minutes until cooked.	14.00
18	Cabbage rolls stuffed with mushrooms	Cabbage rolls stuffed with mushrooms + tomato sauce for cooking.\r\n• Price is per 1kg + 375g sauce.\r\n• Ingredients: 10% cabbage, 60% mushrooms, 30% rice, salt, pepper.\r\nSauce: 40% onions, 40% carrots, 20% tomatoes.\r\n• Cooking:\r\nNo need to defrost.\r\nAdd cabbage rolls, sauce, 100 g water in the pot and simmer over low heat with a lid for 30-40 minutes until cooked.	14.00
19	Cabbage rolls stuffed with turkey	Cabbage rolls stuffed with turkey + tomato sauce for cooking.\r\n• Price is per 1kg + 375g sauce.\r\n• Ingredients: 10% cabbage, 60% turkey, 30% rice, salt, pepper.\r\nSauce: 40% onions, 40% carrots, 20% tomatoes.\r\n• Cooking:\r\nNo need to defrost.\r\nAdd cabbage rolls, sauce, 100 g water in the pot and simmer over low heat with a lid for 30-40 minutes until cooked.	13.00
20	Cabbage rolls stuffed with chicken	Cabbage rolls stuffed with chicken + tomato sauce for cooking.\r\n• Price  is per 1kg + 375g sauce.\r\n• Ingredients: 10% cabbage, 60% chicken, 30% rice, salt, pepper.\r\nSauce: 40% onions, 40% carrots, 20% tomatoes.\r\n• Cooking:\r\nNo need to defrost.\r\nAdd cabbage rolls, sauce, 100 g water in the pot and simmer over low heat with a lid for 30-40 minutes until cooked.	13.00
21	Cabbage rolls stuffed with pork and beef	Cabbage rolls stuffed with pork and beef + tomato sauce for cooking.\r\n• Price is per 1kg + 375g sauce.\r\n• Ingredients: 10% cabbage, 30% pork, 30% beef, 30% rice, salt, pepper.\r\nSauce: 40% onions, 40% carrots, 20% tomatoes.\r\n• Cooking:\r\nNo need to defrost.\r\nAdd cabbage rolls, sauce, 100 g water in the pot and simmer over low heat with a lid for 30-40 minutes until cooked.	13.00
22	Stuffed pepper with mushrooms	Peppers stuffed with mushrooms + tomato sauce for cooking.\r\n• Price is per 1kg + 375g of sauce. \r\n• Ingredients: 10% pepper, 45% champignons, 45% rice, salt, pepper.\r\nSauce: 40% onions, 40% carrots, 20% tomatoes, salt, pepper.\r\n• Cooking:\r\nNo need to defrost.\r\nAdd pepper, sauce and 100 g of water to the pan. Simmer over low heat under the lid for 30-40 minutes until tender.	13.00
23	Stuffed pepper with meat(pork - beef)	Peppers stuffed with pork and beef + tomato sauce for cooking.\r\n• Price is per 1kg + 375g of sauce. \r\n• Ingredients: 10% pepper, 45% meat, 45% rice, salt, pepper.\r\nSauce: 40% onions, 40% carrots, 20% tomatoes, salt, pepper.\r\n• Cooking:\r\nNo need to defrost.\r\nAdd pepper, sauce and 100 g of water to the pan. Simmer over low heat under the lid for 30-40 minutes until tender.	13.00
24	Stuffed pepper with turkey	Peppers stuffed with turkey + tomato sauce for cooking.\r\n• Price is per 1kg + 375g of sauce. \r\n• Ingredients: 10% pepper, 45% turkey, 45% rice, salt, pepper.\r\nSauce: 40% onions, 40% carrots, 20% tomatoes, salt, pepper.\r\n• Cooking:\r\nNo need to defrost.\r\nAdd pepper, sauce and 100 g of water to the pan. Simmer over low heat under the lid for 30-40 minutes until tender.	13.00
100	Eggs and spring onions crepes	Price is per 1kg.	15.00
101	Chicken aspic holodez	Price is per 1kg.	15.00
25	Stuffed pepper with beef	Peppers stuffed with beef + tomato sauce for cooking.\r\n• Price is per 1kg + 375g of sauce. \r\n• Ingredients: 10% pepper, 45% beef, 45% rice, salt, pepper.\r\nSauce: 40% onions, 40% carrots, 20% tomatoes, salt, pepper.\r\n• Cooking:\r\nNo need to defrost.\r\nAdd pepper, sauce and 100 g of water to the pan. Simmer over low heat under the lid for 30-40 minutes until tender.	14.00
26	Stuffed pepper with chicken	Peppers stuffed with chicken + tomato sauce for cooking.\r\n• Price is per 1kg + 375g of sauce. \r\n• Ingredients: 10% pepper, 45% chicken, 45% rice, salt, pepper.\r\nSauce: 40% onions, 40% carrots, 20% tomatoes, salt, pepper.\r\n• Cooking:\r\nNo need to defrost.\r\nAdd pepper, sauce and 100 g of water to the pan. Simmer over low heat under the lid for 30-40 minutes until tender.	13.00
27	Vanilla cheesecakes with raisins	Vanilla cheesecakes with raisins.\r\n• Price is per 1kg (shipping from 1 kg)\r\n• Ingredients:\r\n70% cottage cheese, 15% WHEAT FLOUR, 15% EGGS, raisins, sugar, vanilla sugar, salt.\r\n• Cooking:\r\nNo need to defrost.\r\nFry in a pan under a lid over low heat on both sides 5-7 minutes.	11.00
28	Vanilla cheesecakes	Vanilla cheesecakes.\r\n• Price is per 1kg (shipping from 1 kg)\r\n• Ingredients:\r\n70% cottage cheese, 20% WHEAT FLOUR, 10% EGGS, sugar, vanilla sugar, salt.\r\n• Cooking:\r\nNo need to defrost.\r\nFry in a pan under a lid over low heat on both sides 5-7 minutes.	11.00
29	Crepes stuffed with apple and cinnamon	Crepes stuffed with apples and cinnamon.\r\n- Price is per 1kg (shipping by 1kg).\r\n- Ingredients: WHEAT flour, EGGS, MILK, sunflower oil, sugar \r\nStuffing: 85% apples, 15% sugar, cinnamon.\r\n- Cooking:\r\nJust warm up in the microwave or in a pan with a lid 3-5 minutes.	15.00
30	Crepes stuffed with chicken liver	Crepes stuffed with chicken liver and fried onions.\r\n• Price is per 1kg (shipping by 1kg)\r\n• Ingredients: WHEAT flour, EGGS, MILK, sunflower oil, sugar \r\nStuffing: 90% chicken liver, 10% onions, salt, pepper. \r\n• Cooking:\r\nJust warm up in the microwave or in a pan with a lid 3-5 minutes.	13.00
33	Crepes stuffed with chicken and mushrooms	Crepes stuffed with chicken and mushrooms.\r\n• Price is per 1kg (shipping by 1kg)\r\n• Ingredients: WHEAT flour, EGGS, MILK, sunflower oil, sugar \r\nStuffing: 60% chicken, 40% mushrooms, salt, pepper. \r\n• Cooking:\r\nJust warm up in the microwave or in a pan with a lid 3-5 minutes.	13.00
34	Crepes stuffed with chicken and cheese	Crepes stuffed with chicken and cheese.\r\n• Price is per 1kg (shipping by 1kg)\r\n• Ingredients: WHEAT flour, EGGS, MILK, sunflower oil, sugar \r\nStuffing: 60% chicken, 40% cheese, salt, pepper. \r\n• Cooking:\r\nJust warm up in the microwave or in a pan with a lid 3-5 minutes.	13.00
35	Crepes stuffed with sweet cottage cheese	Crepes stuffed with vanilla sweet cottage cheese.\r\n• Price is per 1kg (shipping by 1kg)\r\n• Ingredients: WHEAT flour, EGGS, MILK, sunflower oil, sugar \r\nStuffing: 100% cottage cheese, sugar, vanilla\r\n• Cooking:\r\nJust warm up in the microwave or in a pan with a lid 3-5 minutes.	13.00
36	Crepes stuffed with beef and fried onions	Crepes stuffed with beef and fried onions.\r\n• Price is per 1kg (shipping by 1kg)\r\n• Ingredients: WHEAT flour, EGGS, MILK, sunflower oil, sugar \r\nStuffing: 90% beef, 10% fried onions, salt, pepper. \r\n• Cooking:\r\nJust warm up in the microwave or in a pan with a lid 3-5 minutes.	15.00
37	Crepes stuffed with pork and fried onions	Crepes stuffed with pork and fried onions.\r\n• Price is per 1kg (shipping by 1kg)\r\n• Ingredients: WHEAT flour, EGGS, MILK, sunflower oil, sugar \r\nStuffing: 90% pork, 10% fried onions, salt, pepper. \r\n• Cooking:\r\nJust warm up in the microwave or in a pan with a lid 3-5 minutes.	13.00
38	Frozen chicken cutlets	Frozen chicken cutlets\r\n• Price is per 1kg (shipping by 1kg)\r\n• Ingredients: 80% chicken, Gluten free flour, breadcrumbs(GLUTEN), EGGS, MILK, sunflower oil, onions, salt, pepper. \r\n• Cooking:\r\nFry in the pan with a lid over low heart 7-10 minutes each side until done.	13.00
39	Frozen turkey cutlets	Frozen turkey cutlets\r\n• Price is per 1kg (shipping by 1kg)\r\n• Ingredients: 80% turkey, Gluten free flour, breadcrumbs(GLUTEN), EGGS, MILK, sunflower oil, onions, salt, pepper. \r\n• Cooking:\r\nFry in the pan with a lid over low heart 7-10 minutes each side until done.	13.00
40	Meat cutlets(pork - beef)	Frozen pork and beef cutlets\r\n• Price is per 1kg (shipping by 1kg)\r\n• Ingredients: 40% pork, 40% beef, Gluten free flour, breadcrumbs(GLUTEN), EGGS, MILK, sunflower oil, onions, salt, pepper. \r\n• Cooking:\r\nFry in the pan with a lid over low heart 7-10 minutes each side until done.	13.00
41	Crepes stuffed with mushrooms and fried onions crepes	Crepes stuffed with mushrooms and fried onions.\r\n• Price is per 1kg (shipping by 1kg)\r\n• Ingredients: WHEAT flour, EGGS, MILK, sunflower oil, sugar \r\nStuffing: 90% mushrooms, 10% fried onions, salt, pepper. \r\n• Cooking:\r\nJust warm up in the microwave or in a pan with a lid 3-5 minutes.	15.00
42	Potato and cottage cheese dumplings	Dumplings stuffed with potatoes and cottage cheese\r\n• Price is per 1kg (shipping by 1 kg)\r\n• Ingredients:\r\nDough: WHEAT FLOUR, EGGS, sunflower oil.\r\nStuffing: 50% cottage cheese, 50% potatoes, salt.\r\n• Cooking:\r\nNo need to defrost.\r\nPut in the boiling water.\r\nBoil over low heat for 3 minutes until cooked.	11.00
43	Pork and beef meatballs and tomato sauce	Frozen meatballs + tomato sauce\r\n• Price is per 1kg + 375g sauce (shipping by 1 kg)\r\n• Ingredients: 40% rice, 30% pork, 30% beef, WHEAT flour, EGGS, onions, salt, pepper.\r\nSauce: 40% onions, 40% carrots, 20% tomatoes.\r\n• Cooking:\r\nNo need to defrost.\r\nAdd cabbage rolls, sauce, 100 g water in the pot and simmer over low heat with a lid for 30 minutes until cooked.	11.00
44	Chicken meatballs and tomato sauce	Frozen chicken meatballs + tomato sauce\r\n• Price is per 1kg + 375g sauce (shipping by 1 kg)\r\n• Ingredients: 40% rice, 60% chicken, WHEAT flour, EGGS, onions, salt, pepper.\r\nSauce: 40% onions, 40% carrots, 20% tomatoes.\r\n• Cooking:\r\nNo need to defrost.\r\nAdd cabbage rolls, sauce, 100 g water in the pot and simmer over low heat with a lid for 30 minutes until cooked.	11.00
45	Turkey meatballs and tomato sauce	Frozen turkey meatballs + tomato sauce\r\n• Price is per 1kg + 375g sauce (shipping by 1 kg)\r\n• Ingredients: 40% rice, 60% turkey, WHEAT flour, EGGS, onions, salt, pepper.\r\nSauce: 40% onions, 40% carrots, 20% tomatoes.\r\n• Cooking:\r\nNo need to defrost.\r\nAdd cabbage rolls, sauce, 100 g water in the pot and simmer over low heat with a lid for 30 minutes until cooked.	11.00
46	Tomato vegetable sauce(frozen)	Tomato sauce with carrots and onions(frozen)\r\nPerfect for cooking any vegetables, meat, fish dishes.\r\nOnly organic ingredients\r\n• Price is per 375g\r\n• Ingredients: 40% onions, 40% carrots, 20% tomatoes, salt, pepper.	3.00
47	Borsch sauce(frozen)	Sauce for Borsch(frozen)\r\n• Price is per 450g\r\n• Ingredients: onions, carrots, beetroots, tomatoes, salt, pepper.\r\n• Cooking:\r\nAdd to boiling Borsch 10 minutes before it's ready.	4.00
102	Beef aspic holodez	Price is per 1kg.	15.00
103	Chicken and mushrooms julienne	Price is per 1kg.	10.00
48	Chicken and cheese chebureks	Chebureks stuffed with chicken and cheese\r\n• Price is per 1kg (shipping by 1 kg)\r\n• Ingredients: \r\nDough: WHEAT flour, EGGS, sunflower oil.\r\nStuffing: 50% chicken, 40% cheese, 10% onions, salt, pepper.\r\n• Cooking:\r\nDefrost for 5 minutes\r\nFried on a pan with a lot of hot oil for 2-3 minutes on each sides.	13.00
49	Chicken chebureks	Chebureks stuffed with chicken.\r\n• Price is per 1kg (shipping by 1 kg)\r\n• Ingredients: \r\nDough: WHEAT flour, EGGS, sunflower oil.\r\nStuffing: 90% chicken, 10% onions, salt, pepper.\r\n• Cooking:\r\nDefrost for 5 minutes\r\nFried on a pan with a lot of hot oil for 2-3 minutes on each sides.	13.00
50	Meat chebureks(pork - beef)	Chebureks stuffed with pork and beef.\r\n• Price is per 1kg (shipping by 1 kg)\r\n• Ingredients: \r\nDough: WHEAT flour, EGGS, sunflower oil.\r\nStuffing: 45% pork, 45% beef, 10% onions, salt, pepper.\r\n• Cooking:\r\nDefrost for 5 minutes\r\nFried on a pan with a lot of hot oil for 2-3 minutes on each sides.	13.00
51	Lamb dumplings	Dumplings stuffed with lamb.\r\n• Price is per 1kg (shipping by 1 kg)\r\n• Ingredients:\r\nDough: WHEAT FLOUR, EGGS, sunflower oil.\r\nStuffing: 90% lamb, 10% onion, salt, pepper.\r\n• Cooking:\r\nNo need to defrost.\r\nPut in the boiling water.\r\nBoil over low heat for 2-3 minutes until cooked.	13.00
52	Fish cutlets	Frozen fish cutlets\r\n• Price is per 1kg (shipping by 1kg)\r\n• Ingredients: 80% hake(white fish), WHEAT flour, breadcrumbs(GLUTEN), EGGS, MILK, sunflower oil, carrots, onions, garlic, salt, pepper. \r\n• Cooking:\r\nFry in the pan with a lid over low heart 7-10 minutes each side until done.	14.00
53	Frozen beef cutlets	Frozen beef cutlets\r\n• Price is per 1kg (shipping by 1kg)\r\n• Ingredients: \r\n80% beef, WHEAT flour, breadcrumbs(GLUTEN), EGGS, MILK, sunflower oil, onions, salt, pepper. \r\n• Cooking:\r\nFry in the pan with a lid over low heart 7-10 minutes each side until done.	15.00
54	Crepes stuffed with cottage cheese and blueberries	Crepes stuffed with vanilla cottage cheese and blueberries.\r\n• Price is per 1kg (shipping by 1kg)\r\n• Ingredients: WHEAT flour, EGGS, MILK, sunflower oil, sugar \r\nStuffing: 80% cottage cheese, 20% blueberries, sugar, vanilla.\r\n• Cooking:\r\nJust warm up in the microwave or in a pan with a lid 5-7 minutes.	13.00
55	Blueberry dumplings	Dumplings stuffed with blueberry.\r\n• Price is per 1kg (shipping by 1 kg)\r\n• Ingredients:\r\nDough: WHEAT FLOUR, EGGS, sunflower oil.\r\nStuffing: 100% blueberries.\r\n• Cooking:\r\nNo need to defrost.\r\nPut in the boiling water.\r\nBoil over low heat for 3 minutes until cooked and then sprinkle sugar or honey on top.	12.00
56	Homemade chicken grill sausages	Homemade chicken grill sausages frozen\r\n• Price is per 0.5kg\r\n• Ingredients: 90% chicken, 10% onions, garlic, salt, pepper.\r\n• Cooking:\r\nDefrost for 10-15 minutes.\r\n1. Fry on a grill or in a pan with a lid for 7-10 minutes on each sides.\r\n2. Bake in the oven, covered with foil, at 190 degrees for 20-30 minutes.	11.00
57	Homemade pork grill sausages	Homemade pork grill sausages frozen\r\n• Price is per 0.5kg\r\n• Ingredients: 90% pork, 10% onions, garlic, salt, pepper.\r\n• Cooking:\r\nDefrost for 10-15 minutes.\r\n1. Fry on a grill or in a pan with a lid for 7-10 minutes on each sides.\r\n2. Bake in the oven, covered with foil, at 190 degrees for 20-30 minutes.	11.00
58	Homemade meat grill sausages	Homemade pork and beef grill sausages frozen\r\n• Price is per 0.5kg\r\n• Ingredients: 45% pork, 45% beef, 10% onions, garlic, salt, pepper.\r\n• Cooking:\r\nDefrost for 10-15 minutes.\r\n1. Fry on a grill or in a pan with a lid for 7-10 minutes on each sides.\r\n2. Bake in the oven, covered with foil, at 190 degrees for 20-30 minutes.	13.00
59	Barbecue beef in cranberry sauce	Barbecue beef in cranberry marinade (not spicy).\r\n- The meat is really soft and juicy.\r\n- Price is per 1kg.\r\n- Ingredients: beef, cranberry juice, balsamic vinegar, onion, spices, salt.	20.00
60	Barbecue pork in ketchup and mayonnaise	Barbecue beef in ketchup and mayonnaise (not spicy).\r\n- The meat is really soft and juicy.\r\n- Price is per 1kg.\r\n- Ingredients: pork, ketchup, mayonnaise, onion, spices, salt.	13.00
61	Barbecue chicken fillet in mustard marinade		13.00
62	Barbecue chicken legs in soy-honey marinade		11.00
63	Marinated chicken in soy-honey sauce		15.00
64	Marinated duck in orange sauce with apples		18.00
65	Marinated baby chicken		11.00
66	Barbecue chicken wings in bbq sauce		11.00
67	Barbecue chicken fillet in soy-garlic sauce		13.00
68	Barbecue sausages Shashlychny		13.00
69	Pork Jerky	Price is per 100g	5.00
70	Beef Jerky	Price is per 100g	5.00
71	Chicken Jerky 4 cheese	Price is per 100g	6.00
72	Dry-cured mini-sausages Salami	Price is per 500g	12.00
73	Dry-cured turkey	Price is per 500g	15.00
74	Dry-cured chicken fillet	Price is per 500g	11.00
75	Beef basturma in spices	Price is per 250g	9.00
76	Dry-cured pork balyk	Price is per 500g	12.00
77	Smoked sausages Presidential	Price is per 500g	10.00
78	Dry-cured beef	Price is per 500g	16.00
79	Meat Snack Box		90.00
80	Dry-cured lard	Price is per 500g	11.00
81	Smoked sausages Okhotnychi	Price is per 0,5 kg	10.00
82	Strawberry Tiramisu(No alcohol)	Price is per 500g	10.00
83	Coffee Tiramisu(No alcohol)	Price is per 500g	10.00
84	Honey cake with sour cream	Price is per 1kg	35.00
85	Napoleon cake	Price is per 1kg	35.00
86	Cottage cheese casserole with orange	Price is per 1kg	15.00
87	Cottage cheese casserole with raspberries	Price is per 1kg	15.00
88	Prepared cheesecakes	Price is per 1kg	15.00
89	Butter crepes	Price is per 1kg	15.00
90	Cottage cheese casserole with blueberries	Price is per 1kg	15.00
91	Carrot cake with sour cream and almond	Price is per 1kg	20.00
92	Pancakes with raspberries and chocolate	Price is per 1kg	15.00
93	Cottage cheese casserole with cherry	Price is per 1kg	15.00
94	Pies stuffed with cabbage	Price is per 5 pieces. 500-600g	15.00
95	Pies stuffed with apple	Price is per 5 pieces. 500-600g	15.00
96	Pies stuffed with meat (pork - beef)	Price is per 5 pieces. 500-600g	15.00
97	Poppy seeds buns	Price is per 5 pieces. 500-600g	15.00
98	Cookies nuts with condensed cream and hazelnut	Price is per 1kg	35.00
99	Baked crepes with salted salmon and cream cheese	Price is per 1kg.	17.00
104	Zucchini pancakes with garlic sour cream sauce.	Price is per 1kg.	17.00
105	Deruny (potato pancakes with mushroom sauce)	Price is per 1,450g.	17.00
106	Quiche pie with salmon, toms and broccoli	Price is per 1.1-1.3kg	18.00
107	Liver pancakes	Price is per 1kg.	15.00
108	Quiche pie with chicken, mushrooms and cheese	Price is per 1.1-1.3kg	18.00
109	Liver cake	Price is per 1kg.	20.00
110	Hake in tomato sauce	Price is per 1kg.	15.00
111	Chicken liver pate	Price is per 0.5kg	10.00
112	Marinated champignons	Price is per 0.5kg	9.00
113	Aubergine rolls stuffed with cream cheese and garlic	Price is per 0.5kg	10.00
114	Aubergine sauté	Price is per 0.5kg	10.00
115	Korean carrots 1 kg	Price is per 1kg	10.00
116	Olivie salad	Price is per 1kg	15.00
117	Mimosa salad	Price is per 1kg	15.00
118	Shuba salad	Price is per 1kg	15.00
119	Chicken and mushroom salad	Price is per 1kg	17.00
120	Crab salad	Price is per 1kg	15.00
121	Pheasant nest salad	Price is per 1kg	20.00
122	Mini quiche with salmon, toms and broccoli	Price is per 0.5kg	10.00
123	Mini quiche with chicken, mushrooms and cheese	Price is per 0.5kg	10.00
124	Vegetable salad Vinaigrette	Price is per 1kg	15.00
127	Rice with vegetables	Price is per 1kg	10.00
128	Lasagna	Price is per 1.1-1.3kg	15.00
129	Pilaf(rice) with beef	Price is per 1kg	17.00
130	Baked potato with beef, mushrooms and cheese	Price is per 1,2 kg	20.00
131	Baked duck in orange sauce with apples and baby potatoes	Price is per portion ~2.5kg	35.00
132	Baked chicken in soy-honey sauce with roasted baby potatoes		25.00
133	French meat	Price is per 1kg	20.00
134	Buckwheat with mushrooms and onions	Price is per 1kg	10.00
135	Baked pork chops with tomatoes and cheese	Price is per 1kg	20.00
137	Prepared chicken and cheese cutlets	Price is per 1kg	17.00
138	Prepared meat cutlets(pork - beef)	Price is per 1kg	17.00
139	Prepared meatballs with tomato sauce	Price is per 1kg	16.00
140	Prepared chicken meatballs with cream sauce	Price is per 1kg	16.00
141	Prepared sweet stuffed peppers	Price is per 1kg	16.00
142	Prepared fish cutlets	Price is per 1kg	17.00
143	Prepared cabbage rolls with stuffing	Price is per 1kg\r\nAvailable options are: beef, chicken, pork, mushrooms.	16.00
144	Beef goulash(stewed beef with vegetables)	Price is per 1kg	20.00
145	Dumplings with chicken in a creamy sauce	Price is per 1.1-1.2kg	17.00
146	Mashed potatoes with stewed beef in tomato sauce	Price is per 1.5kg	20.00
147	Mashed potatoes with chicken and cream sauce	Price is per 1.5kg	20.00
148	Mashed potatoes with mushrooms in cream sauce	Price is per 1.5kg	20.00
149	Grilled baby potatoes	Price is per 1kg	10.00
150	Prepared beef cutlets	Price is per 1kg	19.00
151	Mashed potatoes	Price is per 1kg	10.00
152	Borsch with beef	Price is per 1 litre	15.00
153	Vegetables cream soup with broccoli	Price is per 1 litre	12.00
154	Mushroom cream soup	Price is per 1 litre	15.00
155	Solyanka meat soup	Price is per 1 litre	15.00
156	Chicken soup with meatballs	Price is per 1 litre	15.00
157	Okroshka	Price is per 1 litre	15.00
158	Salmon soup with cream cheese	Price is per 1 litre	15.00
159	Prepared turkey cutlets	Price is per 1kg	17.00
160	Prepared beef cutlets	Price is per 1kg	19.00
161	Baked chicken dumplings with cheese sauce	Price is per 1kg	15.00
162	Homemade fried pork sausage	Price is per 0.5kg	13.00
163	Dry-cured sausage Cervelat	Price is per 300g	7.00
164	Salami smoked sausage	Price is per 0.5kg	10.00
165	Premium beef sausages	Price is per 1kg	14.00
166	Vienna sausages in natural casing	Price is per 1kg	15.00
167	Premium pork sausages	Price is per 1kg	14.00
168	Dry-cured sausage Braunschweig	Price is per 330g	8.00
169	Baked pork(buzhenina)	Price is per 0.5kg	11.00
170	Smoked sausage Cervelat	Price is per 0.5kg	10.00
171	Homemade fried chicken sausage	Price is per 0.5kg	13.00
172	Sausage & Lard Box		95.00
173	Lard with red pepper and spices	Price is per item ~ 0.5kg	11.00
174	Smoked lard with spices	Price is per item ~ 0.5kg	8.00
175	Boiled and smoked sausage Zinkovskaya	Price is per 0.5kg	10.00
176	Pork sausages with cheese	Price is per 1kg	14.00
177	Royal ham boiled (vetchyna)	Price is per 0.5kg	9.00
178	Tongue delicacy	Price is per 0.5kg	12.00
179	Grudinka(baked pork brisket)	Price is per 0.5kg	10.00
180	Sausage in dough		15.00
181	Salmon crepes with cream cheese		17.00
182	Turkey Jerky		5.00
183	Cherry dumplings	Ingredients:\r\nDough:\r\nWHEAT FLOUR ,EGG,sunflower oil.\r\nStuffing:\r\n100% sour cherry.\r\n Cooking:\r\nPut on the boil.\r\nBoil over low heat for \r\n3 minutes until cooked \r\nand then sprinkle sugar or honey on top.\r\nNo need to defrost.	12.00
184	Ukrainian lard		11.00
185	Homemade pork and beef sausage.		13.00
186	Homemade chicken sausage		11.00
187	Raffaello cookie		30.00
188	Strawberry condensed milk 200 g	200 g	5.00
189	Homemade pork and beef sausage		13.00
190	Potato casserole with beef mince		20.00
191	Homemade baked ham (bujenina)	0,5kg	11.00
192	Cookies nuts with condensed milk 1kg		35.00
193	Smoked sausages Okhotnichye		10.00
194	Freshly prepared crepes		15.00
195	Freshly prepared crepes		15.00
196	Freshly prepared crepes		15.00
197	Freshly prepared crepes		15.00
198	Kyiv smoked sausage		8.00
199	Cashew condensed milk 200 g		5.00
200	Coconut condensed milk 200 g		5.00
201	Semi-smoked beef sausage		14.00
202	Prepared vanilla cheesecakes with raisins		15.00
203	Chicken Jerky		5.00
204	Herring forshmak	500 g	10.00
205	Homemade sauerkraut	1 kg	10.00
206	Korean carrots 500 g	500 g	6.00
207	Lard spread	150 g	3.00
208	Cookies nuts with condensed milk 0,5 kg		18.00
209	Chocolate condensed milk 200 g		5.00
210	Barbecue beef in vinegar	1 kg	18.00
\.


--
-- Data for Name: api_product_categories; Type: TABLE DATA; Schema: public; Owner: postgresuser
--

COPY public.api_product_categories (id, product_id, productcategory_id) FROM stdin;
52	3	2
58	8	6
62	7	6
68	11	7
73	4	6
78	5	6
90	2	7
96	6	6
123	16	7
125	10	7
127	14	7
130	15	7
160	17	9
165	20	9
170	21	9
175	18	9
180	22	11
185	19	9
191	23	11
193	24	11
195	25	11
197	26	11
199	27	14
201	28	14
203	29	8
206	30	8
218	33	8
220	34	8
222	35	8
224	36	8
226	37	8
228	38	23
230	39	23
232	40	23
235	41	8
239	42	7
249	46	20
251	47	20
253	48	17
255	49	17
257	50	17
259	51	6
267	52	23
269	53	23
275	54	8
283	55	7
294	56	12
296	57	12
298	58	12
300	59	2
302	60	2
308	59	16
311	60	16
317	8	1
318	55	1
319	47	1
321	48	1
325	49	1
327	7	1
330	52	1
331	56	16
332	58	16
334	57	16
335	51	1
339	4	1
340	11	1
345	5	1
346	2	1
347	16	1
348	10	1
353	25	1
354	26	1
356	22	1
357	24	1
359	15	1
360	46	1
363	6	1
365	28	1
366	27	1
368	3	16
369	61	2
370	61	16
371	62	2
372	62	16
373	63	2
374	63	16
375	64	2
376	64	16
377	65	2
378	65	16
379	66	2
380	66	16
381	67	2
382	67	16
383	68	2
386	69	19
388	70	19
392	71	19
393	71	16
394	72	19
396	73	19
397	73	16
398	74	19
399	74	16
400	75	19
401	75	16
402	76	19
404	77	19
406	78	19
407	78	16
408	79	19
409	79	16
410	80	18
412	81	19
414	82	21
415	82	13
416	83	21
417	83	13
418	84	21
419	84	13
420	85	21
421	85	13
422	86	21
424	87	21
426	88	21
427	88	13
428	89	21
429	89	13
430	90	21
432	91	21
433	91	13
434	92	21
435	92	13
436	93	21
438	94	10
440	95	10
441	95	21
443	96	10
446	97	10
447	97	21
449	98	10
450	98	21
452	99	5
454	100	5
455	100	13
456	101	5
457	101	13
458	102	5
459	102	13
460	103	5
461	103	13
462	104	5
463	104	13
464	105	5
466	106	5
468	107	5
470	108	5
472	109	5
474	110	5
475	110	13
476	111	5
477	111	13
478	112	5
479	112	13
480	113	5
481	113	13
482	114	5
483	114	13
484	115	5
486	116	5
487	116	13
488	117	5
489	117	13
490	118	5
491	118	13
492	119	5
493	119	13
494	120	5
495	120	13
497	121	5
498	121	13
499	122	5
501	123	5
503	124	5
504	124	13
507	44	23
508	44	1
509	43	23
511	45	23
512	45	1
515	127	25
516	127	13
517	128	25
518	128	13
519	129	25
520	129	13
521	130	25
523	131	25
524	131	13
525	132	25
526	132	13
527	133	25
528	133	13
529	134	25
530	134	13
531	135	25
535	105	25
537	107	25
538	107	13
539	137	25
540	137	15
542	138	25
543	138	15
545	139	25
546	139	15
547	139	13
548	137	13
549	140	25
550	140	15
551	140	13
552	141	25
553	141	27
554	141	13
555	142	25
556	142	15
557	142	13
558	143	25
559	143	13
560	144	25
561	144	13
563	108	25
565	106	25
567	109	25
568	109	13
569	145	25
570	145	13
571	146	25
572	146	13
573	147	25
574	147	13
575	148	25
576	148	13
577	149	25
578	149	13
579	150	25
580	150	13
581	151	25
582	151	13
583	152	4
584	152	13
585	153	4
586	153	13
587	154	4
588	154	13
589	155	4
591	156	4
592	156	13
593	157	4
594	157	13
595	158	4
596	158	13
598	159	25
599	159	15
600	159	13
602	50	1
603	40	1
605	138	13
606	23	1
607	160	25
608	160	15
609	160	13
610	161	25
611	161	13
612	162	12
613	162	16
617	164	12
618	164	16
619	165	12
620	165	16
621	166	12
622	166	16
623	167	12
624	167	16
625	168	19
626	168	12
628	163	19
630	77	12
631	77	16
632	169	12
635	170	12
637	171	12
638	171	16
639	172	18
640	172	12
641	172	16
642	173	18
643	173	16
644	174	18
645	174	16
646	175	12
647	175	16
648	176	12
650	177	19
651	177	12
653	178	19
654	178	12
655	178	16
656	179	19
657	179	12
660	180	10
661	180	13
665	123	10
666	123	13
667	122	10
668	122	13
669	108	10
670	108	13
671	106	10
672	106	13
673	181	5
674	181	13
675	97	13
676	176	16
677	80	16
678	14	1
679	182	19
681	183	6
682	183	1
683	184	18
684	184	16
685	185	12
686	185	16
687	186	12
688	186	16
689	187	21
690	187	13
691	188	21
693	81	2
694	81	4
695	81	5
696	81	6
697	81	7
698	81	8
699	81	9
700	81	10
701	81	11
702	81	12
703	81	14
704	81	15
705	81	17
706	81	18
707	81	20
708	81	21
709	81	23
710	81	25
711	81	27
712	81	16
713	81	1
714	81	13
715	189	12
716	189	16
717	190	25
718	190	13
719	191	12
720	191	16
721	177	16
722	169	16
723	179	16
724	99	13
725	68	16
728	36	1
729	17	1
730	168	16
732	34	1
733	94	13
734	33	1
735	20	1
736	30	1
737	72	16
738	163	16
739	170	16
740	192	10
741	192	21
743	193	19
744	193	12
745	193	16
746	194	8
747	194	5
748	194	1
749	194	13
750	195	8
751	195	5
752	195	1
753	195	13
754	196	8
755	196	5
756	196	1
757	196	13
758	197	8
759	197	5
760	197	1
761	197	13
762	70	16
763	198	12
764	198	16
765	182	16
766	199	12
768	200	12
769	200	16
770	201	12
771	201	16
772	43	1
773	42	1
774	202	21
775	202	13
777	203	12
778	203	16
779	105	13
780	96	13
782	204	5
783	204	13
784	205	5
785	205	13
786	206	5
787	206	13
788	87	13
789	115	13
791	95	13
792	69	16
793	98	13
794	188	10
795	188	13
796	18	1
797	21	1
798	19	1
799	155	13
801	199	16
802	35	1
803	29	1
804	93	13
805	90	13
807	37	1
808	207	12
809	207	16
810	86	13
811	192	13
812	76	16
813	130	13
814	135	13
815	208	21
816	208	13
817	54	1
818	209	21
819	209	13
820	38	1
821	53	1
825	41	1
826	39	1
827	210	2
828	210	16
\.


--
-- Data for Name: api_productcategory; Type: TABLE DATA; Schema: public; Owner: postgresuser
--

COPY public.api_productcategory (id, name, description, parent_id) FROM stdin;
1	Frozen products		\N
13	Prepared products		\N
16	Sausages and Marinated products		\N
2	Marinated Products		16
4	Soups		13
5	Salads & Appetisers		13
6	Dumplings		1
7	Varenyky		1
8	Stuffed Crepes		1
9	Cabbage Rolls		1
11	Frozen Stuffed Pepper		1
12	Sausage		16
14	Cheesecakes		1
15	Cutlets & Meatballs		13
17	Chebureks		1
18	Lard		16
19	Meat Snacks		16
20	Souses		1
21	Desserts		13
23	Frozen Cutlets and Meatballs		1
25	Main and side dishes		13
27	Stuffed Pepper		13
10	Bakery		1
\.


--
-- Data for Name: auth_group; Type: TABLE DATA; Schema: public; Owner: postgresuser
--

COPY public.auth_group (id, name) FROM stdin;
1	admin
\.


--
-- Data for Name: auth_group_permissions; Type: TABLE DATA; Schema: public; Owner: postgresuser
--

COPY public.auth_group_permissions (id, group_id, permission_id) FROM stdin;
1	1	21
2	1	22
3	1	23
4	1	24
5	1	25
6	1	26
7	1	27
8	1	28
9	1	29
10	1	30
11	1	31
12	1	32
13	1	33
14	1	34
15	1	35
16	1	36
17	1	37
18	1	38
19	1	39
20	1	40
21	1	41
22	1	42
23	1	43
24	1	44
25	1	45
26	1	46
27	1	47
28	1	48
29	1	49
\.


--
-- Data for Name: auth_permission; Type: TABLE DATA; Schema: public; Owner: postgresuser
--

COPY public.auth_permission (id, name, content_type_id, codename) FROM stdin;
1	Can add log entry	1	add_logentry
2	Can change log entry	1	change_logentry
3	Can delete log entry	1	delete_logentry
4	Can view log entry	1	view_logentry
5	Can add permission	2	add_permission
6	Can change permission	2	change_permission
7	Can delete permission	2	delete_permission
8	Can view permission	2	view_permission
9	Can add group	3	add_group
10	Can change group	3	change_group
11	Can delete group	3	delete_group
12	Can view group	3	view_group
13	Can add content type	4	add_contenttype
14	Can change content type	4	change_contenttype
15	Can delete content type	4	delete_contenttype
16	Can view content type	4	view_contenttype
17	Can add session	5	add_session
18	Can change session	5	change_session
19	Can delete session	5	delete_session
20	Can view session	5	view_session
21	Can add address	6	add_address
22	Can change address	6	change_address
23	Can delete address	6	delete_address
24	Can view address	6	view_address
25	Can add custom user	7	add_customuser
26	Can change custom user	7	change_customuser
27	Can delete custom user	7	delete_customuser
28	Can view custom user	7	view_customuser
29	Can add profile	8	add_profile
30	Can change profile	8	change_profile
31	Can delete profile	8	delete_profile
32	Can view profile	8	view_profile
33	Can add product	9	add_product
34	Can change product	9	change_product
35	Can delete product	9	delete_product
36	Can view product	9	view_product
37	Can add product category	10	add_productcategory
38	Can change product category	10	change_productcategory
39	Can delete product category	10	delete_productcategory
40	Can view product category	10	view_productcategory
41	Can add order	11	add_order
42	Can change order	11	change_order
43	Can delete order	11	delete_order
44	Can view order	11	view_order
45	Can change order status and notes	11	can_change_status_and_note
46	Can add order item	12	add_orderitem
47	Can change order item	12	change_orderitem
48	Can delete order item	12	delete_orderitem
49	Can view order item	12	view_orderitem
50	Can add stock	13	add_stock
51	Can change stock	13	change_stock
52	Can delete stock	13	delete_stock
53	Can view stock	13	view_stock
\.


--
-- Data for Name: django_admin_log; Type: TABLE DATA; Schema: public; Owner: postgresuser
--

COPY public.django_admin_log (id, action_time, object_id, object_repr, action_flag, change_message, content_type_id, user_id) FROM stdin;
1	2025-05-20 13:25:35.296427+00	2	landar	1	[{"added": {}}]	7	1
2	2025-05-20 13:29:55.294954+00	1	admin	1	[{"added": {}}]	3	1
3	2025-05-20 13:30:41.565583+00	2	landar	2	[{"changed": {"fields": ["Groups"]}}]	7	1
4	2025-05-20 13:31:26.516955+00	2	landar	2	[{"changed": {"fields": ["password"]}}]	7	1
5	2025-05-25 16:47:31.179262+00	1	Frozen	1	[{"added": {}}]	10	1
6	2025-05-25 16:47:45.136879+00	2	Cooked	1	[{"added": {}}]	10	1
7	2025-05-25 16:47:52.253228+00	3	Starters	1	[{"added": {}}]	10	1
8	2025-05-25 16:47:59.996718+00	4	Soups	1	[{"added": {}}]	10	1
9	2025-05-25 16:48:06.845042+00	5	Salads	1	[{"added": {}}]	10	1
10	2025-05-25 16:48:14.557401+00	6	Dumplings	1	[{"added": {}}]	10	1
11	2025-05-25 16:48:20.224413+00	7	Varenyky	1	[{"added": {}}]	10	1
12	2025-05-25 16:48:54.481156+00	8	Stuffed Crepes	1	[{"added": {}}]	10	1
13	2025-05-25 16:49:35.934007+00	9	Stuffed Cabbage Roll/Pepper	1	[{"added": {}}]	10	1
14	2025-05-25 16:49:46.409436+00	10	Chicken	1	[{"added": {}}]	10	1
15	2025-05-25 16:49:50.451634+00	11	Beef	1	[{"added": {}}]	10	1
16	2025-05-25 16:49:53.711009+00	12	Pork	1	[{"added": {}}]	10	1
17	2025-05-25 16:50:00.348727+00	13	Mains	1	[{"added": {}}]	10	1
18	2025-05-25 16:50:10.651609+00	14	Barbecue	1	[{"added": {}}]	10	1
19	2025-05-25 16:50:35.142965+00	15	Cutlets & Meatballs	1	[{"added": {}}]	10	1
20	2025-05-25 16:50:44.215204+00	16	Sausages	1	[{"added": {}}]	10	1
21	2025-05-25 16:52:11.286387+00	17	Chebureki	1	[{"added": {}}]	10	1
22	2025-05-25 16:52:23.898443+00	18	Share Boxes	1	[{"added": {}}]	10	1
23	2025-05-25 16:52:35.749582+00	19	Snacks	1	[{"added": {}}]	10	1
24	2025-05-25 16:52:40.909905+00	20	Sides	1	[{"added": {}}]	10	1
25	2025-05-25 16:52:47.932285+00	21	Desserts	1	[{"added": {}}]	10	1
26	2025-05-31 14:09:03.459065+00	2	landar	2	[{"changed": {"fields": ["password"]}}]	7	1
32	2025-05-31 22:22:10.995674+00	3	Barbecue beef with onions classic marinade	1	[{"added": {}}]	9	1
33	2025-05-31 22:29:37.314587+00	4	Meat dumplings(pork-beef)	1	[{"added": {}}]	9	1
34	2025-05-31 22:31:56.783333+00	5	Pork dumplings	1	[{"added": {}}]	9	1
35	2025-05-31 22:32:16.228846+00	4	Meat dumplings(pork-beef)	2	[{"changed": {"fields": ["Description"]}}]	9	1
36	2025-05-31 22:32:30.40222+00	5	Pork dumplings	2	[{"changed": {"fields": ["Description"]}}]	9	1
37	2025-05-31 22:34:48.43525+00	22	Turkey	1	[{"added": {}}]	10	1
38	2025-05-31 22:35:06.630465+00	6	Turkey dumplings	1	[{"added": {}}]	9	1
39	2025-05-31 22:35:58.851183+00	7	Chicken dumplings	1	[{"added": {}}]	9	1
40	2025-05-31 22:36:07.771364+00	4	Meat dumplings(pork-beef)	2	[]	9	1
41	2025-05-31 22:36:49.283788+00	8	Beef dumplings	1	[{"added": {}}]	9	1
42	2025-05-31 22:40:52.178204+00	9	Cherry dumplings	1	[{"added": {}}]	9	1
43	2025-05-31 22:41:27.808701+00	8	Beef dumplings	2	[{"changed": {"fields": ["Description"]}}]	9	1
44	2025-05-31 22:41:33.968726+00	7	Chicken dumplings	2	[{"changed": {"fields": ["Description"]}}]	9	1
45	2025-05-31 22:41:41.684837+00	4	Meat dumplings(pork-beef)	2	[{"changed": {"fields": ["Description"]}}]	9	1
46	2025-05-31 22:41:49.175892+00	5	Pork dumplings	2	[{"changed": {"fields": ["Description"]}}]	9	1
47	2025-05-31 22:41:55.387338+00	6	Turkey dumplings	2	[{"changed": {"fields": ["Description"]}}]	9	1
48	2025-05-31 22:51:49.575394+00	2	Potato and fried onion dumplings	2	[{"changed": {"fields": ["Name", "Description", "Category"]}}]	9	1
49	2025-05-31 22:54:38.201093+00	8	Beef dumplings	2	[{"changed": {"fields": ["Category"]}}]	9	1
50	2025-05-31 22:55:13.450771+00	7	Chicken dumplings	2	[{"changed": {"fields": ["Category"]}}]	9	1
51	2025-05-31 22:55:21.026916+00	4	Meat dumplings(pork-beef)	2	[{"changed": {"fields": ["Category"]}}]	9	1
52	2025-05-31 22:55:28.76015+00	5	Pork dumplings	2	[{"changed": {"fields": ["Category"]}}]	9	1
53	2025-05-31 22:59:57.568714+00	1	Potato and mushrooms dumplings	2	[{"changed": {"fields": ["Name", "Description", "Category"]}}]	9	1
54	2025-05-31 23:00:53.979916+00	1	Potato and mushrooms dumplings	2	[]	9	1
55	2025-05-31 23:02:29.484633+00	10	Potato dumplings	1	[{"added": {}}]	9	1
56	2025-05-31 23:02:45.2632+00	1	Potato and mushrooms dumplings	2	[{"changed": {"fields": ["Description"]}}]	9	1
57	2025-05-31 23:05:03.096278+00	11	Meat dumplings(pork - beef)	1	[{"added": {}}]	9	1
58	2025-05-31 23:05:16.915702+00	4	Meat dumplings(pork - beef)	2	[{"changed": {"fields": ["Name"]}}]	9	1
59	2025-05-31 23:05:26.098543+00	11	Meat dumplings(pork - beef) varenyky	2	[{"changed": {"fields": ["Name"]}}]	9	1
60	2025-05-31 23:06:06.963+00	5	Pork dumplings	2	[{"changed": {"fields": ["Description"]}}]	9	1
61	2025-05-31 23:06:18.060722+00	8	Beef dumplings	2	[{"changed": {"fields": ["Description"]}}]	9	1
62	2025-05-31 23:06:27.075154+00	7	Chicken dumplings	2	[{"changed": {"fields": ["Description"]}}]	9	1
63	2025-05-31 23:06:35.108365+00	4	Meat dumplings(pork - beef)	2	[{"changed": {"fields": ["Description"]}}]	9	1
64	2025-05-31 23:06:39.130011+00	7	Chicken dumplings	2	[]	9	1
65	2025-05-31 23:06:43.148457+00	8	Beef dumplings	2	[]	9	1
66	2025-05-31 23:06:48.733116+00	11	Meat dumplings(pork - beef) varenyky	2	[]	9	1
67	2025-05-31 23:06:52.906985+00	4	Meat dumplings(pork - beef)	2	[]	9	1
68	2025-05-31 23:06:58.347998+00	5	Pork dumplings	2	[]	9	1
69	2025-05-31 23:07:06.494252+00	2	Potato and fried onion dumplings	2	[{"changed": {"fields": ["Description"]}}]	9	1
70	2025-05-31 23:07:13.012065+00	1	Potato and mushrooms dumplings	2	[]	9	1
71	2025-05-31 23:07:19.343037+00	10	Potato dumplings	2	[]	9	1
72	2025-05-31 23:07:38.298697+00	6	Turkey dumplings	2	[{"changed": {"fields": ["Description"]}}]	9	1
73	2025-06-04 12:49:17.405431+00	13	Prepared	2	[{"changed": {"fields": ["Name"]}}]	10	1
74	2025-06-04 12:50:02.829994+00	16	Sausages and Marinated products	2	[{"changed": {"fields": ["Name"]}}]	10	1
75	2025-06-04 12:50:08.827015+00	1	Frozen Products	2	[{"changed": {"fields": ["Name"]}}]	10	1
76	2025-06-04 12:50:17.488266+00	1	Frozen products	2	[{"changed": {"fields": ["Name"]}}]	10	1
77	2025-06-04 12:50:28.15786+00	13	Prepared products	2	[{"changed": {"fields": ["Name"]}}]	10	1
78	2025-06-04 12:50:44.715138+00	6	Frozen products → Dumplings	2	[{"changed": {"fields": ["Parent"]}}]	10	1
79	2025-06-04 12:51:03.729601+00	7	Frozen products → Varenyky	2	[{"changed": {"fields": ["Parent"]}}]	10	1
80	2025-06-04 12:51:28.721479+00	14	Frozen products → Cheesecakes	2	[{"changed": {"fields": ["Name", "Parent"]}}]	10	1
1115	2025-08-11 17:53:58.3335+00	179	Order #179 by Тetiana Minak	3		11	12
81	2025-06-04 12:51:54.379207+00	9	Frozen products → Cabbage Rolls	2	[{"changed": {"fields": ["Name", "Parent"]}}]	10	1
82	2025-06-04 12:52:08.959532+00	11	Frozen products → Stuffed Pepper	2	[{"changed": {"fields": ["Name", "Parent"]}}]	10	1
83	2025-06-04 12:52:28.511392+00	15	Frozen products → Cutlets	2	[{"changed": {"fields": ["Name", "Parent"]}}]	10	1
84	2025-06-04 12:52:58.442476+00	8	Frozen products → Stuffed Crepes	2	[{"changed": {"fields": ["Parent"]}}]	10	1
85	2025-06-04 12:53:18.174047+00	17	Frozen products → Chebureks	2	[{"changed": {"fields": ["Name", "Parent"]}}]	10	1
86	2025-06-04 12:53:49.777083+00	20	Frozen products → Souses	2	[{"changed": {"fields": ["Name", "Parent"]}}]	10	1
87	2025-06-04 12:54:35.494251+00	5	Prepared products → Salads & Appetisers	2	[{"changed": {"fields": ["Name", "Parent"]}}]	10	1
88	2025-06-04 12:55:29.577338+00	15	Frozen products → Cutlets	2	[]	10	1
89	2025-06-04 12:55:43.716727+00	4	Prepared products → Soups	2	[{"changed": {"fields": ["Parent"]}}]	10	1
90	2025-06-04 12:55:56.489362+00	21	Prepared products → Desserts	2	[{"changed": {"fields": ["Parent"]}}]	10	1
91	2025-06-04 12:57:01.45571+00	10	Prepared products → Bakery(pies)	2	[{"changed": {"fields": ["Name", "Parent"]}}]	10	1
92	2025-06-04 12:57:44.756384+00	2	Sausages and Marinated products → Marinated Products	2	[{"changed": {"fields": ["Name", "Parent"]}}]	10	1
93	2025-06-04 12:58:05.409476+00	12	Sausages and Marinated products → Frozen Sausage	2	[{"changed": {"fields": ["Name", "Parent"]}}]	10	1
94	2025-06-04 12:58:39.307848+00	19	Sausages and Marinated products → Meat Snacks	2	[{"changed": {"fields": ["Name", "Parent"]}}]	10	1
95	2025-06-04 12:58:55.73962+00	18	Sausages and Marinated products → Lard	2	[{"changed": {"fields": ["Name", "Parent"]}}]	10	1
96	2025-06-04 12:59:06.89746+00	15	Frozen products → Cutlets & Meatballs	2	[{"changed": {"fields": ["Name"]}}]	10	1
97	2025-06-04 12:59:28.869231+00	3	Starters	3		10	1
98	2025-06-04 12:59:28.869266+00	22	Turkey	3		10	1
99	2025-06-04 13:32:57.847367+00	15	Cutlets & Meatballs	2	[{"changed": {"fields": ["Parent"]}}]	10	1
100	2025-06-04 13:33:14.71418+00	23	Cutlets	1	[{"added": {}}]	10	1
101	2025-06-04 13:48:32.227721+00	3	Barbecue beef with onions classic marinade	2	[{"changed": {"fields": ["Categories"]}}]	9	1
102	2025-06-04 13:48:44.773353+00	8	Beef dumplings	2	[{"changed": {"fields": ["Categories"]}}]	9	1
103	2025-06-04 13:49:06.984211+00	8	Beef dumplings	2	[]	9	1
104	2025-06-04 13:49:14.674603+00	8	Beef dumplings	2	[{"changed": {"fields": ["Categories"]}}]	9	1
105	2025-06-04 13:49:21.966069+00	8	Beef dumplings	2	[{"changed": {"fields": ["Categories"]}}]	9	1
106	2025-06-04 13:49:39.291144+00	7	Chicken dumplings	2	[{"changed": {"fields": ["Categories"]}}]	9	1
107	2025-06-04 13:49:46.068287+00	7	Chicken dumplings	2	[{"changed": {"fields": ["Categories"]}}]	9	1
108	2025-06-04 13:49:57.50435+00	4	Meat dumplings(pork - beef)	2	[{"changed": {"fields": ["Categories"]}}]	9	1
109	2025-06-04 13:50:07.672713+00	11	Meat dumplings(pork - beef) varenyky	2	[{"changed": {"fields": ["Categories"]}}]	9	1
110	2025-06-04 13:50:15.804426+00	5	Pork dumplings	2	[{"changed": {"fields": ["Categories"]}}]	9	1
111	2025-06-04 13:50:32.119081+00	11	Meat dumplings(pork - beef) varenyky	2	[{"changed": {"fields": ["Categories"]}}]	9	1
112	2025-06-04 13:50:44.608294+00	2	Potato and fried onion dumplings	2	[{"changed": {"fields": ["Categories"]}}]	9	1
113	2025-06-04 13:50:50.527449+00	1	Potato and mushrooms dumplings	2	[{"changed": {"fields": ["Categories"]}}]	9	1
114	2025-06-04 13:50:58.07337+00	4	Meat dumplings(pork - beef)	2	[{"changed": {"fields": ["Categories"]}}]	9	1
115	2025-06-04 13:51:07.701771+00	4	Meat dumplings(pork - beef)	2	[{"changed": {"fields": ["Categories"]}}]	9	1
116	2025-06-04 13:51:18.551001+00	5	Pork dumplings	2	[{"changed": {"fields": ["Categories"]}}]	9	1
117	2025-06-04 13:51:26.793209+00	5	Pork dumplings	2	[{"changed": {"fields": ["Categories"]}}]	9	1
118	2025-06-04 13:51:36.869023+00	2	Potato and fried onion dumplings	2	[{"changed": {"fields": ["Categories"]}}]	9	1
119	2025-06-04 13:51:43.643339+00	1	Potato and mushrooms dumplings	2	[{"changed": {"fields": ["Categories"]}}]	9	1
120	2025-06-04 13:51:53.652176+00	10	Potato dumplings	2	[{"changed": {"fields": ["Categories"]}}]	9	1
121	2025-06-04 13:51:59.930667+00	6	Turkey dumplings	2	[{"changed": {"fields": ["Categories"]}}]	9	1
122	2025-06-04 13:52:15.786794+00	2	Potato and fried onion dumplings	2	[{"changed": {"fields": ["Categories"]}}]	9	1
123	2025-06-04 13:52:23.437356+00	1	Potato and mushrooms dumplings	2	[{"changed": {"fields": ["Categories"]}}]	9	1
124	2025-06-04 13:53:43.311317+00	10	Potato dumplings	2	[{"changed": {"fields": ["Categories"]}}]	9	1
125	2025-06-04 13:53:50.885328+00	6	Turkey dumplings	2	[{"changed": {"fields": ["Categories"]}}]	9	1
126	2025-06-04 14:08:50.295214+00	9	Cherry dumplings	2	[{"changed": {"fields": ["Categories"]}}]	9	1
127	2025-06-04 14:09:23.191989+00	9	Cherry dumplings	2	[{"changed": {"fields": ["Categories"]}}]	9	1
128	2025-06-04 14:09:34.553801+00	9	Cherry dumplings	2	[{"changed": {"fields": ["Categories"]}}]	9	1
129	2025-06-04 15:49:18.685738+00	12	test	1	[{"added": {}}]	9	1
130	2025-06-04 15:49:37.56756+00	12	test	3		9	1
131	2025-06-04 15:49:59.247272+00	24	test	1	[{"added": {}}]	10	1
132	2025-06-04 15:50:07.202122+00	24	test	3		10	1
136	2025-06-16 11:38:44.563314+00	14	Salt cottage cheese dumplings	1	[{"added": {}}]	9	1
137	2025-06-16 11:40:51.459709+00	15	Sweet cottage cheese dumplings	1	[{"added": {}}]	9	1
138	2025-06-16 11:41:52.038844+00	15	Sweet cottage cheese dumplings	2	[{"changed": {"fields": ["Categories"]}}]	9	1
139	2025-06-16 11:42:01.441757+00	15	Sweet cottage cheese dumplings	2	[{"changed": {"fields": ["Categories"]}}]	9	1
140	2025-06-16 11:44:13.574568+00	16	Potato and mushrooms dumplings	1	[{"added": {}}]	9	1
141	2025-06-16 11:44:40.527573+00	15	Sweet cottage cheese dumplings	2	[{"changed": {"fields": ["Description", "Categories"]}}]	9	1
142	2025-06-16 11:45:09.880797+00	16	Potato and mushrooms dumplings	2	[{"changed": {"fields": ["Description", "Categories"]}}]	9	1
143	2025-06-16 11:45:55.505735+00	16	Potato and mushrooms dumplings	2	[{"changed": {"fields": ["Categories"]}}]	9	1
144	2025-06-16 11:46:10.424659+00	10	Potato dumplings	2	[{"changed": {"fields": ["Categories"]}}]	9	1
145	2025-06-16 11:46:30.268572+00	14	Salt cottage cheese dumplings	2	[{"changed": {"fields": ["Categories"]}}]	9	1
146	2025-06-16 11:46:44.006966+00	15	Sweet cottage cheese dumplings	2	[{"changed": {"fields": ["Categories"]}}]	9	1
147	2025-06-16 11:49:24.500005+00	17	Beef cabbage rolls	1	[{"added": {}}]	9	1
148	2025-06-16 11:50:01.435586+00	17	Beef cabbage rolls	2	[{"changed": {"fields": ["Description", "Categories"]}}]	9	1
149	2025-06-16 11:51:10.642562+00	18	Mushroom cabbage rolls	1	[{"added": {}}]	9	1
150	2025-06-16 11:51:17.938224+00	17	Beef cabbage rolls	2	[{"changed": {"fields": ["Description"]}}]	9	1
151	2025-06-16 11:53:07.279415+00	19	Turkey cabbage rolls	1	[{"added": {}}]	9	1
152	2025-06-16 11:54:10.270162+00	20	Chicken cabbage rolls	1	[{"added": {}}]	9	1
153	2025-06-16 11:55:17.719394+00	21	Meat cabbage rolls	1	[{"added": {}}]	9	1
154	2025-06-16 11:55:24.88803+00	17	Beef cabbage rolls	2	[{"changed": {"fields": ["Description"]}}]	9	1
155	2025-06-16 11:55:34.439677+00	20	Chicken cabbage rolls	2	[{"changed": {"fields": ["Description", "Categories"]}}]	9	1
156	2025-06-16 11:55:37.759595+00	21	Meat cabbage rolls	2	[{"changed": {"fields": ["Categories"]}}]	9	1
157	2025-06-16 11:55:44.052557+00	18	Mushroom cabbage rolls	2	[{"changed": {"fields": ["Description", "Categories"]}}]	9	1
158	2025-06-16 11:55:49.085951+00	19	Turkey cabbage rolls	2	[{"changed": {"fields": ["Description", "Categories"]}}]	9	1
159	2025-06-16 11:59:18.62871+00	22	Stuffed pepper with mushrooms	1	[{"added": {}}]	9	1
160	2025-06-16 12:00:00.6692+00	17	Beef cabbage rolls	2	[{"changed": {"fields": ["Description"]}}]	9	1
161	2025-06-16 12:00:04.972154+00	20	Chicken cabbage rolls	2	[{"changed": {"fields": ["Description"]}}]	9	1
162	2025-06-16 12:00:08.969478+00	21	Meat cabbage rolls	2	[{"changed": {"fields": ["Description"]}}]	9	1
163	2025-06-16 12:00:20.928684+00	18	Mushroom cabbage rolls	2	[{"changed": {"fields": ["Description"]}}]	9	1
164	2025-06-16 12:00:25.833907+00	17	Beef cabbage rolls	2	[{"changed": {"fields": ["Description"]}}]	9	1
165	2025-06-16 12:00:30.837217+00	20	Chicken cabbage rolls	2	[{"changed": {"fields": ["Description"]}}]	9	1
166	2025-06-16 12:00:37.993352+00	21	Meat cabbage rolls	2	[{"changed": {"fields": ["Description"]}}]	9	1
167	2025-06-16 12:00:41.201065+00	18	Mushroom cabbage rolls	2	[]	9	1
168	2025-06-16 12:00:48.68771+00	19	Turkey cabbage rolls	2	[{"changed": {"fields": ["Description"]}}]	9	1
169	2025-06-16 12:01:00.96497+00	22	Stuffed pepper with mushrooms	2	[{"changed": {"fields": ["Description", "Categories"]}}]	9	1
170	2025-06-16 12:01:13.832111+00	17	Beef cabbage rolls	2	[]	9	1
171	2025-06-16 12:03:51.924841+00	17	Beef cabbage rolls	2	[]	9	1
172	2025-06-16 12:03:59.076738+00	17	Beef cabbage rolls	2	[{"changed": {"fields": ["Categories"]}}]	9	1
173	2025-06-16 12:04:05.810216+00	17	Beef cabbage rolls	2	[{"changed": {"fields": ["Categories"]}}]	9	1
174	2025-06-16 12:04:18.215386+00	20	Chicken cabbage rolls	2	[{"changed": {"fields": ["Categories"]}}]	9	1
175	2025-06-16 12:04:27.958393+00	20	Chicken cabbage rolls	2	[{"changed": {"fields": ["Categories"]}}]	9	1
176	2025-06-16 12:04:42.410645+00	21	Meat cabbage rolls	2	[{"changed": {"fields": ["Categories"]}}]	9	1
177	2025-06-16 12:04:50.401904+00	21	Meat cabbage rolls	2	[{"changed": {"fields": ["Categories"]}}]	9	1
178	2025-06-16 12:05:00.662562+00	18	Mushroom cabbage rolls	2	[{"changed": {"fields": ["Categories"]}}]	9	1
179	2025-06-16 12:05:08.598962+00	18	Mushroom cabbage rolls	2	[{"changed": {"fields": ["Categories"]}}]	9	1
180	2025-06-16 12:05:17.711421+00	22	Stuffed pepper with mushrooms	2	[{"changed": {"fields": ["Categories"]}}]	9	1
181	2025-06-16 12:05:27.460249+00	22	Stuffed pepper with mushrooms	2	[{"changed": {"fields": ["Categories"]}}]	9	1
182	2025-06-16 12:05:34.394214+00	19	Turkey cabbage rolls	2	[{"changed": {"fields": ["Categories"]}}]	9	1
183	2025-06-16 12:05:43.193998+00	19	Turkey cabbage rolls	2	[{"changed": {"fields": ["Categories"]}}]	9	1
184	2025-06-16 12:05:57.523886+00	22	Stuffed pepper with mushrooms	2	[{"changed": {"fields": ["Categories"]}}]	9	1
185	2025-06-16 12:06:01.025477+00	22	Stuffed pepper with mushrooms	2	[]	9	1
186	2025-06-16 12:57:26.578533+00	22	Stuffed pepper with mushrooms	2	[]	9	1
187	2025-06-16 12:57:44.014499+00	7	Chicken dumplings	2	[{"changed": {"fields": ["Categories"]}}]	9	1
188	2025-06-16 12:58:30.718047+00	22	Stuffed pepper with mushrooms	2	[{"changed": {"fields": ["Categories"]}}]	9	1
189	2025-06-16 12:59:39.525112+00	23	Stuffed pepper with meat	1	[{"added": {}}]	9	1
190	2025-06-16 13:00:12.70302+00	24	Stuffed pepper with turkey	1	[{"added": {}}]	9	1
191	2025-06-16 13:00:39.320255+00	25	Stuffed pepper with beef	1	[{"added": {}}]	9	1
192	2025-06-16 13:01:31.485856+00	26	Stuffed pepper with chicken	1	[{"added": {}}]	9	1
193	2025-06-16 13:03:29.800616+00	27	Vanilla cheesecakes with raisins	1	[{"added": {}}]	9	1
194	2025-06-16 13:04:44.204901+00	28	Vanilla cheesecakes	1	[{"added": {}}]	9	1
195	2025-06-16 13:06:14.671396+00	29	Apple and cinnamon crepes	1	[{"added": {}}]	9	1
196	2025-06-16 13:06:54.640068+00	29	Apple and cinnamon crepes	2	[{"changed": {"fields": ["Description", "Categories"]}}]	9	1
197	2025-06-16 13:09:25.919619+00	30	Chicken liver crepes	1	[{"added": {}}]	9	1
198	2025-06-16 13:09:38.200715+00	29	Apple and cinnamon crepes	2	[{"changed": {"fields": ["Description", "Categories"]}}]	9	1
199	2025-06-16 13:10:00.890463+00	30	Chicken liver crepes	2	[{"changed": {"fields": ["Description", "Categories"]}}]	9	1
200	2025-06-16 13:10:07.648838+00	29	Apple and cinnamon crepes	2	[{"changed": {"fields": ["Description", "Categories"]}}]	9	1
201	2025-06-16 13:11:18.971824+00	31	Chicken and cheese crepes	1	[{"added": {}}]	9	1
202	2025-06-16 13:11:24.734735+00	29	Apple and cinnamon crepes	2	[{"changed": {"fields": ["Categories"]}}]	9	1
203	2025-06-16 13:11:32.86741+00	30	Chicken liver crepes	2	[{"changed": {"fields": ["Description", "Categories"]}}]	9	1
204	2025-06-16 13:11:50.323294+00	30	Chicken liver crepes	2	[{"changed": {"fields": ["Categories"]}}]	9	1
205	2025-06-16 13:12:49.661634+00	32	Chicken and mushrooms crepes	1	[{"added": {}}]	9	1
206	2025-06-16 13:13:18.626715+00	33	Chicken and mushrooms crepes	1	[{"added": {}}]	9	1
207	2025-06-16 13:13:56.832185+00	34	Chicken and cheese crepes	1	[{"added": {}}]	9	1
208	2025-06-16 13:15:32.73945+00	35	Vanilla sweet cottage cheese	1	[{"added": {}}]	9	1
209	2025-06-16 13:16:55.91756+00	36	Beef and fried onions crepes	1	[{"added": {}}]	9	1
210	2025-06-16 13:18:00.528335+00	37	Pork and fried onions crepes	1	[{"added": {}}]	9	1
211	2025-06-16 13:21:58.740085+00	38	Frozen chicken cutlets	1	[{"added": {}}]	9	1
212	2025-06-16 13:22:28.976593+00	39	Frozen turkey cutlets	1	[{"added": {}}]	9	1
213	2025-06-16 13:23:45.408954+00	40	Frozen meat cutlets	1	[{"added": {}}]	9	1
214	2025-06-16 13:23:56.422821+00	33	Chicken and mushrooms crepes	2	[{"changed": {"fields": ["Categories"]}}]	9	1
215	2025-06-16 13:25:05.934848+00	41	Mushrooms and fried onions crepes	1	[{"added": {}}]	9	1
216	2025-06-16 13:25:50.721244+00	9	Cherry dumplings	2	[{"changed": {"fields": ["Categories"]}}]	9	1
217	2025-06-16 13:27:07.90456+00	11	Meat dumplings(pork - beef) varenyky	2	[{"changed": {"fields": ["Categories"]}}]	9	1
218	2025-06-16 13:28:32.6974+00	42	Potatoes and cottage cheese dumplings	1	[{"added": {}}]	9	1
219	2025-06-16 13:31:44.437002+00	43	Meatballs and tomato sauce	1	[{"added": {}}]	9	1
220	2025-06-16 13:33:23.461658+00	43	Meatballs and tomato sauce	2	[{"changed": {"fields": ["Description", "Categories"]}}]	9	1
221	2025-06-16 13:35:20.605724+00	44	Chicken meatballs and tomato sauce	1	[{"added": {}}]	9	1
222	2025-06-16 13:36:11.668108+00	43	Meatballs and tomato sauce	2	[{"changed": {"fields": ["Description", "Categories"]}}]	9	1
223	2025-06-16 13:37:00.265545+00	45	Turkey meatballs and tomato sauce	1	[{"added": {}}]	9	1
224	2025-06-16 13:40:11.897584+00	46	Tomato vegetable sauce(frozen)	1	[{"added": {}}]	9	1
225	2025-06-16 13:42:31.914537+00	47	Borsch sauce(frozen)	1	[{"added": {}}]	9	1
226	2025-06-16 13:47:00.087784+00	48	Chicken cheese chebureks	1	[{"added": {}}]	9	1
227	2025-06-16 13:47:43.010777+00	49	Chicken chebureks	1	[{"added": {}}]	9	1
228	2025-06-16 13:48:29.209414+00	50	Meat chebureks	1	[{"added": {}}]	9	1
229	2025-06-16 13:49:53.63975+00	51	Lamb dumplings	1	[{"added": {}}]	9	1
230	2025-06-16 13:50:08.557638+00	8	Beef dumplings	2	[{"changed": {"fields": ["Description", "Categories"]}}]	9	1
231	2025-06-16 13:50:19.324026+00	7	Chicken dumplings	2	[{"changed": {"fields": ["Description", "Categories"]}}]	9	1
232	2025-06-16 13:50:34.683995+00	4	Meat dumplings(pork - beef)	2	[{"changed": {"fields": ["Description", "Categories"]}}]	9	1
233	2025-06-16 13:50:43.347332+00	5	Pork dumplings	2	[{"changed": {"fields": ["Description", "Categories"]}}]	9	1
234	2025-06-16 13:50:52.931976+00	6	Turkey dumplings	2	[{"changed": {"fields": ["Categories"]}}]	9	1
235	2025-06-16 13:51:46.413862+00	39	Frozen turkey cutlets	2	[{"changed": {"fields": ["Categories"]}}]	9	1
236	2025-06-16 13:54:07.720735+00	52	Fish cutlets	1	[{"added": {}}]	9	1
237	2025-06-16 13:55:39.889089+00	53	Beef cutlets	1	[{"added": {}}]	9	1
238	2025-06-16 13:55:50.826284+00	38	Chicken cutlets	2	[{"changed": {"fields": ["Name", "Categories"]}}]	9	1
239	2025-06-16 13:55:57.358567+00	40	Neat cutlets	2	[{"changed": {"fields": ["Name", "Categories"]}}]	9	1
240	2025-06-16 13:56:03.311946+00	40	Meat cutlets	2	[{"changed": {"fields": ["Name", "Categories"]}}]	9	1
241	2025-06-16 13:56:07.862698+00	39	Turkey cutlets	2	[{"changed": {"fields": ["Name", "Categories"]}}]	9	1
242	2025-06-16 13:58:36.567189+00	54	Sweet cottage cheese and blueberries crepes	1	[{"added": {}}]	9	1
243	2025-06-16 13:58:56.671909+00	48	Chicken and cheese chebureks	2	[{"changed": {"fields": ["Name", "Categories"]}}]	9	1
244	2025-06-16 13:59:22.607203+00	31	Chicken and cheese crepes	3		9	1
245	2025-06-16 13:59:51.058144+00	14	Salt cottage cheese dumplings	2	[{"changed": {"fields": ["Description", "Categories"]}}]	9	1
246	2025-06-16 14:00:00.114405+00	15	Sweet cottage cheese dumplings	2	[{"changed": {"fields": ["Categories"]}}]	9	1
247	2025-06-16 14:00:09.94416+00	28	Vanilla cheesecakes	2	[{"changed": {"fields": ["Description", "Categories"]}}]	9	1
248	2025-06-16 14:00:18.062038+00	27	Vanilla cheesecakes with raisins	2	[{"changed": {"fields": ["Description", "Categories"]}}]	9	1
249	2025-06-16 14:00:26.870025+00	35	Vanilla sweet cottage cheese	2	[{"changed": {"fields": ["Description", "Categories"]}}]	9	1
250	2025-06-16 14:02:14.748513+00	55	Blueberry dumplings	1	[{"added": {}}]	9	1
251	2025-06-16 14:02:25.754669+00	9	Cherry dumplings	2	[{"changed": {"fields": ["Description", "Categories"]}}]	9	1
252	2025-06-16 14:02:32.162935+00	11	Meat dumplings(pork - beef) varenyky	2	[{"changed": {"fields": ["Description", "Categories"]}}]	9	1
253	2025-06-16 14:02:38.266982+00	2	Potato and fried onion dumplings	2	[{"changed": {"fields": ["Description", "Categories"]}}]	9	1
254	2025-06-16 14:02:58.576099+00	16	Potato and mushrooms dumplings	2	[{"changed": {"fields": ["Description", "Categories"]}}]	9	1
255	2025-06-16 14:03:03.862913+00	10	Potato dumplings	2	[{"changed": {"fields": ["Description", "Categories"]}}]	9	1
256	2025-06-16 14:03:09.388915+00	42	Potatoes and cottage cheese dumplings	2	[{"changed": {"fields": ["Description", "Categories"]}}]	9	1
257	2025-06-16 14:03:14.439229+00	14	Salt cottage cheese dumplings	2	[{"changed": {"fields": ["Description", "Categories"]}}]	9	1
258	2025-06-16 14:03:19.251762+00	14	Salt cottage cheese dumplings	2	[{"changed": {"fields": ["Categories"]}}]	9	1
259	2025-06-16 14:03:23.110685+00	15	Sweet cottage cheese dumplings	2	[{"changed": {"fields": ["Description", "Categories"]}}]	9	1
260	2025-06-16 14:07:36.849636+00	56	Homemade chicken grill sausages	1	[{"added": {}}]	9	1
261	2025-06-16 14:08:27.312897+00	57	Homemade pork grill sausages	1	[{"added": {}}]	9	1
262	2025-06-16 14:09:23.976344+00	58	Homemade meat grill sausages	1	[{"added": {}}]	9	1
263	2025-06-16 14:12:00.039263+00	59	Barbecue beef in cranberry sauce	1	[{"added": {}}]	9	1
264	2025-06-16 14:13:59.852239+00	60	Barbecue pork in ketchup and mayonnaise	1	[{"added": {}}]	9	1
265	2025-06-16 14:14:27.053467+00	29	Apple and cinnamon crepes	2	[{"changed": {"fields": ["Description", "Categories"]}}]	9	1
266	2025-06-16 14:14:40.296294+00	59	Barbecue beef in cranberry sauce	2	[{"changed": {"fields": ["Description", "Categories"]}}]	9	1
267	2025-06-16 14:14:53.366884+00	3	Barbecue beef with onions classic marinade	2	[{"changed": {"fields": ["Description", "Categories"]}}]	9	1
268	2025-06-16 14:15:03.130931+00	29	Apple and cinnamon crepes	2	[{"changed": {"fields": ["Description", "Categories"]}}]	9	1
269	2025-06-16 14:15:14.007949+00	59	Barbecue beef in cranberry sauce	2	[{"changed": {"fields": ["Description", "Categories"]}}]	9	1
270	2025-06-16 14:15:20.913448+00	29	Apple and cinnamon crepes	2	[{"changed": {"fields": ["Description", "Categories"]}}]	9	1
271	2025-06-16 14:15:33.472004+00	3	Barbecue beef with onions classic marinade	2	[{"changed": {"fields": ["Description", "Categories"]}}]	9	1
272	2025-06-16 14:16:00.13144+00	60	Barbecue pork in ketchup and mayonnaise	2	[{"changed": {"fields": ["Description", "Categories"]}}]	9	1
273	2025-06-16 14:16:14.445182+00	36	Beef and fried onions crepes	2	[{"changed": {"fields": ["Description", "Categories"]}}]	9	1
274	2025-06-16 14:16:29.636473+00	17	Beef cabbage rolls	2	[{"changed": {"fields": ["Description", "Categories"]}}]	9	1
275	2025-06-16 14:16:34.370598+00	17	Beef cabbage rolls	2	[{"changed": {"fields": ["Categories"]}}]	9	1
276	2025-06-16 14:16:38.74688+00	36	Beef and fried onions crepes	2	[{"changed": {"fields": ["Categories"]}}]	9	1
277	2025-06-16 14:16:46.587176+00	53	Beef cutlets	2	[{"changed": {"fields": ["Description", "Categories"]}}]	9	1
278	2025-06-16 14:16:53.264749+00	8	Beef dumplings	2	[{"changed": {"fields": ["Description", "Categories"]}}]	9	1
279	2025-06-16 14:17:01.668349+00	55	Blueberry dumplings	2	[{"changed": {"fields": ["Description", "Categories"]}}]	9	1
280	2025-06-16 14:17:10.000583+00	47	Borsch sauce(frozen)	2	[{"changed": {"fields": ["Description", "Categories"]}}]	9	1
281	2025-06-16 14:17:18.757778+00	9	Cherry dumplings	2	[{"changed": {"fields": ["Description", "Categories"]}}]	9	1
282	2025-06-16 14:17:27.925646+00	48	Chicken and cheese chebureks	2	[{"changed": {"fields": ["Description", "Categories"]}}]	9	1
283	2025-06-16 14:17:35.965296+00	34	Chicken and cheese crepes	2	[{"changed": {"fields": ["Description", "Categories"]}}]	9	1
284	2025-06-16 14:17:45.550691+00	33	Chicken and mushrooms crepes	2	[{"changed": {"fields": ["Description", "Categories"]}}]	9	1
285	2025-06-16 14:17:56.339188+00	32	Chicken and mushrooms crepes	3		9	1
286	2025-06-16 14:18:06.849047+00	20	Chicken cabbage rolls	2	[{"changed": {"fields": ["Description", "Categories"]}}]	9	1
287	2025-06-16 14:18:17.032095+00	49	Chicken chebureks	2	[{"changed": {"fields": ["Description", "Categories"]}}]	9	1
288	2025-06-16 14:18:24.297463+00	38	Chicken cutlets	2	[{"changed": {"fields": ["Description", "Categories"]}}]	9	1
289	2025-06-16 14:18:30.486252+00	7	Chicken dumplings	2	[{"changed": {"fields": ["Description", "Categories"]}}]	9	1
290	2025-06-16 14:18:41.830817+00	30	Chicken liver crepes	2	[{"changed": {"fields": ["Description", "Categories"]}}]	9	1
291	2025-06-16 14:18:54.268293+00	44	Chicken meatballs and tomato sauce	2	[{"changed": {"fields": ["Description", "Categories"]}}]	9	1
292	2025-06-16 14:19:04.712247+00	52	Fish cutlets	2	[{"changed": {"fields": ["Description", "Categories"]}}]	9	1
293	2025-06-16 14:19:16.72787+00	56	Homemade chicken grill sausages	2	[{"changed": {"fields": ["Description", "Categories"]}}]	9	1
294	2025-06-16 14:19:27.656292+00	58	Homemade meat grill sausages	2	[{"changed": {"fields": ["Description", "Categories"]}}]	9	1
295	2025-06-16 14:19:36.675695+00	57	Homemade pork grill sausages	2	[{"changed": {"fields": ["Description", "Categories"]}}]	9	1
296	2025-06-16 14:19:43.59541+00	57	Homemade pork grill sausages	2	[{"changed": {"fields": ["Categories"]}}]	9	1
297	2025-06-16 14:19:53.645763+00	51	Lamb dumplings	2	[{"changed": {"fields": ["Description", "Categories"]}}]	9	1
298	2025-06-16 14:20:39.471607+00	13	Liver crepes	3		9	1
299	2025-06-16 14:20:52.981455+00	21	Meat cabbage rolls	2	[{"changed": {"fields": ["Description", "Categories"]}}]	9	1
300	2025-06-16 14:21:06.297543+00	50	Meat chebureks	2	[{"changed": {"fields": ["Description", "Categories"]}}]	9	1
301	2025-06-16 14:21:14.697132+00	40	Meat cutlets	2	[{"changed": {"fields": ["Description", "Categories"]}}]	9	1
302	2025-06-16 14:21:22.653704+00	4	Meat dumplings(pork - beef)	2	[{"changed": {"fields": ["Description", "Categories"]}}]	9	1
303	2025-06-16 14:21:34.000579+00	11	Meat dumplings(pork - beef) varenyky	2	[{"changed": {"fields": ["Description", "Categories"]}}]	9	1
304	2025-06-16 14:21:41.955727+00	43	Meatballs and tomato sauce	2	[{"changed": {"fields": ["Description", "Categories"]}}]	9	1
305	2025-06-16 14:21:52.835688+00	18	Mushroom cabbage rolls	2	[{"changed": {"fields": ["Description", "Categories"]}}]	9	1
306	2025-06-16 14:22:03.225688+00	41	Mushrooms and fried onions crepes	2	[{"changed": {"fields": ["Description", "Categories"]}}]	9	1
307	2025-06-16 14:22:13.143015+00	37	Pork and fried onions crepes	2	[{"changed": {"fields": ["Description", "Categories"]}}]	9	1
308	2025-06-16 14:22:21.031591+00	5	Pork dumplings	2	[{"changed": {"fields": ["Description", "Categories"]}}]	9	1
309	2025-06-16 14:22:29.382972+00	2	Potato and fried onion dumplings	2	[{"changed": {"fields": ["Description", "Categories"]}}]	9	1
310	2025-06-16 14:22:43.181601+00	16	Potato and mushrooms dumplings	2	[{"changed": {"fields": ["Description", "Categories"]}}]	9	1
311	2025-06-16 14:22:53.761036+00	10	Potato dumplings	2	[{"changed": {"fields": ["Description", "Categories"]}}]	9	1
312	2025-06-16 14:23:03.69905+00	42	Potatoes and cottage cheese dumplings	2	[{"changed": {"fields": ["Description", "Categories"]}}]	9	1
313	2025-06-16 14:23:12.982053+00	14	Salt cottage cheese dumplings	2	[{"changed": {"fields": ["Description", "Categories"]}}]	9	1
314	2025-06-16 14:23:22.712222+00	25	Stuffed pepper with beef	2	[{"changed": {"fields": ["Description", "Categories"]}}]	9	1
315	2025-06-16 14:23:38.56418+00	26	Stuffed pepper with chicken	2	[{"changed": {"fields": ["Description", "Categories"]}}]	9	1
316	2025-06-16 14:23:45.526618+00	25	Stuffed pepper with beef	2	[{"changed": {"fields": ["Description", "Categories"]}}]	9	1
317	2025-06-16 14:23:52.348354+00	26	Stuffed pepper with chicken	2	[{"changed": {"fields": ["Categories"]}}]	9	1
318	2025-06-16 14:24:04.777312+00	23	Stuffed pepper with meat	2	[{"changed": {"fields": ["Description", "Categories"]}}]	9	1
319	2025-06-16 14:24:14.032762+00	22	Stuffed pepper with mushrooms	2	[{"changed": {"fields": ["Description", "Categories"]}}]	9	1
320	2025-06-16 14:24:24.41715+00	24	Stuffed pepper with turkey	2	[{"changed": {"fields": ["Description", "Categories"]}}]	9	1
321	2025-06-16 14:24:33.351746+00	54	Sweet cottage cheese and blueberries crepes	2	[{"changed": {"fields": ["Description", "Categories"]}}]	9	1
322	2025-06-16 14:24:40.954687+00	15	Sweet cottage cheese dumplings	2	[{"changed": {"fields": ["Description", "Categories"]}}]	9	1
323	2025-06-16 14:24:50.625028+00	46	Tomato vegetable sauce(frozen)	2	[{"changed": {"fields": ["Description", "Categories"]}}]	9	1
324	2025-06-16 14:24:59.34831+00	19	Turkey cabbage rolls	2	[{"changed": {"fields": ["Description", "Categories"]}}]	9	1
325	2025-06-16 14:25:08.385587+00	39	Turkey cutlets	2	[{"changed": {"fields": ["Description", "Categories"]}}]	9	1
326	2025-06-16 14:25:16.93567+00	6	Turkey dumplings	2	[{"changed": {"fields": ["Description", "Categories"]}}]	9	1
327	2025-06-16 14:25:26.992719+00	45	Turkey meatballs and tomato sauce	2	[{"changed": {"fields": ["Description", "Categories"]}}]	9	1
328	2025-06-16 14:25:36.387877+00	28	Vanilla cheesecakes	2	[{"changed": {"fields": ["Description", "Categories"]}}]	9	1
329	2025-06-16 14:25:48.707094+00	27	Vanilla cheesecakes with raisins	2	[{"changed": {"fields": ["Description", "Categories"]}}]	9	1
330	2025-06-16 14:25:57.844412+00	35	Vanilla sweet cottage cheese	2	[{"changed": {"fields": ["Description", "Categories"]}}]	9	1
331	2025-06-16 16:18:57.080849+00	3	Barbecue pork with onions and vinegar	2	[{"changed": {"fields": ["Name", "Description", "Categories", "Price"]}}]	9	1
332	2025-06-16 16:19:45.272975+00	61	Barbecue chicken fillet in mustard marinade	1	[{"added": {}}]	9	1
333	2025-06-16 16:20:09.898916+00	62	Barbecue chicken legs in soy-honey marinade	1	[{"added": {}}]	9	1
334	2025-06-16 16:20:40.084294+00	63	Marinated chicken in soy-honey sauce	1	[{"added": {}}]	9	1
335	2025-06-16 16:21:08.347014+00	64	Marinated duck in orange sauce with apples	1	[{"added": {}}]	9	1
336	2025-06-16 16:21:24.954311+00	65	Marinated baby chicken	1	[{"added": {}}]	9	1
337	2025-06-16 16:21:56.993994+00	66	Barbecue chicken wings in bbq sauce	1	[{"added": {}}]	9	1
338	2025-06-16 16:22:27.084615+00	67	Barbecue chicken fillet in soy-garlic sauce	1	[{"added": {}}]	9	1
339	2025-06-16 16:23:29.579485+00	68	Barbecue sausages (semi-smoked)	1	[{"added": {}}]	9	1
340	2025-06-16 16:23:58.449603+00	68	Barbecue sausages(semi-smoked)	2	[{"changed": {"fields": ["Name", "Categories"]}}]	9	1
341	2025-06-16 16:25:00.951825+00	69	Pork Jerky(meat chips)	1	[{"added": {}}]	9	1
342	2025-06-16 16:27:10.578106+00	70	Beef Jerky(meat chips)	1	[{"added": {}}]	9	1
343	2025-06-16 16:28:30.564424+00	70	Beef Jerky	2	[{"changed": {"fields": ["Name", "Description", "Categories"]}}]	9	1
344	2025-06-16 16:28:47.517256+00	69	Pork Jerky	2	[{"changed": {"fields": ["Name", "Description", "Categories"]}}]	9	1
345	2025-06-16 16:29:17.558141+00	71	Chicken Jerky 4 cheese	1	[{"added": {}}]	9	1
346	2025-06-16 16:29:49.097973+00	72	Dry-cured mini-sausages salami	1	[{"added": {}}]	9	1
347	2025-06-16 16:30:25.754112+00	73	Dry-cured turkey	1	[{"added": {}}]	9	1
348	2025-06-16 16:30:56.879525+00	74	Dry-cured chicken fillet	1	[{"added": {}}]	9	1
349	2025-06-16 16:31:25.319422+00	75	Beef basturma in spices	1	[{"added": {}}]	9	1
350	2025-06-16 16:31:50.450262+00	76	Dry-cured pork balk	1	[{"added": {}}]	9	1
351	2025-06-16 16:32:22.480689+00	77	Smoked sausages Presidential	1	[{"added": {}}]	9	1
352	2025-06-16 16:33:01.038779+00	78	Dry-cured beef	1	[{"added": {}}]	9	1
353	2025-06-16 16:33:50.531913+00	79	Meat Snack Box	1	[{"added": {}}]	9	1
354	2025-06-16 16:34:08.676419+00	80	Smoked lard	1	[{"added": {}}]	9	1
355	2025-06-16 16:34:52.892554+00	81	Smoked sausages Okhotnychi	1	[{"added": {}}]	9	1
356	2025-06-16 16:35:45.797654+00	82	Strawberry Tiramisu(No alcohol)	1	[{"added": {}}]	9	1
357	2025-06-16 16:36:06.694832+00	83	Coffee Tiramisu(No alcohol)	1	[{"added": {}}]	9	1
358	2025-06-16 16:37:35.786984+00	84	Honey cake with sour cream	1	[{"added": {}}]	9	1
359	2025-06-16 16:37:59.096893+00	85	Napoleon cake	1	[{"added": {}}]	9	1
360	2025-06-16 16:38:36.54204+00	86	Orange cottage cheese casserole	1	[{"added": {}}]	9	1
361	2025-06-16 16:39:11.805798+00	87	Cottage cheese raspberries casserole	1	[{"added": {}}]	9	1
362	2025-06-16 16:39:38.46002+00	88	Prepared cheesecakes	1	[{"added": {}}]	9	1
363	2025-06-16 16:40:09.563798+00	89	Butter crepes	1	[{"added": {}}]	9	1
364	2025-06-16 16:40:30.558438+00	90	Blueberries cottage cheese casserole	1	[{"added": {}}]	9	1
365	2025-06-16 16:40:57.824436+00	91	Carrot cake with sour cream and almond	1	[{"added": {}}]	9	1
366	2025-06-16 16:41:29.728952+00	92	Pancakes with raspberries and chocolate	1	[{"added": {}}]	9	1
367	2025-06-16 16:41:54.637533+00	93	Cherry cottage cheese casserole	1	[{"added": {}}]	9	1
368	2025-06-16 16:44:03.030675+00	94	Cabbage pies	1	[{"added": {}}]	9	1
369	2025-06-16 16:44:46.974819+00	95	Apple pies	1	[{"added": {}}]	9	1
370	2025-06-16 16:45:05.698137+00	96	Meat pies	1	[{"added": {}}]	9	1
371	2025-06-16 16:45:22.09365+00	97	Poppy seed bun	1	[{"added": {}}]	9	1
372	2025-06-16 16:47:15.632351+00	98	Cookie Nuts with condensed cream and hazelnut	1	[{"added": {}}]	9	1
373	2025-06-16 16:50:55.387711+00	99	Salted salmon and cream cheese crepes	1	[{"added": {}}]	9	1
374	2025-06-16 16:51:40.645458+00	100	Eggs and spring onions crepes	1	[{"added": {}}]	9	1
375	2025-06-16 16:52:19.95022+00	101	Chicken aspic holodez	1	[{"added": {}}]	9	1
376	2025-06-16 16:52:32.715748+00	102	Beef aspic holodez	1	[{"added": {}}]	9	1
377	2025-06-16 16:52:56.987606+00	103	Chicken and mushrooms julienne	1	[{"added": {}}]	9	1
378	2025-06-16 16:53:45.147324+00	104	Zucchini pancakes with garlic sour cream sauce.	1	[{"added": {}}]	9	1
379	2025-06-16 16:54:50.888502+00	105	Potato pancakes with mushroom sauce	1	[{"added": {}}]	9	1
380	2025-06-16 16:56:24.649017+00	106	Quiche with salmon, toms and broccoli	1	[{"added": {}}]	9	1
381	2025-06-16 16:56:58.225437+00	107	Liver pancakes	1	[{"added": {}}]	9	1
382	2025-06-16 16:57:59.652964+00	108	Quiche pie with chicken, mushrooms and cheese	1	[{"added": {}}]	9	1
383	2025-06-16 16:58:15.176733+00	109	Liver cake	1	[{"added": {}}]	9	1
384	2025-06-16 16:58:35.724211+00	110	Hake in tomato sauce	1	[{"added": {}}]	9	1
385	2025-06-16 16:59:09.02817+00	111	Chicken liver pate	1	[{"added": {}}]	9	1
386	2025-06-16 17:00:37.7541+00	112	Marinated champignons	1	[{"added": {}}]	9	1
387	2025-06-16 17:01:30.282325+00	113	Aubergine rolls stuffed with cream cheese and garlic	1	[{"added": {}}]	9	1
388	2025-06-16 17:03:21.729624+00	114	Aubergine sauté	1	[{"added": {}}]	9	1
389	2025-06-16 17:03:50.64776+00	115	Korean carrots	1	[{"added": {}}]	9	1
390	2025-06-16 17:04:15.660858+00	116	Olivie salad	1	[{"added": {}}]	9	1
391	2025-06-16 17:08:43.540274+00	117	Mimosa salad	1	[{"added": {}}]	9	1
392	2025-06-16 17:08:59.756007+00	118	Shuba salad	1	[{"added": {}}]	9	1
393	2025-06-16 17:09:17.034432+00	119	Chicken and mushroom salad	1	[{"added": {}}]	9	1
394	2025-06-16 17:09:58.178526+00	120	Crab salad	1	[{"added": {}}]	9	1
395	2025-06-16 17:11:18.260657+00	99	Baked lightly-salted salmon and cream cheese crepes	2	[{"changed": {"fields": ["Name", "Categories"]}}]	9	1
396	2025-06-16 17:11:46.843167+00	121	Pheasant nest salad	1	[{"added": {}}]	9	1
397	2025-06-16 17:13:04.393943+00	122	Mini quiche with salmon, broccoli and toms	1	[{"added": {}}]	9	1
398	2025-06-16 17:14:04.034241+00	123	Mini chicken and mushrooms quiche	1	[{"added": {}}]	9	1
399	2025-06-16 17:14:56.221259+00	124	Vegetable salad Vinaigrette	1	[{"added": {}}]	9	1
400	2025-06-16 17:25:05.098193+00	125	Test	1	[{"added": {}}]	9	1
401	2025-06-16 17:27:05.122984+00	125	Test	3		9	1
402	2025-06-16 17:34:20.405287+00	23	Frozen cutlets and meatballs	2	[{"changed": {"fields": ["Name"]}}]	10	1
403	2025-06-16 17:41:35.155535+00	25	Main dishes	1	[{"added": {}}]	10	1
404	2025-06-16 17:42:03.300266+00	26	Side dishes	1	[{"added": {}}]	10	1
405	2025-06-16 17:42:42.218467+00	44	Chicken meatballs and tomato sauce	2	[{"changed": {"fields": ["Categories"]}}]	9	1
406	2025-06-16 17:42:52.011862+00	43	Meatballs and tomato sauce	2	[{"changed": {"fields": ["Categories"]}}]	9	1
407	2025-06-16 17:42:59.679415+00	45	Turkey meatballs and tomato sauce	2	[{"changed": {"fields": ["Categories"]}}]	9	1
408	2025-06-16 17:45:20.688934+00	26	Side dishes	3		10	1
409	2025-06-16 17:45:30.793828+00	25	Main and side dishes	2	[{"changed": {"fields": ["Name"]}}]	10	1
410	2025-06-16 17:45:49.369714+00	126	Liver pancakes	1	[{"added": {}}]	9	1
411	2025-06-16 17:46:16.332205+00	127	Rice with vegetables	1	[{"added": {}}]	9	1
412	2025-06-16 17:46:38.871095+00	128	Lasagna	1	[{"added": {}}]	9	1
413	2025-06-16 17:47:02.804755+00	129	Pilaf(rice) with beef	1	[{"added": {}}]	9	1
414	2025-06-16 17:47:39.375242+00	130	Potato roast with beef, mushrooms and cheese	1	[{"added": {}}]	9	1
415	2025-06-16 17:48:39.306171+00	131	Baked duck in orange sauce with apples and baby potatoes	1	[{"added": {}}]	9	1
416	2025-06-16 17:49:21.236828+00	132	Baked chicken in soy-honey sauce with roasted baby potatoes	1	[{"added": {}}]	9	1
417	2025-06-16 17:49:39.315411+00	133	French meat	1	[{"added": {}}]	9	1
418	2025-06-16 17:50:06.20219+00	134	Buckwheat with mushrooms and onions	1	[{"added": {}}]	9	1
419	2025-06-16 17:50:59.055395+00	135	Pork chops baked with tomatoes and cheese	1	[{"added": {}}]	9	1
420	2025-06-16 17:51:31.355758+00	136	Potato pancakes with mushroom sauce	1	[{"added": {}}]	9	1
421	2025-06-16 17:52:09.304754+00	105	Potato pancakes with mushroom sauce	2	[{"changed": {"fields": ["Categories"]}}]	9	1
422	2025-06-16 17:52:39.893041+00	136	Potato pancakes with mushroom sauce	3		9	1
423	2025-06-16 17:53:23.278933+00	107	Liver pancakes	2	[{"changed": {"fields": ["Categories"]}}]	9	1
424	2025-06-16 17:53:34.206762+00	126	Liver pancakes	3		9	1
425	2025-06-16 17:55:36.548864+00	137	Prepped chicken and cheese cutlets	1	[{"added": {}}]	9	1
426	2025-06-16 17:55:53.378501+00	138	Prepared meat cutlets	1	[{"added": {}}]	9	1
427	2025-06-16 17:56:23.330265+00	139	Prepared meatballs with tomato sauce	1	[{"added": {}}]	9	1
428	2025-06-16 17:56:39.612041+00	137	Prepared chicken and cheese cutlets	2	[{"changed": {"fields": ["Name", "Categories"]}}]	9	1
429	2025-06-16 17:57:32.320195+00	140	Prepared chicken meatballs with cream sauce	1	[{"added": {}}]	9	1
430	2025-06-16 17:58:37.332857+00	27	Stuffed pepper	1	[{"added": {}}]	10	1
431	2025-06-16 17:58:56.404949+00	141	Prepared sweet stuffed peppers	1	[{"added": {}}]	9	1
432	2025-06-16 17:59:23.004323+00	27	Stuffed Pepper	2	[{"changed": {"fields": ["Name"]}}]	10	1
433	2025-06-16 17:59:35.944036+00	23	Frozen Cutlets and Meatballs	2	[{"changed": {"fields": ["Name"]}}]	10	1
434	2025-06-16 17:59:51.194481+00	11	Frozen Stuffed Pepper	2	[{"changed": {"fields": ["Name"]}}]	10	1
436	2025-06-17 17:06:13.760659+00	1	Order #1 by Alexandr Andreyev	1	[{"added": {}}, {"added": {"name": "order item", "object": "Apple pies - 5"}}]	11	1
437	2025-06-17 17:07:42.922034+00	1	Order #1 by Alexandr Andreyev	3		11	1
438	2025-06-17 17:11:48.870222+00	142	Prepared fish cutlets	1	[{"added": {}}]	9	1
439	2025-06-17 17:15:28.181812+00	143	Prepared cabbage rolls with stuffing	1	[{"added": {}}]	9	1
440	2025-06-17 17:15:56.787337+00	144	Beef goulash(stewed beef with vegetables)	1	[{"added": {}}]	9	1
441	2025-06-17 17:16:33.966841+00	123	Mini quiche with chicken and mushrooms	2	[{"changed": {"fields": ["Name", "Categories"]}}]	9	1
442	2025-06-17 17:16:46.288844+00	108	Quiche pie with chicken, mushrooms and cheese	2	[{"changed": {"fields": ["Categories"]}}]	9	1
443	2025-06-17 17:16:53.241494+00	106	Quiche with salmon, toms and broccoli	2	[{"changed": {"fields": ["Categories"]}}]	9	1
444	2025-06-17 17:17:09.328249+00	109	Liver cake	2	[{"changed": {"fields": ["Categories"]}}]	9	1
445	2025-06-17 17:18:43.260789+00	145	Dumplings with chicken in a creamy sauce	1	[{"added": {}}]	9	1
446	2025-06-17 17:19:24.08403+00	146	Mashed potatoes with stewed beef in tomato sauce	1	[{"added": {}}]	9	1
447	2025-06-17 17:19:54.912683+00	147	Mashed potatoes with chicken and cream sauce	1	[{"added": {}}]	9	1
448	2025-06-17 17:20:30.631237+00	148	Mashed potatoes with mushrooms in cream sauce	1	[{"added": {}}]	9	1
449	2025-06-17 17:20:57.35386+00	149	Grilled baby potatoes	1	[{"added": {}}]	9	1
450	2025-06-17 17:21:19.751351+00	150	Prepared beef cutlets	1	[{"added": {}}]	9	1
451	2025-06-17 17:21:40.175632+00	151	Mashed potatoes	1	[{"added": {}}]	9	1
452	2025-06-17 17:24:00.435454+00	152	Borsch with beef	1	[{"added": {}}]	9	1
453	2025-06-17 17:27:05.303182+00	153	Vegetables cream soup with broccoli	1	[{"added": {}}]	9	1
454	2025-06-17 17:29:51.898065+00	154	Mushroom cream soup	1	[{"added": {}}]	9	1
455	2025-06-17 17:30:12.374832+00	155	Meat soup Solyanka	1	[{"added": {}}]	9	1
456	2025-06-17 17:30:32.068728+00	156	Chicken soup with meatballs	1	[{"added": {}}]	9	1
457	2025-06-17 17:31:09.579063+00	157	Okroshka	1	[{"added": {}}]	9	1
458	2025-06-17 17:31:31.650718+00	158	Salmon soup with cream cheese	1	[{"added": {}}]	9	1
459	2025-06-17 17:36:43.439253+00	35	Vanilla sweet cottage cheese crepes	2	[{"changed": {"fields": ["Name", "Categories"]}}]	9	1
460	2025-06-17 17:42:46.42707+00	159	Prepared turkey cutlets	1	[{"added": {}}]	9	1
461	2025-06-17 17:44:21.957013+00	21	Meat cabbage rolls(pork - beef)	2	[{"changed": {"fields": ["Name", "Categories"]}}]	9	1
462	2025-06-17 17:44:27.337083+00	50	Meat chebureks(pork - beef)	2	[{"changed": {"fields": ["Name", "Categories"]}}]	9	1
463	2025-06-17 17:44:34.078826+00	40	Meat cutlets(pork - beef)	2	[{"changed": {"fields": ["Name", "Categories"]}}]	9	1
464	2025-06-17 17:44:42.158703+00	96	Meat pies(pork - beef)	2	[{"changed": {"fields": ["Name", "Categories"]}}]	9	1
465	2025-06-17 17:45:10.078009+00	138	Prepared meat cutlets(pork - beef)	2	[{"changed": {"fields": ["Name", "Categories"]}}]	9	1
466	2025-06-17 17:45:17.369205+00	23	Stuffed pepper with meat(pork - beef)	2	[{"changed": {"fields": ["Name", "Categories"]}}]	9	1
467	2025-06-17 17:45:58.390436+00	160	Prepared beef cutlets	1	[{"added": {}}]	9	1
468	2025-06-17 17:51:05.329657+00	161	Baked chicken dumplings with cheese sauce	1	[{"added": {}}]	9	1
469	2025-06-17 17:56:55.805891+00	162	Homemade fried pork sausage	1	[{"added": {}}]	9	1
470	2025-06-17 17:57:04.615897+00	12	Sausage	2	[{"changed": {"fields": ["Name"]}}]	10	1
471	2025-06-17 17:58:25.603747+00	76	Dry-cured pork balyk	2	[{"changed": {"fields": ["Name", "Categories"]}}]	9	1
472	2025-06-17 17:59:19.475273+00	163	Cervelat smoked sausage	1	[{"added": {}}]	9	1
473	2025-06-17 18:00:40.3231+00	164	Salami smoked sausage	1	[{"added": {}}]	9	1
474	2025-06-17 18:01:30.232719+00	165	Premium beef sausages	1	[{"added": {}}]	9	1
475	2025-06-17 18:02:04.065235+00	166	Vienna sausages in natural casing	1	[{"added": {}}]	9	1
476	2025-06-17 18:02:35.995905+00	167	Premium pork sausages	1	[{"added": {}}]	9	1
477	2025-06-17 18:04:55.181053+00	168	Braunschweig dry-cured sausage	1	[{"added": {}}]	9	1
478	2025-06-17 18:05:12.255324+00	163	Cervelat smoked sausage	2	[{"changed": {"fields": ["Categories"]}}]	9	1
479	2025-06-17 18:06:43.697016+00	77	Smoked sausages Presidential	2	[{"changed": {"fields": ["Categories"]}}]	9	1
480	2025-06-17 18:07:43.138431+00	169	Baked pork	1	[{"added": {}}]	9	1
481	2025-06-17 18:08:13.26572+00	163	Cervelat smoked sausage	2	[{"changed": {"fields": ["Categories"]}}]	9	1
482	2025-06-17 18:08:59.783135+00	170	Cervelat smoked premium	1	[{"added": {}}]	9	1
483	2025-06-17 18:09:40.754094+00	171	Homemade fried chicken sausage	1	[{"added": {}}]	9	1
484	2025-06-17 18:10:43.819684+00	172	Sausage & Lard Box	1	[{"added": {}}]	9	1
485	2025-06-17 18:11:40.876759+00	173	Lard with red pepper and spices	1	[{"added": {}}]	9	1
486	2025-06-17 18:12:08.995408+00	174	Smoked lard with spices	1	[{"added": {}}]	9	1
487	2025-06-17 18:13:08.026676+00	175	Boiled and smoked sausage Zinkovskaya	1	[{"added": {}}]	9	1
488	2025-06-17 18:13:34.99606+00	176	Sausage with cheese	1	[{"added": {}}]	9	1
489	2025-06-17 18:14:12.590389+00	177	Royal ham boiled premium	1	[{"added": {}}]	9	1
490	2025-06-17 18:15:04.884848+00	178	Tongue delicacy	1	[{"added": {}}]	9	1
491	2025-06-17 18:15:26.296424+00	179	Baked pork brisket	1	[{"added": {}}]	9	1
492	2025-06-17 18:16:26.984024+00	10	Bakery	2	[{"changed": {"fields": ["Name"]}}]	10	1
493	2025-06-17 18:16:52.233342+00	96	Meat pies(pork - beef)	2	[{"changed": {"fields": ["Categories"]}}]	9	1
494	2025-06-17 18:17:45.693084+00	180	Sausage in dough	1	[{"added": {}}]	9	1
495	2025-06-17 18:18:20.787426+00	106	Quiche pie with salmon, toms and broccoli	2	[{"changed": {"fields": ["Name", "Categories"]}}]	9	1
496	2025-06-17 18:18:34.966439+00	122	Mini quiche with salmon, toms and broccoli	2	[{"changed": {"fields": ["Name", "Categories"]}}]	9	1
497	2025-06-17 18:19:22.275842+00	123	Mini quiche with chicken, mushrooms and cheese	2	[{"changed": {"fields": ["Name", "Categories"]}}]	9	1
498	2025-06-17 18:19:27.035411+00	123	Mini quiche with chicken, mushrooms and cheese	2	[{"changed": {"fields": ["Categories"]}}]	9	1
499	2025-06-17 18:19:32.607794+00	122	Mini quiche with salmon, toms and broccoli	2	[{"changed": {"fields": ["Categories"]}}]	9	1
500	2025-06-17 18:19:36.266432+00	108	Quiche pie with chicken, mushrooms and cheese	2	[{"changed": {"fields": ["Categories"]}}]	9	1
501	2025-06-17 18:19:39.837152+00	106	Quiche pie with salmon, toms and broccoli	2	[{"changed": {"fields": ["Categories"]}}]	9	1
533	2025-06-29 22:02:30.499002+00	12	landar	1	[{"added": {}}]	7	1
534	2025-06-30 20:58:34.506326+00	13	Iryna Korshunova	1	[{"added": {}}]	7	12
535	2025-06-30 21:04:10.755055+00	9	Order #9 by Iryna Korshunova	1	[{"added": {}}, {"added": {"name": "order item", "object": "Honey cake with sour cream - 1"}}, {"added": {"name": "order item", "object": "Cherry cottage cheese casserole - 1"}}, {"added": {"name": "order item", "object": "Cabbage pies - 2"}}, {"added": {"name": "order item", "object": "Apple pies - 1"}}, {"added": {"name": "order item", "object": "Cookie Nuts with condensed cream and hazelnut - 1"}}, {"added": {"name": "order item", "object": "Zucchini pancakes with garlic sour cream sauce. - 1"}}, {"added": {"name": "order item", "object": "Potato pancakes with mushroom sauce - 1"}}, {"added": {"name": "order item", "object": "Vegetable salad Vinaigrette - 1"}}, {"added": {"name": "order item", "object": "Aubergine rolls stuffed with cream cheese and garlic - 1"}}, {"added": {"name": "order item", "object": "Eggs and spring onions crepes - 1"}}]	11	12
536	2025-06-30 21:04:57.366501+00	7	Order #7 by None	3		11	12
537	2025-06-30 21:04:57.366542+00	8	Order #8 by None	3		11	12
538	2025-06-30 21:04:57.366561+00	6	Order #6 by None	3		11	12
539	2025-06-30 21:04:57.366578+00	5	Order #5 by None	3		11	12
540	2025-06-30 21:04:57.366594+00	4	Order #4 by None	3		11	12
541	2025-06-30 21:04:57.36661+00	2	Order #2 by None	3		11	12
542	2025-06-30 21:11:58.66805+00	14	Maria Khokhlova	1	[{"added": {}}]	7	12
543	2025-06-30 21:15:16.831076+00	10	Order #10 by Maria Khokhlova	1	[{"added": {}}, {"added": {"name": "order item", "object": "Aubergine rolls stuffed with cream cheese and garlic - 1"}}, {"added": {"name": "order item", "object": "Prepared chicken and cheese cutlets - 1"}}, {"added": {"name": "order item", "object": "Prepared fish cutlets - 1"}}, {"added": {"name": "order item", "object": "Rice with vegetables - 1"}}, {"added": {"name": "order item", "object": "Prepared cheesecakes - 1"}}]	11	12
544	2025-06-30 21:16:09.550839+00	9	Order #9 by Iryna Korshunova	2	[]	11	12
545	2025-06-30 21:19:40.741187+00	15	Ekaterina Figurnova	1	[{"added": {}}]	7	12
546	2025-06-30 21:26:20.590002+00	11	Order #11 by Ekaterina Figurnova	1	[{"added": {}}, {"added": {"name": "order item", "object": "Cherry dumplings - 1"}}, {"added": {"name": "order item", "object": "Meat chebureks(pork - beef) - 4"}}, {"added": {"name": "order item", "object": "Vanilla cheesecakes - 2"}}, {"added": {"name": "order item", "object": "Chicken and mushrooms crepes - 1"}}, {"added": {"name": "order item", "object": "Beef and fried onions crepes - 1"}}, {"added": {"name": "order item", "object": "Honey cake with sour cream - 1"}}, {"added": {"name": "order item", "object": "Baked pork - 1"}}]	11	12
547	2025-06-30 21:36:54.173278+00	16	Antipova Tetiana	1	[{"added": {}}]	7	12
548	2025-06-30 21:39:43.38373+00	12	Order #12 by Antipova Tetiana	1	[{"added": {}}, {"added": {"name": "order item", "object": "Prepared chicken and cheese cutlets - 1"}}, {"added": {"name": "order item", "object": "Aubergine rolls stuffed with cream cheese and garlic - 1"}}, {"added": {"name": "order item", "object": "Apple and cinnamon crepes - 1"}}, {"added": {"name": "order item", "object": "Liver cake - 1"}}]	11	12
549	2025-06-30 22:03:11.464042+00	17	Valentina Elizarova	1	[{"added": {}}]	7	12
550	2025-06-30 22:12:59.036423+00	13	Order #13 by Valentina Elizarova	1	[{"added": {}}, {"added": {"name": "order item", "object": "Honey cake with sour cream - 1"}}, {"added": {"name": "order item", "object": "Liver cake - 1"}}, {"added": {"name": "order item", "object": "Shuba salad - 2"}}, {"added": {"name": "order item", "object": "Chicken aspic holodez - 2"}}, {"added": {"name": "order item", "object": "Cookie Nuts with condensed cream and hazelnut - 2"}}, {"added": {"name": "order item", "object": "Marinated baby chicken - 1"}}, {"added": {"name": "order item", "object": "Stuffed pepper with chicken - 3"}}, {"added": {"name": "order item", "object": "Chicken and cheese chebureks - 3"}}, {"added": {"name": "order item", "object": "Vanilla sweet cottage cheese crepes - 1"}}, {"added": {"name": "order item", "object": "Turkey dumplings - 4"}}, {"added": {"name": "order item", "object": "Chicken and mushrooms crepes - 1"}}]	11	12
551	2025-06-30 22:18:55.021317+00	18	Evgeniya Doroshek	1	[{"added": {}}]	7	12
552	2025-06-30 22:21:02.141076+00	14	Order #14 by Evgeniya Doroshek	1	[{"added": {}}, {"added": {"name": "order item", "object": "Apple and cinnamon crepes - 1"}}, {"added": {"name": "order item", "object": "Vanilla cheesecakes - 1"}}, {"added": {"name": "order item", "object": "Turkey dumplings - 1"}}, {"added": {"name": "order item", "object": "Potato and fried onion dumplings - 1"}}]	11	12
553	2025-06-30 22:33:58.026786+00	19	Veronika Murugina	1	[{"added": {}}]	7	12
554	2025-06-30 22:37:27.62632+00	15	Order #15 by Veronika Murugina	1	[{"added": {}}, {"added": {"name": "order item", "object": "Meat cutlets(pork - beef) - 1"}}, {"added": {"name": "order item", "object": "Turkey cutlets - 1"}}, {"added": {"name": "order item", "object": "Turkey dumplings - 1"}}, {"added": {"name": "order item", "object": "Vanilla cheesecakes - 1"}}, {"added": {"name": "order item", "object": "Prepared fish cutlets - 1"}}, {"added": {"name": "order item", "object": "Liver pancakes - 1"}}]	11	12
555	2025-06-30 22:47:27.086556+00	20	Anastasia Maximova	1	[{"added": {}}]	7	12
556	2025-06-30 22:51:05.490559+00	16	Order #16 by Anastasia Maximova	1	[{"added": {}}, {"added": {"name": "order item", "object": "Vanilla sweet cottage cheese crepes - 2"}}, {"added": {"name": "order item", "object": "Borsch with beef - 2"}}, {"added": {"name": "order item", "object": "Shuba salad - 1"}}, {"added": {"name": "order item", "object": "Honey cake with sour cream - 1"}}, {"added": {"name": "order item", "object": "Poppy seed bun - 1"}}]	11	12
557	2025-06-30 23:00:02.898252+00	21	Jenny Agarkova	1	[{"added": {}}]	7	12
558	2025-06-30 23:09:46.369806+00	17	Order #17 by Jenny Agarkova	1	[{"added": {}}, {"added": {"name": "order item", "object": "Cherry dumplings - 1"}}, {"added": {"name": "order item", "object": "Chicken dumplings - 1"}}, {"added": {"name": "order item", "object": "Meat dumplings(pork - beef) - 1"}}, {"added": {"name": "order item", "object": "Sweet cottage cheese dumplings - 2"}}, {"added": {"name": "order item", "object": "Vanilla cheesecakes - 1"}}, {"added": {"name": "order item", "object": "Apple and cinnamon crepes - 1"}}, {"added": {"name": "order item", "object": "Chicken cutlets - 1"}}, {"added": {"name": "order item", "object": "Homemade chicken grill sausages - 1"}}, {"added": {"name": "order item", "object": "Fish cutlets - 1"}}, {"added": {"name": "order item", "object": "Chicken aspic holodez - 1"}}, {"added": {"name": "order item", "object": "Prepared chicken and cheese cutlets - 2"}}, {"added": {"name": "order item", "object": "Prepared meat cutlets(pork - beef) - 1"}}, {"added": {"name": "order item", "object": "Prepared fish cutlets - 1"}}, {"added": {"name": "order item", "object": "Liver cake - 1"}}, {"added": {"name": "order item", "object": "Cabbage pies - 1"}}, {"added": {"name": "order item", "object": "Dry-cured turkey - 1"}}]	11	12
559	2025-06-30 23:14:42.817051+00	22	Kseniia Bielosludtseva	1	[{"added": {}}]	7	12
560	2025-06-30 23:18:24.685287+00	18	Order #18 by Kseniia Bielosludtseva	1	[{"added": {}}, {"added": {"name": "order item", "object": "Meat dumplings(pork - beef) - 7"}}, {"added": {"name": "order item", "object": "Meat chebureks(pork - beef) - 3"}}]	11	12
561	2025-06-30 23:21:44.624434+00	23	Oleksandra Volkova	1	[{"added": {}}]	7	12
562	2025-06-30 23:24:46.816776+00	19	Order #19 by Oleksandra Volkova	1	[{"added": {}}, {"added": {"name": "order item", "object": "Meat dumplings(pork - beef) - 1"}}, {"added": {"name": "order item", "object": "Potato and fried onion dumplings - 1"}}, {"added": {"name": "order item", "object": "Vanilla sweet cottage cheese crepes - 1"}}, {"added": {"name": "order item", "object": "Chicken dumplings - 1"}}, {"added": {"name": "order item", "object": "Chicken aspic holodez - 1"}}]	11	12
563	2025-06-30 23:28:57.444582+00	24	Oksana Nedashkivska	1	[{"added": {}}]	7	12
564	2025-06-30 23:30:28.182819+00	20	Order #20 by Oksana Nedashkivska	1	[{"added": {}}, {"added": {"name": "order item", "object": "Turkey dumplings - 4"}}]	11	12
565	2025-06-30 23:35:30.88373+00	25	Ksenia Fonina	1	[{"added": {}}]	7	12
566	2025-06-30 23:37:35.99825+00	21	Order #21 by Ksenia Fonina	1	[{"added": {}}, {"added": {"name": "order item", "object": "Chicken and mushrooms crepes - 2"}}, {"added": {"name": "order item", "object": "Sweet cottage cheese and blueberries crepes - 2"}}, {"added": {"name": "order item", "object": "Turkey cabbage rolls - 1"}}, {"added": {"name": "order item", "object": "Stuffed pepper with chicken - 1"}}, {"added": {"name": "order item", "object": "Fish cutlets - 1"}}]	11	12
567	2025-06-30 23:39:59.537639+00	26	Alexandra Govorukha	1	[{"added": {}}]	7	12
568	2025-06-30 23:43:08.729167+00	22	Order #22 by Alexandra Govorukha	1	[{"added": {}}, {"added": {"name": "order item", "object": "Vegetables cream soup with broccoli - 1"}}, {"added": {"name": "order item", "object": "Mini quiche with salmon, toms and broccoli - 1"}}, {"added": {"name": "order item", "object": "Zucchini pancakes with garlic sour cream sauce. - 1"}}, {"added": {"name": "order item", "object": "Apple and cinnamon crepes - 1"}}, {"added": {"name": "order item", "object": "Vanilla cheesecakes - 1"}}]	11	12
569	2025-06-30 23:47:24.286057+00	27	Shved Vira	1	[{"added": {}}]	7	12
570	2025-07-01 00:02:49.953421+00	23	Order #23 by Shved Vira	1	[{"added": {}}, {"added": {"name": "order item", "object": "Meat dumplings(pork - beef) - 2"}}, {"added": {"name": "order item", "object": "Cherry dumplings - 1"}}, {"added": {"name": "order item", "object": "Potato and fried onion dumplings - 1"}}, {"added": {"name": "order item", "object": "Meat cabbage rolls(pork - beef) - 1"}}, {"added": {"name": "order item", "object": "Stuffed pepper with turkey - 1"}}, {"added": {"name": "order item", "object": "Chicken liver crepes - 1"}}, {"added": {"name": "order item", "object": "Meat cutlets(pork - beef) - 1"}}, {"added": {"name": "order item", "object": "Meatballs and tomato sauce - 1"}}, {"added": {"name": "order item", "object": "Meat chebureks(pork - beef) - 1"}}, {"added": {"name": "order item", "object": "Fish cutlets - 1"}}, {"added": {"name": "order item", "object": "Baked pork - 1"}}]	11	12
571	2025-07-01 00:05:39.482381+00	28	Alina Prystynska	1	[{"added": {}}]	7	12
572	2025-07-01 00:09:22.829321+00	97	Poppy seeds buns	2	[{"changed": {"fields": ["Name", "Categories"]}}]	9	12
573	2025-07-01 00:12:32.819547+00	24	Order #24 by Alina Prystynska	1	[{"added": {}}, {"added": {"name": "order item", "object": "Chicken dumplings - 3"}}, {"added": {"name": "order item", "object": "Chicken cutlets - 2"}}, {"added": {"name": "order item", "object": "Turkey meatballs and tomato sauce - 1"}}, {"added": {"name": "order item", "object": "Korean carrots - 2"}}, {"added": {"name": "order item", "object": "Salami smoked sausage - 1"}}, {"added": {"name": "order item", "object": "Premium pork sausages - 1"}}, {"added": {"name": "order item", "object": "Poppy seeds buns - 1"}}]	11	12
574	2025-07-01 00:15:42.564149+00	29	Natasha Popova	1	[{"added": {}}]	7	12
575	2025-07-01 00:16:40.527207+00	25	Order #25 by Natasha Popova	1	[{"added": {}}, {"added": {"name": "order item", "object": "Pork dumplings - 3"}}, {"added": {"name": "order item", "object": "Chicken dumplings - 2"}}]	11	12
576	2025-07-01 00:18:58.318266+00	30	Olena Lysenska	1	[{"added": {}}]	7	12
613	2025-07-03 13:02:59.059968+00	14	Salted cottage cheese dumplings	2	[{"changed": {"fields": ["Name", "Categories"]}}]	9	12
577	2025-07-01 00:20:26.86677+00	26	Order #26 by Olena Lysenska	1	[{"added": {}}, {"added": {"name": "order item", "object": "Vanilla sweet cottage cheese crepes - 4"}}, {"added": {"name": "order item", "object": "Chicken dumplings - 4"}}, {"added": {"name": "order item", "object": "Chicken cabbage rolls - 1"}}]	11	12
578	2025-07-01 00:23:18.911252+00	31	Galyna Vovk	1	[{"added": {}}]	7	12
579	2025-07-01 00:24:48.873565+00	27	Order #27 by Galyna Vovk	1	[{"added": {}}, {"added": {"name": "order item", "object": "Cherry dumplings - 1"}}, {"added": {"name": "order item", "object": "Chicken dumplings - 2"}}, {"added": {"name": "order item", "object": "Vanilla cheesecakes - 3"}}, {"added": {"name": "order item", "object": "Homemade chicken grill sausages - 2"}}]	11	12
580	2025-07-01 00:33:28.549108+00	32	Jane Chelmsford	1	[{"added": {}}]	7	12
581	2025-07-01 09:26:44.377139+00	33	Jevgenija Vihmane	1	[{"added": {}}]	7	12
582	2025-07-01 13:48:37.392301+00	16	Antipova Tetiana	2	[]	7	12
583	2025-07-01 13:48:47.766306+00	16	Antipova Tetiana	2	[]	7	12
584	2025-07-01 18:08:06.63496+00	34	Tetiana Tomchuk	1	[{"added": {}}]	7	12
585	2025-07-01 18:12:47.850693+00	176	Pork sausages with cheese	2	[{"changed": {"fields": ["Name", "Categories"]}}]	9	12
586	2025-07-01 18:24:36.53201+00	28	Order #28 by Tetiana Tomchuk	1	[{"added": {}}, {"added": {"name": "order item", "object": "Pork dumplings - 1"}}, {"added": {"name": "order item", "object": "Potato and fried onion dumplings - 1"}}, {"added": {"name": "order item", "object": "Chicken and mushrooms crepes - 2"}}, {"added": {"name": "order item", "object": "Pork sausages with cheese - 1"}}]	11	12
587	2025-07-01 18:37:58.983496+00	35	Andrii Kryvosheia	1	[{"added": {}}]	7	12
588	2025-07-01 18:40:40.805526+00	29	Order #29 by Andrii Kryvosheia	1	[{"added": {}}, {"added": {"name": "order item", "object": "Vanilla cheesecakes with raisins - 3"}}, {"added": {"name": "order item", "object": "Vanilla cheesecakes - 2"}}, {"added": {"name": "order item", "object": "Coffee Tiramisu(No alcohol) - 1"}}]	11	12
589	2025-07-02 10:11:07.222234+00	36	Tovstetskyi Yevhenii	1	[{"added": {}}]	7	12
590	2025-07-02 10:14:46.733711+00	30	Order #30 by Tovstetskyi Yevhenii	1	[{"added": {}}, {"added": {"name": "order item", "object": "Meat dumplings(pork - beef) - 1"}}, {"added": {"name": "order item", "object": "Pork dumplings - 1"}}, {"added": {"name": "order item", "object": "Meat dumplings(pork - beef) varenyky - 1"}}, {"added": {"name": "order item", "object": "Stuffed pepper with meat(pork - beef) - 1"}}, {"added": {"name": "order item", "object": "Meat cabbage rolls(pork - beef) - 1"}}, {"added": {"name": "order item", "object": "Stuffed pepper with beef - 1"}}, {"added": {"name": "order item", "object": "Turkey cabbage rolls - 1"}}, {"added": {"name": "order item", "object": "Eggs and spring onions crepes - 1"}}]	11	12
591	2025-07-02 10:21:17.43298+00	37	Viki Sakajani	1	[{"added": {}}]	7	12
592	2025-07-02 10:23:03.794119+00	31	Order #31 by Viki Sakajani	1	[{"added": {}}, {"added": {"name": "order item", "object": "Vanilla cheesecakes - 3"}}, {"added": {"name": "order item", "object": "Beef basturma in spices - 1"}}, {"added": {"name": "order item", "object": "Cabbage pies - 1"}}, {"added": {"name": "order item", "object": "Meat pies(pork - beef) - 1"}}, {"added": {"name": "order item", "object": "Mini quiche with salmon, toms and broccoli - 1"}}]	11	12
593	2025-07-02 10:26:08.173787+00	38	Yurii Landar	1	[{"added": {}}]	7	12
594	2025-07-02 11:29:25.319654+00	39	Serhii Paliienko	1	[{"added": {}}]	7	12
595	2025-07-02 11:31:44.540624+00	32	Order #32 by Serhii Paliienko	1	[{"added": {}}, {"added": {"name": "order item", "object": "Barbecue pork in ketchup and mayonnaise - 1"}}, {"added": {"name": "order item", "object": "Chicken Jerky 4 cheese - 1"}}, {"added": {"name": "order item", "object": "Beef Jerky - 1"}}, {"added": {"name": "order item", "object": "Chicken and cheese chebureks - 1"}}, {"added": {"name": "order item", "object": "Dry-cured turkey - 1"}}]	11	12
596	2025-07-02 11:34:08.104515+00	40	Marina Kidbrooke	1	[{"added": {}}]	7	12
597	2025-07-02 11:35:13.041549+00	33	Order #33 by Marina Kidbrooke	1	[{"added": {}}, {"added": {"name": "order item", "object": "Borsch with beef - 1"}}, {"added": {"name": "order item", "object": "Prepared chicken and cheese cutlets - 2"}}]	11	12
598	2025-07-02 12:19:56.126125+00	40	Marina Buch	2	[{"changed": {"fields": ["name"]}}]	7	12
599	2025-07-02 12:36:29.622305+00	41	Iryna Tsahelnik	1	[{"added": {}}]	7	12
600	2025-07-02 12:37:30.840908+00	34	Order #34 by Iryna Tsahelnik	1	[{"added": {}}, {"added": {"name": "order item", "object": "Cherry dumplings - 4"}}]	11	12
601	2025-07-02 16:42:46.4893+00	38	Yurii Landar	2	[{"changed": {"fields": ["Is staff", "Groups"]}}]	7	1
602	2025-07-03 12:36:17.411314+00	12	Order #12 by Antipova Tetiana	2	[{"added": {"name": "order item", "object": "Korean carrots - 1"}}, {"changed": {"name": "order item", "object": "Aubergine saut\\u00e9 - 1.00", "fields": ["Product"]}}, {"changed": {"name": "order item", "object": "Honey cake with sour cream - 1.00", "fields": ["Product"]}}]	11	12
603	2025-07-03 12:39:04.563089+00	23	Order #23 by Shved Vira	2	[{"changed": {"fields": ["Notes"]}}]	11	12
604	2025-07-03 12:44:35.425285+00	42	Anna Sundieva	1	[{"added": {}}]	7	12
605	2025-07-03 12:45:47.724605+00	35	Order #35 by Anna Sundieva	1	[{"added": {}}, {"added": {"name": "order item", "object": "Chicken and cheese crepes - 1"}}, {"added": {"name": "order item", "object": "Beef and fried onions crepes - 2"}}, {"added": {"name": "order item", "object": "Apple and cinnamon crepes - 2"}}, {"added": {"name": "order item", "object": "Vanilla cheesecakes - 1"}}]	11	12
606	2025-07-03 12:50:10.202601+00	43	Pohorielova Maryna Chelmsford	1	[{"added": {}}]	7	12
607	2025-07-03 12:50:51.98228+00	43	Pohorielova Maryna	2	[{"changed": {"fields": ["name"]}}]	7	12
608	2025-07-03 12:52:39.499645+00	80	Dry-cured lard	2	[{"changed": {"fields": ["Name", "Categories"]}}]	9	12
609	2025-07-03 12:54:18.158653+00	36	Order #36 by Pohorielova Maryna	1	[{"added": {}}, {"added": {"name": "order item", "object": "Sweet cottage cheese and blueberries crepes - 1"}}, {"added": {"name": "order item", "object": "Chicken and cheese chebureks - 1"}}, {"added": {"name": "order item", "object": "Dry-cured lard - 1"}}, {"added": {"name": "order item", "object": "Tongue delicacy - 1"}}, {"added": {"name": "order item", "object": "Prepared cabbage rolls with stuffing - 1"}}, {"added": {"name": "order item", "object": "Chicken aspic holodez - 1"}}, {"added": {"name": "order item", "object": "Shuba salad - 1"}}, {"added": {"name": "order item", "object": "Aubergine rolls stuffed with cream cheese and garlic - 1"}}]	11	12
610	2025-07-03 12:56:09.447687+00	44	Inga Prilipko	1	[{"added": {}}]	7	12
611	2025-07-03 12:58:18.427168+00	37	Order #37 by Inga Prilipko	1	[{"added": {}}, {"added": {"name": "order item", "object": "Potato and mushrooms dumplings - 1"}}, {"added": {"name": "order item", "object": "Sweet cottage cheese dumplings - 1"}}, {"added": {"name": "order item", "object": "Beef dumplings - 1"}}, {"added": {"name": "order item", "object": "Chicken dumplings - 1"}}, {"added": {"name": "order item", "object": "Chicken and cheese crepes - 1"}}]	11	12
612	2025-07-03 12:59:36.829062+00	45	Stanislav Sokolov	1	[{"added": {}}]	7	12
614	2025-07-03 13:06:12.51728+00	38	Order #38 by Stanislav Sokolov	1	[{"added": {}}, {"added": {"name": "order item", "object": "Meat dumplings(pork - beef) - 1"}}, {"added": {"name": "order item", "object": "Turkey dumplings - 1"}}, {"added": {"name": "order item", "object": "Salted cottage cheese dumplings - 1"}}, {"added": {"name": "order item", "object": "Stuffed pepper with meat(pork - beef) - 1"}}, {"added": {"name": "order item", "object": "Chicken liver crepes - 1"}}, {"added": {"name": "order item", "object": "Meatballs and tomato sauce - 1"}}, {"added": {"name": "order item", "object": "Tomato vegetable sauce(frozen) - 2"}}, {"added": {"name": "order item", "object": "Meat cabbage rolls(pork - beef) - 1"}}, {"added": {"name": "order item", "object": "Liver cake - 1"}}, {"added": {"name": "order item", "object": "Hake in tomato sauce - 1"}}]	11	12
615	2025-07-03 13:20:10.370486+00	46	Irina Yershova	1	[{"added": {}}]	7	12
616	2025-07-03 13:21:39.799998+00	38	Order #38 by Stanislav Sokolov	2	[{"changed": {"name": "order item", "object": "Liver pancakes - 1.00", "fields": ["Product"]}}]	11	12
617	2025-07-03 13:33:13.750691+00	39	Order #39 by Irina Yershova	1	[{"added": {}}, {"added": {"name": "order item", "object": "Vanilla cheesecakes - 3"}}, {"added": {"name": "order item", "object": "Turkey dumplings - 1"}}, {"added": {"name": "order item", "object": "Chicken cutlets - 1"}}, {"added": {"name": "order item", "object": "Chicken and cheese crepes - 2"}}, {"added": {"name": "order item", "object": "Chicken and mushrooms crepes - 1"}}, {"added": {"name": "order item", "object": "Chicken dumplings - 2"}}, {"added": {"name": "order item", "object": "Korean carrots - 1"}}]	11	12
618	2025-07-03 13:46:22.308712+00	12	Order #12 by Antipova Tetiana	2	[{"changed": {"name": "order item", "object": "Aubergine rolls stuffed with cream cheese and garlic - 1.00", "fields": ["Product"]}}]	11	12
619	2025-07-03 13:47:23.723001+00	9	Order #9 by Iryna Korshunova	2	[{"changed": {"fields": ["Delivery date"]}}]	11	12
620	2025-07-03 13:48:30.779941+00	47	Inna Artiukhova	1	[{"added": {}}]	7	12
621	2025-07-03 13:51:03.320392+00	40	Order #40 by Inna Artiukhova	1	[{"added": {}}, {"added": {"name": "order item", "object": "Vanilla cheesecakes - 1"}}, {"added": {"name": "order item", "object": "Vanilla sweet cottage cheese crepes - 1"}}, {"added": {"name": "order item", "object": "Salmon crepes with cream cheese - 1"}}, {"added": {"name": "order item", "object": "Chicken liver pate - 1"}}, {"added": {"name": "order item", "object": "Chicken aspic holodez - 2"}}, {"added": {"name": "order item", "object": "Beef aspic holodez - 1"}}]	11	12
622	2025-07-03 13:54:02.637228+00	48	Oksana Daudova	1	[{"added": {}}]	7	12
623	2025-07-03 13:56:22.453933+00	41	Order #41 by Oksana Daudova	1	[{"added": {}}, {"added": {"name": "order item", "object": "Olivie salad - 1"}}, {"added": {"name": "order item", "object": "Shuba salad - 1"}}, {"added": {"name": "order item", "object": "Beef and fried onions crepes - 1"}}, {"added": {"name": "order item", "object": "Beef dumplings - 1"}}]	11	12
624	2025-07-03 14:02:49.076852+00	40	Order #40 by Inna Artiukhova	2	[{"added": {"name": "order item", "object": "Blueberry dumplings - 1"}}]	11	12
625	2025-07-03 14:38:39.851739+00	9	Cherry dumplings	3		9	12
626	2025-07-04 09:57:54.126912+00	49	Anastasiia Chebotarova	1	[{"added": {}}]	7	12
627	2025-07-04 10:02:43.809741+00	42	Order #42 by Anastasiia Chebotarova	1	[{"added": {}}, {"added": {"name": "order item", "object": "Vanilla cheesecakes - 1"}}, {"added": {"name": "order item", "object": "Turkey dumplings - 1"}}, {"added": {"name": "order item", "object": "Potato and fried onion dumplings - 1"}}, {"added": {"name": "order item", "object": "Potato and mushrooms dumplings - 1"}}, {"added": {"name": "order item", "object": "Korean carrots - 1"}}, {"added": {"name": "order item", "object": "Marinated champignons - 1"}}, {"added": {"name": "order item", "object": "Barbecue pork with onions and vinegar - 1"}}, {"added": {"name": "order item", "object": "Mini quiche with chicken, mushrooms and cheese - 1"}}, {"added": {"name": "order item", "object": "Cabbage pies - 1"}}, {"added": {"name": "order item", "object": "Salami smoked sausage - 1"}}]	11	12
628	2025-07-04 10:06:25.125572+00	50	Tohochynskyi Dmytro	1	[{"added": {}}]	7	12
629	2025-07-04 10:16:01.844519+00	43	Order #43 by Tohochynskyi Dmytro	1	[{"added": {}}, {"added": {"name": "order item", "object": "Blueberry dumplings - 1"}}, {"added": {"name": "order item", "object": "Potato and fried onion dumplings - 2"}}, {"added": {"name": "order item", "object": "Beef cabbage rolls - 2"}}]	11	12
630	2025-07-04 10:16:43.764997+00	43	Order #43 by Tohochynskyi Dmytro	2	[{"added": {"name": "order item", "object": "Vanilla sweet cottage cheese crepes - 3"}}]	11	12
631	2025-07-04 10:19:15.339147+00	23	Order #23 by Shved Vira	2	[{"changed": {"name": "order item", "object": "Chicken chebureks - 1.00", "fields": ["Product"]}}]	11	12
632	2025-07-04 10:20:54.720505+00	42	Order #42 by Anastasiia Chebotarova	2	[{"changed": {"name": "order item", "object": "Cervelat smoked sausage - 1.00", "fields": ["Product"]}}]	11	12
633	2025-07-04 10:21:57.442979+00	11	Order #11 by Ekaterina Figurnova	2	[{"changed": {"name": "order item", "object": "Sweet cottage cheese dumplings - 1.00", "fields": ["Product"]}}]	11	12
634	2025-07-04 10:32:25.075139+00	51	Olga Akkaya	1	[{"added": {}}]	7	12
635	2025-07-04 10:33:58.708037+00	44	Order #44 by Olga Akkaya	1	[{"added": {}}, {"added": {"name": "order item", "object": "Carrot cake with sour cream and almond - 1"}}, {"added": {"name": "order item", "object": "Cottage cheese raspberries casserole - 1"}}, {"added": {"name": "order item", "object": "Pilaf(rice) with beef - 1"}}, {"added": {"name": "order item", "object": "Zucchini pancakes with garlic sour cream sauce. - 1"}}]	11	12
636	2025-07-04 10:36:33.417675+00	52	Sofia Chirsenblat	1	[{"added": {}}]	7	12
637	2025-07-04 10:38:05.893301+00	45	Order #45 by Sofia Chirsenblat	1	[{"added": {}}, {"added": {"name": "order item", "object": "Pork dumplings - 4"}}, {"added": {"name": "order item", "object": "Meat cutlets(pork - beef) - 1"}}, {"added": {"name": "order item", "object": "Liver pancakes - 1"}}]	11	12
638	2025-07-04 10:41:54.33928+00	53	Diana Chichister	1	[{"added": {}}]	7	12
639	2025-07-04 10:43:52.360669+00	46	Order #46 by Diana Chichister	1	[{"added": {}}, {"added": {"name": "order item", "object": "Pork and fried onions crepes - 1"}}, {"added": {"name": "order item", "object": "Salmon soup with cream cheese - 1"}}, {"added": {"name": "order item", "object": "Aubergine saut\\u00e9 - 1"}}, {"added": {"name": "order item", "object": "Dry-cured turkey - 1"}}]	11	12
640	2025-07-04 10:45:24.169933+00	54	Viktoriia Chelmsford	1	[{"added": {}}]	7	12
641	2025-07-04 10:47:17.027603+00	47	Order #47 by Viktoriia Chelmsford	1	[{"added": {}}, {"added": {"name": "order item", "object": "Vanilla cheesecakes - 2"}}, {"added": {"name": "order item", "object": "Meatballs and tomato sauce - 1"}}, {"added": {"name": "order item", "object": "Meat cutlets(pork - beef) - 1"}}, {"added": {"name": "order item", "object": "Chicken cutlets - 1"}}, {"added": {"name": "order item", "object": "Liver cake - 1"}}]	11	12
642	2025-07-04 14:02:37.570695+00	22	Order #22 by Alexandra Govorukha	2	[{"changed": {"fields": ["Notes"]}}]	11	12
643	2025-07-04 14:04:54.183067+00	50	Yuliya Cooney	2	[{"changed": {"fields": ["name"]}}]	7	12
644	2025-07-04 14:09:49.890528+00	39	Serhii Paliienko	2	[{"changed": {"fields": ["phone"]}}]	7	12
645	2025-07-04 14:28:45.360418+00	54	Viktoriia Savchenko	2	[{"changed": {"fields": ["name"]}}]	7	12
646	2025-07-04 14:41:44.963963+00	34	Order #34 by Iryna Tsahelnik	3		11	12
647	2025-07-04 21:25:45.32738+00	44	Order #44 by Olga Akkaya	2	[{"added": {"name": "order item", "object": "Lasagna - 1"}}]	11	12
648	2025-07-04 21:28:59.795879+00	53	Diana Holotvin	2	[{"changed": {"fields": ["name", "phone"]}}]	7	12
649	2025-07-05 05:36:15.759394+00	23	Order #23 by Shved Vira	2	[]	11	12
650	2025-07-05 06:19:22.253526+00	18	Evgeniya Doroshek	2	[{"changed": {"fields": ["phone"]}}]	7	12
651	2025-07-06 15:07:17.405721+00	20	Order #20 by Oksana Nedashkivska	2	[{"changed": {"fields": ["Delivery date"]}}]	11	12
652	2025-07-06 15:14:11.527329+00	20	Order #20 by Oksana Nedashkivska	2	[{"changed": {"fields": ["Status"]}}]	11	12
653	2025-07-06 15:14:11.531309+00	21	Order #21 by Ksenia Fonina	2	[{"changed": {"fields": ["Status"]}}]	11	12
654	2025-07-06 15:14:11.534994+00	19	Order #19 by Oleksandra Volkova	2	[{"changed": {"fields": ["Status"]}}]	11	12
655	2025-07-06 15:14:11.538547+00	18	Order #18 by Kseniia Bielosludtseva	2	[{"changed": {"fields": ["Status"]}}]	11	12
656	2025-07-06 15:14:11.542221+00	16	Order #16 by Anastasia Maximova	2	[{"changed": {"fields": ["Status"]}}]	11	12
657	2025-07-06 15:14:11.54572+00	14	Order #14 by Evgeniya Doroshek	2	[{"changed": {"fields": ["Status"]}}]	11	12
658	2025-07-06 15:14:11.549266+00	13	Order #13 by Valentina Elizarova	2	[{"changed": {"fields": ["Status"]}}]	11	12
659	2025-07-06 15:14:11.552867+00	12	Order #12 by Antipova Tetiana	2	[{"changed": {"fields": ["Status"]}}]	11	12
660	2025-07-06 15:14:11.556417+00	11	Order #11 by Ekaterina Figurnova	2	[{"changed": {"fields": ["Status"]}}]	11	12
661	2025-07-06 15:14:11.559849+00	10	Order #10 by Maria Khokhlova	2	[{"changed": {"fields": ["Status"]}}]	11	12
662	2025-07-06 15:14:11.563498+00	9	Order #9 by Iryna Korshunova	2	[{"changed": {"fields": ["Status"]}}]	11	12
663	2025-07-06 15:21:21.374448+00	47	Order #47 by Viktoriia Savchenko	2	[{"changed": {"fields": ["Status"]}}]	11	12
664	2025-07-06 15:21:53.086768+00	45	Order #45 by Sofia Chirsenblat	2	[{"changed": {"fields": ["Status"]}}]	11	12
665	2025-07-06 15:22:47.13185+00	42	Order #42 by Anastasiia Chebotarova	2	[{"changed": {"fields": ["Status"]}}]	11	12
666	2025-07-06 15:23:01.324973+00	40	Order #40 by Inna Artiukhova	2	[{"changed": {"fields": ["Status"]}}]	11	12
667	2025-07-06 15:23:56.432607+00	24	Order #24 by Alina Prystynska	2	[{"changed": {"fields": ["Status"]}}]	11	12
668	2025-07-06 15:24:26.806258+00	39	Order #39 by Irina Yershova	2	[{"changed": {"fields": ["Status"]}}]	11	12
669	2025-07-06 15:25:09.759957+00	38	Order #38 by Stanislav Sokolov	2	[{"changed": {"fields": ["Status"]}}]	11	12
670	2025-07-06 15:25:37.295243+00	37	Order #37 by Inga Prilipko	2	[{"changed": {"fields": ["Status"]}}]	11	12
671	2025-07-06 15:26:01.65038+00	32	Order #32 by Serhii Paliienko	2	[{"changed": {"fields": ["Status"]}}]	11	12
672	2025-07-06 15:26:43.653659+00	31	Order #31 by Viki Sakajani	2	[{"changed": {"fields": ["Status"]}}]	11	12
673	2025-07-06 15:27:07.400233+00	30	Order #30 by Tovstetskyi Yevhenii	2	[{"changed": {"fields": ["Status"]}}]	11	12
674	2025-07-06 15:28:10.901509+00	29	Order #29 by Andrii Kryvosheia	2	[{"changed": {"fields": ["Status"]}}]	11	12
675	2025-07-06 15:28:10.907619+00	28	Order #28 by Tetiana Tomchuk	2	[{"changed": {"fields": ["Status"]}}]	11	12
676	2025-07-06 15:28:27.821606+00	25	Order #25 by Natasha Popova	2	[{"changed": {"fields": ["Status"]}}]	11	12
677	2025-07-06 15:29:24.945543+00	23	Order #23 by Shved Vira	2	[{"changed": {"fields": ["Status"]}}]	11	12
678	2025-07-06 15:29:24.949397+00	22	Order #22 by Alexandra Govorukha	2	[{"changed": {"fields": ["Status"]}}]	11	12
679	2025-07-06 20:38:41.566307+00	36	Order #36 by Pohorielova Maryna	2	[{"changed": {"fields": ["Status"]}}]	11	12
680	2025-07-07 11:21:33.38716+00	46	Order #46 by Diana Holotvin	2	[{"changed": {"fields": ["Status"]}}]	11	12
681	2025-07-07 11:23:28.07663+00	43	Order #43 by Yuliya Cooney	2	[{"changed": {"fields": ["Status"]}}]	11	12
682	2025-07-07 11:25:01.713407+00	41	Order #41 by Oksana Daudova	2	[{"changed": {"fields": ["Status"]}}]	11	12
683	2025-07-07 19:35:35.963605+00	55	Anna Gill	1	[{"added": {}}]	7	12
684	2025-07-07 19:39:51.261462+00	48	Order #48 by Anna Gill	1	[{"added": {}}, {"added": {"name": "order item", "object": "Meat dumplings(pork - beef) - 1"}}, {"added": {"name": "order item", "object": "Vanilla cheesecakes - 1"}}, {"added": {"name": "order item", "object": "Potatoes and cottage cheese dumplings - 1"}}, {"added": {"name": "order item", "object": "Chicken cabbage rolls - 1"}}, {"added": {"name": "order item", "object": "Mushroom cabbage rolls - 1"}}, {"added": {"name": "order item", "object": "Fish cutlets - 1"}}, {"added": {"name": "order item", "object": "Turkey meatballs and tomato sauce - 1"}}, {"added": {"name": "order item", "object": "Turkey cutlets - 1"}}, {"added": {"name": "order item", "object": "Salted cottage cheese dumplings - 1"}}, {"added": {"name": "order item", "object": "Chicken aspic holodez - 1"}}, {"added": {"name": "order item", "object": "Shuba salad - 1"}}]	11	12
685	2025-07-07 19:42:54.547149+00	56	Yuliya Samonina	1	[{"added": {}}]	7	12
686	2025-07-07 19:47:44.951528+00	182	Turkey Jerky	1	[{"added": {}}]	9	12
687	2025-07-07 19:54:51.076698+00	49	Order #49 by Yuliya Samonina	1	[{"added": {}}, {"added": {"name": "order item", "object": "Turkey Jerky - 2"}}, {"added": {"name": "order item", "object": "Beef Jerky - 2"}}, {"added": {"name": "order item", "object": "Pork sausages with cheese - 1"}}, {"added": {"name": "order item", "object": "Baked chicken in soy-honey sauce with roasted baby potatoes - 1"}}, {"added": {"name": "order item", "object": "Butter crepes - 1"}}, {"added": {"name": "order item", "object": "Stuffed pepper with beef - 2"}}, {"added": {"name": "order item", "object": "Beef cabbage rolls - 2"}}, {"added": {"name": "order item", "object": "Turkey meatballs and tomato sauce - 1"}}, {"added": {"name": "order item", "object": "Vanilla cheesecakes - 1"}}]	11	12
688	2025-07-07 19:59:02.705226+00	57	Inna Platonova	1	[{"added": {}}]	7	12
689	2025-07-07 20:01:05.330111+00	50	Order #50 by Inna Platonova	1	[{"added": {}}, {"added": {"name": "order item", "object": "Chicken dumplings - 2"}}, {"added": {"name": "order item", "object": "Stuffed pepper with chicken - 1"}}, {"added": {"name": "order item", "object": "Aubergine saut\\u00e9 - 1"}}, {"added": {"name": "order item", "object": "Liver pancakes - 0.5"}}]	11	12
690	2025-07-08 12:20:00.382824+00	58	Irina Shikhova	1	[{"added": {}}]	7	12
718	2025-07-10 09:28:45.296674+00	68	Irina Omskaya	1	[{"added": {}}]	7	12
754	2025-07-13 20:24:54.333739+00	51	Order #51 by Irina Shikhova	2	[{"changed": {"fields": ["Status"]}}]	11	12
755	2025-07-13 21:29:04.337516+00	76	Valeria	1	[{"added": {}}]	7	12
780	2025-07-15 15:49:53.553638+00	78	Order #78 by Kateryna Nievrova	2	[{"changed": {"fields": ["Delivery fee manual", "Delivery fee"]}}]	11	12
691	2025-07-08 12:26:59.486163+00	51	Order #51 by Irina Shikhova	1	[{"added": {}}, {"added": {"name": "order item", "object": "Lamb dumplings - 3"}}, {"added": {"name": "order item", "object": "Chicken and cheese chebureks - 1"}}, {"added": {"name": "order item", "object": "Meatballs and tomato sauce - 2"}}, {"added": {"name": "order item", "object": "Turkey cutlets - 2"}}, {"added": {"name": "order item", "object": "Vanilla cheesecakes - 4"}}, {"added": {"name": "order item", "object": "Meat cabbage rolls(pork - beef) - 3"}}, {"added": {"name": "order item", "object": "Fish cutlets - 1"}}, {"added": {"name": "order item", "object": "Tomato vegetable sauce(frozen) - 1"}}, {"added": {"name": "order item", "object": "Orange cottage cheese casserole - 1"}}, {"added": {"name": "order item", "object": "Potato pancakes with mushroom sauce - 1"}}, {"added": {"name": "order item", "object": "Aubergine rolls stuffed with cream cheese and garlic - 1"}}, {"added": {"name": "order item", "object": "Olivie salad - 1"}}, {"added": {"name": "order item", "object": "Marinated duck in orange sauce with apples - 1"}}]	11	12
692	2025-07-08 21:42:08.81468+00	59	Vartik Ohanian	1	[{"added": {}}]	7	12
693	2025-07-08 21:44:05.194047+00	52	Order #52 by Vartik Ohanian	1	[{"added": {}}, {"added": {"name": "order item", "object": "Chicken liver crepes - 1"}}, {"added": {"name": "order item", "object": "Meat cabbage rolls(pork - beef) - 1"}}, {"added": {"name": "order item", "object": "Prepared cheesecakes - 1"}}, {"added": {"name": "order item", "object": "Prepared chicken and cheese cutlets - 1"}}]	11	12
694	2025-07-08 21:48:20.158947+00	60	Farida Aliyeva	1	[{"added": {}}]	7	12
695	2025-07-08 21:50:23.472453+00	53	Order #53 by Farida Aliyeva	1	[{"added": {}}, {"added": {"name": "order item", "object": "Lamb dumplings - 1"}}, {"added": {"name": "order item", "object": "Chicken cutlets - 1"}}, {"added": {"name": "order item", "object": "Vanilla sweet cottage cheese crepes - 1"}}, {"added": {"name": "order item", "object": "Vanilla cheesecakes - 1"}}, {"added": {"name": "order item", "object": "Olivie salad - 1"}}, {"added": {"name": "order item", "object": "Cabbage pies - 1"}}]	11	12
696	2025-07-08 21:54:40.395328+00	61	Ksenia Blake	1	[{"added": {}}]	7	12
697	2025-07-08 21:56:08.163688+00	54	Order #54 by Ksenia Blake	1	[{"added": {}}, {"added": {"name": "order item", "object": "Vanilla cheesecakes - 1"}}, {"added": {"name": "order item", "object": "Apple and cinnamon crepes - 1"}}, {"added": {"name": "order item", "object": "Meat cutlets(pork - beef) - 1"}}, {"added": {"name": "order item", "object": "Fish cutlets - 1"}}]	11	12
698	2025-07-08 21:58:14.76977+00	62	Julia Suboca	1	[{"added": {}}]	7	12
699	2025-07-08 21:59:20.837432+00	55	Order #55 by Julia Suboca	1	[{"added": {}}, {"added": {"name": "order item", "object": "Honey cake with sour cream - 1"}}]	11	12
700	2025-07-08 21:59:21.842158+00	56	Order #56 by Julia Suboca	1	[{"added": {}}, {"added": {"name": "order item", "object": "Honey cake with sour cream - 1"}}]	11	12
701	2025-07-08 22:00:01.3036+00	56	Order #56 by Julia Suboca	3		11	12
702	2025-07-08 22:01:45.516765+00	55	Order #55 by Julia Suboca	2	[{"changed": {"fields": ["Notes"]}}]	11	12
703	2025-07-08 22:04:09.209132+00	15	Order #15 by Veronika Murugina	2	[{"changed": {"fields": ["Status"]}}]	11	12
704	2025-07-08 22:06:16.993602+00	44	Order #44 by Olga Akkaya	2	[{"changed": {"fields": ["Status"]}}]	11	12
705	2025-07-08 22:23:15.243906+00	48	Order #48 by Anna Gill	2	[{"changed": {"fields": ["Status"]}}]	11	12
706	2025-07-09 21:58:08.621077+00	63	Natalia Fomina	1	[{"added": {}}]	7	12
707	2025-07-09 22:01:49.9901+00	57	Order #57 by Natalia Fomina	1	[{"added": {}}, {"added": {"name": "order item", "object": "Liver pancakes - 1"}}, {"added": {"name": "order item", "object": "Prepared turkey cutlets - 2"}}, {"added": {"name": "order item", "object": "Vegetable salad Vinaigrette - 2"}}, {"added": {"name": "order item", "object": "Turkey cabbage rolls - 1"}}]	11	12
708	2025-07-09 22:05:07.355539+00	64	Daniil Loshmanov	1	[{"added": {}}]	7	12
709	2025-07-09 22:08:39.752272+00	58	Order #58 by Daniil Loshmanov	1	[{"added": {}}, {"added": {"name": "order item", "object": "Barbecue pork in ketchup and mayonnaise - 1"}}, {"added": {"name": "order item", "object": "Barbecue pork with onions and vinegar - 1"}}, {"added": {"name": "order item", "object": "Beef Jerky - 1"}}, {"added": {"name": "order item", "object": "Beef basturma in spices - 1"}}, {"added": {"name": "order item", "object": "Dry-cured pork balyk - 1"}}, {"added": {"name": "order item", "object": "Dry-cured lard - 1"}}, {"added": {"name": "order item", "object": "Prepared turkey cutlets - 1"}}, {"added": {"name": "order item", "object": "Okroshka - 1"}}, {"added": {"name": "order item", "object": "Cabbage pies - 1"}}, {"added": {"name": "order item", "object": "Meat pies(pork - beef) - 1"}}, {"added": {"name": "order item", "object": "Shuba salad - 1"}}]	11	12
710	2025-07-09 22:13:59.154568+00	65	Vita Nanjak	1	[{"added": {}}]	7	12
711	2025-07-09 22:20:14.899036+00	59	Order #59 by Vita Nanjak	1	[{"added": {}}, {"added": {"name": "order item", "object": "Meat dumplings(pork - beef) - 1"}}, {"added": {"name": "order item", "object": "Potato and fried onion dumplings - 1"}}, {"added": {"name": "order item", "object": "Potato dumplings - 1"}}, {"added": {"name": "order item", "object": "Vanilla sweet cottage cheese crepes - 1"}}, {"added": {"name": "order item", "object": "Vanilla cheesecakes - 1"}}, {"added": {"name": "order item", "object": "Potatoes and cottage cheese dumplings - 2"}}, {"added": {"name": "order item", "object": "Meat chebureks(pork - beef) - 8"}}]	11	12
712	2025-07-09 22:24:47.034905+00	66	Alexandra Tarchenko	1	[{"added": {}}]	7	12
713	2025-07-09 22:28:33.077293+00	60	Order #60 by Alexandra Tarchenko	1	[{"added": {}}, {"added": {"name": "order item", "object": "Beef dumplings - 2"}}, {"added": {"name": "order item", "object": "Turkey cutlets - 1"}}, {"added": {"name": "order item", "object": "Beef basturma in spices - 1"}}, {"added": {"name": "order item", "object": "Potato and fried onion dumplings - 1"}}]	11	12
714	2025-07-09 22:30:49.75918+00	183	Cherry dumplings	1	[{"added": {}}]	9	12
715	2025-07-09 22:33:07.05386+00	67	Yaroslav Dmitriev	1	[{"added": {}}]	7	12
716	2025-07-09 22:45:03.248502+00	61	Order #61 by Yaroslav Dmitriev	1	[{"added": {}}, {"added": {"name": "order item", "object": "Strawberry Tiramisu(No alcohol) - 1"}}, {"added": {"name": "order item", "object": "Salmon crepes with cream cheese - 1"}}, {"added": {"name": "order item", "object": "Liver pancakes - 1"}}, {"added": {"name": "order item", "object": "Premium beef sausages - 1"}}, {"added": {"name": "order item", "object": "Vienna sausages in natural casing - 1"}}, {"added": {"name": "order item", "object": "Apple and cinnamon crepes - 1"}}, {"added": {"name": "order item", "object": "Stuffed pepper with meat(pork - beef) - 1"}}, {"added": {"name": "order item", "object": "Chicken cutlets - 1"}}, {"added": {"name": "order item", "object": "Turkey cutlets - 2"}}, {"added": {"name": "order item", "object": "Meat cutlets(pork - beef) - 1"}}, {"added": {"name": "order item", "object": "Potato and fried onion dumplings - 2"}}]	11	12
717	2025-07-10 09:26:41.411608+00	59	Order #59 by Vita Nanjak	2	[{"changed": {"fields": ["Delivery date"]}}, {"changed": {"name": "order item", "object": "Meat chebureks(pork - beef) - 1", "fields": ["Quantity"]}}]	11	12
719	2025-07-10 09:30:13.316152+00	62	Order #62 by Irina Omskaya	1	[{"added": {}}, {"added": {"name": "order item", "object": "Meat dumplings(pork - beef) - 1"}}, {"added": {"name": "order item", "object": "Chicken and cheese chebureks - 1"}}, {"added": {"name": "order item", "object": "Turkey dumplings - 1"}}, {"added": {"name": "order item", "object": "Chicken dumplings - 1"}}]	11	12
720	2025-07-10 09:32:46.868956+00	69	Svetlana Pantelejeva	1	[{"added": {}}]	7	12
721	2025-07-10 09:36:29.978865+00	63	Order #63 by Svetlana Pantelejeva	1	[{"added": {}}, {"added": {"name": "order item", "object": "Meat dumplings(pork - beef) - 2"}}, {"added": {"name": "order item", "object": "Potato and fried onion dumplings - 1"}}, {"added": {"name": "order item", "object": "Sweet cottage cheese dumplings - 1"}}, {"added": {"name": "order item", "object": "Potato and mushrooms dumplings - 1"}}, {"added": {"name": "order item", "object": "Meat cabbage rolls(pork - beef) - 1"}}, {"added": {"name": "order item", "object": "Pork and fried onions crepes - 1"}}, {"added": {"name": "order item", "object": "Vanilla sweet cottage cheese crepes - 1"}}, {"added": {"name": "order item", "object": "Meat cutlets(pork - beef) - 1"}}, {"added": {"name": "order item", "object": "Borsch sauce(frozen) - 2"}}, {"added": {"name": "order item", "object": "Meat chebureks(pork - beef) - 1"}}, {"added": {"name": "order item", "object": "Homemade pork grill sausages - 1"}}, {"added": {"name": "order item", "object": "Fish cutlets - 1"}}, {"added": {"name": "order item", "object": "Aubergine saut\\u00e9 - 1"}}]	11	12
722	2025-07-10 13:08:55.909451+00	69	Svetlana Pantelejeva	2	[{"changed": {"fields": ["Address Line", "Postal Code"]}}]	7	12
723	2025-07-10 14:08:35.892909+00	70	Roman Maslov	1	[{"added": {}}]	7	12
724	2025-07-10 14:11:17.987484+00	64	Order #64 by Roman Maslov	1	[{"added": {}}, {"added": {"name": "order item", "object": "Meat dumplings(pork - beef) - 1"}}, {"added": {"name": "order item", "object": "Apple and cinnamon crepes - 1"}}, {"added": {"name": "order item", "object": "Vanilla cheesecakes - 1"}}, {"added": {"name": "order item", "object": "Orange cottage cheese casserole - 1"}}]	11	12
725	2025-07-10 14:13:47.23996+00	71	Oleksandr Tymoshchuk	1	[{"added": {}}]	7	12
726	2025-07-10 14:15:33.364465+00	65	Order #65 by Oleksandr Tymoshchuk	1	[{"added": {}}, {"added": {"name": "order item", "object": "Blueberry dumplings - 2"}}, {"added": {"name": "order item", "object": "Sweet cottage cheese dumplings - 2"}}, {"added": {"name": "order item", "object": "Potato and mushrooms dumplings - 1"}}]	11	12
727	2025-07-10 14:20:17.991948+00	72	Mykhailo	1	[{"added": {}}]	7	12
728	2025-07-10 14:21:10.219453+00	66	Order #66 by Mykhailo	1	[{"added": {}}, {"added": {"name": "order item", "object": "Potato dumplings - 2"}}, {"added": {"name": "order item", "object": "Chicken dumplings - 1"}}]	11	12
729	2025-07-10 14:35:59.831829+00	73	Sasha Korelska	1	[{"added": {}}]	7	12
730	2025-07-10 14:47:06.224599+00	67	Order #67 by Sasha Korelska	1	[{"added": {}}, {"added": {"name": "order item", "object": "Liver pancakes - 1"}}, {"added": {"name": "order item", "object": "Premium pork sausages - 1"}}, {"added": {"name": "order item", "object": "Sausage in dough - 1"}}, {"added": {"name": "order item", "object": "Cabbage pies - 1"}}, {"added": {"name": "order item", "object": "Meat chebureks(pork - beef) - 1"}}]	11	12
731	2025-07-10 22:19:16.919476+00	74	Kseniia Otych	1	[{"added": {}}]	7	12
732	2025-07-10 22:23:52.252481+00	68	Order #68 by Kseniia Otych	1	[{"added": {}}, {"added": {"name": "order item", "object": "Salmon crepes with cream cheese - 0.5"}}, {"added": {"name": "order item", "object": "Chicken liver pate - 1"}}, {"added": {"name": "order item", "object": "Meat soup Solyanka - 4"}}, {"added": {"name": "order item", "object": "Blueberry dumplings - 1"}}, {"added": {"name": "order item", "object": "Sweet cottage cheese dumplings - 1"}}, {"added": {"name": "order item", "object": "Pork dumplings - 1"}}, {"added": {"name": "order item", "object": "Vanilla cheesecakes - 1"}}, {"added": {"name": "order item", "object": "Sausage in dough - 1"}}, {"added": {"name": "order item", "object": "Pork sausages with cheese - 1"}}, {"added": {"name": "order item", "object": "Cottage cheese raspberries casserole - 1"}}, {"added": {"name": "order item", "object": "Prepared meat cutlets(pork - beef) - 1"}}]	11	12
733	2025-07-11 17:33:42.051571+00	75	Anastasiia Palamarchuk	1	[{"added": {}}]	7	12
734	2025-07-11 17:35:20.571162+00	69	Order #69 by Anastasiia Palamarchuk	1	[{"added": {}}, {"added": {"name": "order item", "object": "Turkey dumplings - 3"}}]	11	12
735	2025-07-11 17:40:42.73249+00	70	Order #70 by Maria Khokhlova	1	[{"added": {}}, {"added": {"name": "order item", "object": "Potato pancakes with mushroom sauce - 1"}}, {"added": {"name": "order item", "object": "Salmon crepes with cream cheese - 1"}}, {"added": {"name": "order item", "object": "Prepared chicken and cheese cutlets - 1"}}, {"added": {"name": "order item", "object": "Buckwheat with mushrooms and onions - 1"}}, {"added": {"name": "order item", "object": "Vanilla sweet cottage cheese crepes - 1"}}, {"added": {"name": "order item", "object": "Pork and fried onions crepes - 1"}}]	11	12
736	2025-07-11 17:52:05.201896+00	70	Order #70 by Maria Khokhlova	2	[{"added": {"name": "order item", "object": "Vanilla cheesecakes - 2"}}]	11	12
737	2025-07-11 19:53:40.99339+00	55	Anna Gill	2	[{"changed": {"fields": ["phone"]}}]	7	12
738	2025-07-13 19:55:56.652229+00	70	Order #70 by Maria Khokhlova	2	[{"changed": {"fields": ["Status"]}}]	11	12
739	2025-07-13 19:56:41.804828+00	69	Order #69 by Anastasiia Palamarchuk	2	[{"changed": {"fields": ["Delivery fee manual", "Delivery fee"]}}]	11	12
740	2025-07-13 19:56:56.760753+00	69	Order #69 by Anastasiia Palamarchuk	2	[{"changed": {"fields": ["Status"]}}]	11	12
741	2025-07-13 20:10:39.328278+00	68	Order #68 by Kseniia Otych	2	[{"changed": {"fields": ["Status"]}}]	11	12
742	2025-07-13 20:10:59.707149+00	67	Order #67 by Sasha Korelska	2	[{"changed": {"fields": ["Status"]}}]	11	12
743	2025-07-13 20:12:09.166958+00	72	Mykhailo Matusiak	2	[{"changed": {"fields": ["name"]}}]	7	12
744	2025-07-13 20:12:59.974116+00	66	Order #66 by Mykhailo Matusiak	2	[{"changed": {"fields": ["Status"]}}]	11	12
745	2025-07-13 20:13:18.215981+00	65	Order #65 by Oleksandr Tymoshchuk	2	[{"changed": {"fields": ["Status"]}}]	11	12
746	2025-07-13 20:13:48.848156+00	64	Order #64 by Roman Maslov	2	[{"changed": {"fields": ["Status"]}}]	11	12
747	2025-07-13 20:14:15.81593+00	63	Order #63 by Svetlana Pantelejeva	2	[{"changed": {"fields": ["Status"]}}]	11	12
748	2025-07-13 20:16:11.7496+00	62	Order #62 by Irina Omskaya	2	[{"changed": {"fields": ["Status"]}}]	11	12
749	2025-07-13 20:19:43.591299+00	58	Order #58 by Daniil Loshmanov	2	[{"changed": {"fields": ["Status"]}}]	11	12
750	2025-07-13 20:19:43.593438+00	57	Order #57 by Natalia Fomina	2	[{"changed": {"fields": ["Status"]}}]	11	12
751	2025-07-13 20:20:45.827319+00	54	Order #54 by Ksenia Blake	2	[{"changed": {"fields": ["Status"]}}]	11	12
752	2025-07-13 20:22:16.206462+00	53	Order #53 by Farida Aliyeva	2	[{"changed": {"fields": ["Status"]}}]	11	12
753	2025-07-13 20:23:28.08861+00	52	Order #52 by Vartik Ohanian	2	[{"changed": {"fields": ["Status"]}}]	11	12
756	2025-07-13 21:32:37.774534+00	71	Order #71 by Valeria	1	[{"added": {}}, {"added": {"name": "order item", "object": "Meat dumplings(pork - beef) - 1"}}, {"added": {"name": "order item", "object": "Salted cottage cheese dumplings - 1"}}, {"added": {"name": "order item", "object": "Potato and mushrooms dumplings - 1"}}, {"added": {"name": "order item", "object": "Chicken cabbage rolls - 1"}}, {"added": {"name": "order item", "object": "Cherry dumplings - 1"}}, {"added": {"name": "order item", "object": "Pork and fried onions crepes - 1"}}, {"added": {"name": "order item", "object": "Cherry cottage cheese casserole - 1"}}, {"added": {"name": "order item", "object": "Meat pies(pork - beef) - 1"}}]	11	12
757	2025-07-13 21:34:28.69667+00	77	Diudiun Hanna	1	[{"added": {}}]	7	12
758	2025-07-13 21:39:40.728956+00	184	Ukrainian lard	1	[{"added": {}}]	9	12
759	2025-07-13 21:40:18.807759+00	72	Order #72 by Diudiun Hanna	1	[{"added": {}}, {"added": {"name": "order item", "object": "Turkey cabbage rolls - 1"}}, {"added": {"name": "order item", "object": "Stuffed pepper with chicken - 2"}}, {"added": {"name": "order item", "object": "Chicken and cheese chebureks - 1"}}, {"added": {"name": "order item", "object": "Homemade chicken grill sausages - 1"}}, {"added": {"name": "order item", "object": "Turkey Jerky - 2"}}, {"added": {"name": "order item", "object": "Beef Jerky - 1"}}, {"added": {"name": "order item", "object": "Dry-cured lard - 2"}}, {"added": {"name": "order item", "object": "Ukrainian lard - 1"}}, {"added": {"name": "order item", "object": "Chicken liver pate - 1"}}]	11	12
760	2025-07-13 21:44:56.878491+00	61	Order #61 by Yaroslav Dmitriev	2	[{"changed": {"fields": ["Status"]}}]	11	12
761	2025-07-13 21:54:06.411553+00	78	Megan McManners	1	[{"added": {}}]	7	12
762	2025-07-13 21:55:45.36425+00	73	Order #73 by Megan McManners	1	[{"added": {}}, {"added": {"name": "order item", "object": "Pork dumplings - 3"}}, {"added": {"name": "order item", "object": "Vanilla cheesecakes - 2"}}, {"added": {"name": "order item", "object": "Meat chebureks(pork - beef) - 1"}}, {"added": {"name": "order item", "object": "Shuba salad - 1"}}, {"added": {"name": "order item", "object": "Meat soup Solyanka - 1"}}]	11	12
763	2025-07-14 16:01:43.037788+00	76	Valeriya Loizou	2	[{"changed": {"fields": ["name"]}}]	7	12
764	2025-07-14 16:07:34.742775+00	79	Lena Yakobchuk	1	[{"added": {}}]	7	12
765	2025-07-14 16:20:43.236102+00	74	Order #74 by Lena Yakobchuk	1	[{"added": {}}, {"added": {"name": "order item", "object": "Turkey dumplings - 1"}}, {"added": {"name": "order item", "object": "Meat dumplings(pork - beef) - 1"}}, {"added": {"name": "order item", "object": "Vanilla cheesecakes - 1"}}, {"added": {"name": "order item", "object": "Chicken and cheese chebureks - 1"}}, {"added": {"name": "order item", "object": "Turkey cutlets - 1"}}, {"added": {"name": "order item", "object": "Sweet cottage cheese dumplings - 1"}}, {"added": {"name": "order item", "object": "Liver pancakes - 1"}}, {"added": {"name": "order item", "object": "Dry-cured lard - 1"}}, {"added": {"name": "order item", "object": "Poppy seeds buns - 2"}}]	11	12
766	2025-07-14 16:24:07.25115+00	80	Alina Kaprova	1	[{"added": {}}]	7	12
767	2025-07-14 16:27:30.235986+00	75	Order #75 by Alina Kaprova	1	[{"added": {}}, {"added": {"name": "order item", "object": "Vanilla sweet cottage cheese crepes - 2"}}, {"added": {"name": "order item", "object": "Chicken liver crepes - 1"}}, {"added": {"name": "order item", "object": "Turkey cutlets - 1"}}, {"added": {"name": "order item", "object": "Vanilla cheesecakes - 1"}}, {"added": {"name": "order item", "object": "Meat dumplings(pork - beef) - 1"}}]	11	12
768	2025-07-14 16:29:50.610261+00	81	Olha Pohribniak	1	[{"added": {}}]	7	12
769	2025-07-14 16:30:38.452202+00	71	Order #71 by Valeriya Loizou	2	[{"changed": {"name": "order item", "object": "Cabbage pies - 1.00", "fields": ["Product"]}}]	11	12
770	2025-07-14 16:35:11.501973+00	76	Order #76 by Olha Pohribniak	1	[{"added": {}}, {"added": {"name": "order item", "object": "Lasagna - 1"}}, {"added": {"name": "order item", "object": "Mimosa salad - 1"}}, {"added": {"name": "order item", "object": "Mini quiche with salmon, toms and broccoli - 1"}}, {"added": {"name": "order item", "object": "Salami smoked sausage - 1"}}, {"added": {"name": "order item", "object": "Poppy seeds buns - 1"}}, {"added": {"name": "order item", "object": "Stuffed pepper with chicken - 1"}}, {"added": {"name": "order item", "object": "Potato and mushrooms dumplings - 1"}}, {"added": {"name": "order item", "object": "Turkey meatballs and tomato sauce - 1"}}, {"added": {"name": "order item", "object": "Tomato vegetable sauce(frozen) - 1"}}]	11	12
771	2025-07-14 16:37:24.589605+00	75	Order #75 by Alina Kaprova	2	[{"changed": {"fields": ["Status"]}}]	11	12
772	2025-07-14 16:38:59.337248+00	82	Olga Stadnyk	1	[{"added": {}}]	7	12
773	2025-07-14 16:40:57.723988+00	77	Order #77 by Olga Stadnyk	1	[{"added": {}}, {"added": {"name": "order item", "object": "Turkey dumplings - 1"}}, {"added": {"name": "order item", "object": "Meat dumplings(pork - beef) - 2"}}, {"added": {"name": "order item", "object": "Sweet cottage cheese dumplings - 1"}}, {"added": {"name": "order item", "object": "Vanilla cheesecakes - 1"}}, {"added": {"name": "order item", "object": "Potatoes and cottage cheese dumplings - 1"}}, {"added": {"name": "order item", "object": "Blueberry dumplings - 1"}}]	11	12
774	2025-07-14 17:03:01.780516+00	76	Order #76 by Olha Pohribniak	2	[{"added": {"name": "order item", "object": "Blueberry dumplings - 1"}}]	11	12
775	2025-07-14 18:41:49.904264+00	60	Order #60 by Alexandra Tarchenko	2	[{"added": {"name": "order item", "object": "Blueberry dumplings - 1"}}, {"added": {"name": "order item", "object": "Sweet cottage cheese dumplings - 1"}}]	11	12
776	2025-07-15 15:38:47.854828+00	83	Kateryna Nievrova	1	[{"added": {}}]	7	12
777	2025-07-15 15:43:21.004104+00	185	Homemade pork and beef sausage.	1	[{"added": {}}]	9	12
778	2025-07-15 15:45:05.917785+00	186	Homemade chicken sausage	1	[{"added": {}}]	9	12
779	2025-07-15 15:48:57.266915+00	78	Order #78 by Kateryna Nievrova	1	[{"added": {}}, {"added": {"name": "order item", "object": "Meat dumplings(pork - beef) - 3"}}, {"added": {"name": "order item", "object": "Pork dumplings - 2"}}, {"added": {"name": "order item", "object": "Turkey dumplings - 1"}}, {"added": {"name": "order item", "object": "Cherry dumplings - 1"}}, {"added": {"name": "order item", "object": "Sweet cottage cheese dumplings - 1"}}, {"added": {"name": "order item", "object": "Meat cabbage rolls(pork - beef) - 1"}}, {"added": {"name": "order item", "object": "Beef dumplings - 1"}}, {"added": {"name": "order item", "object": "Potato and fried onion dumplings - 1"}}, {"added": {"name": "order item", "object": "Vanilla cheesecakes - 1"}}, {"added": {"name": "order item", "object": "Homemade pork and beef sausage. - 2"}}, {"added": {"name": "order item", "object": "Homemade chicken sausage - 2"}}, {"added": {"name": "order item", "object": "Cervelat smoked sausage - 2"}}, {"added": {"name": "order item", "object": "Cervelat smoked premium - 2"}}, {"added": {"name": "order item", "object": "Salami smoked sausage - 2"}}, {"added": {"name": "order item", "object": "Beef basturma in spices - 2"}}, {"added": {"name": "order item", "object": "Dry-cured pork balyk - 1"}}, {"added": {"name": "order item", "object": "Dry-cured turkey - 1"}}]	11	12
781	2025-07-15 16:01:04.383855+00	84	Andris Shemel	1	[{"added": {}}]	7	12
782	2025-07-15 16:03:52.202878+00	79	Order #79 by Andris Shemel	1	[{"added": {}}, {"added": {"name": "order item", "object": "Meat dumplings(pork - beef) - 1"}}, {"added": {"name": "order item", "object": "Potato and fried onion dumplings - 1"}}, {"added": {"name": "order item", "object": "Meat chebureks(pork - beef) - 1"}}]	11	12
783	2025-07-15 16:15:50.815595+00	187	Raffaello cookie	1	[{"added": {}}]	9	12
784	2025-07-15 16:16:58.885306+00	188	Cookie Nuts with condensed milk.	1	[{"added": {}}]	9	12
785	2025-07-15 16:21:40.889062+00	80	Order #80 by Valentina Elizarova	1	[{"added": {}}, {"added": {"name": "order item", "object": "Raffaello cookie - 1"}}, {"added": {"name": "order item", "object": "Cookie Nuts with condensed milk. - 2"}}, {"added": {"name": "order item", "object": "Honey cake with sour cream - 1"}}, {"added": {"name": "order item", "object": "Liver cake - 1"}}, {"added": {"name": "order item", "object": "Shuba salad - 2"}}, {"added": {"name": "order item", "object": "Marinated baby chicken - 1"}}, {"added": {"name": "order item", "object": "Chicken aspic holodez - 3"}}, {"added": {"name": "order item", "object": "Chicken and mushrooms crepes - 1"}}, {"added": {"name": "order item", "object": "Vanilla sweet cottage cheese crepes - 1"}}, {"added": {"name": "order item", "object": "Chicken and cheese chebureks - 3"}}]	11	12
786	2025-07-15 16:34:22.442442+00	85	Denis Ovali	1	[{"added": {}}]	7	12
787	2025-07-15 16:36:43.301774+00	81	Order #81 by Denis Ovali	1	[{"added": {}}, {"added": {"name": "order item", "object": "Cherry dumplings - 1"}}, {"added": {"name": "order item", "object": "Chicken dumplings - 1"}}, {"added": {"name": "order item", "object": "Beef dumplings - 1"}}, {"added": {"name": "order item", "object": "Turkey dumplings - 1"}}, {"added": {"name": "order item", "object": "Potato and fried onion dumplings - 1"}}]	11	12
788	2025-07-15 16:42:45.461485+00	82	Order #82 by Serhii Paliienko	1	[{"added": {}}, {"added": {"name": "order item", "object": "Salmon crepes with cream cheese - 1"}}, {"added": {"name": "order item", "object": "Liver pancakes - 1"}}, {"added": {"name": "order item", "object": "Prepared chicken and cheese cutlets - 1"}}, {"added": {"name": "order item", "object": "Olivie salad - 1"}}, {"added": {"name": "order item", "object": "Smoked sausages Okhotnychi - 1"}}]	11	12
789	2025-07-15 16:43:47.052906+00	81	Smoked sausages Okhotnychi	2	[{"changed": {"fields": ["Description", "Categories", "Price"]}}]	9	12
790	2025-07-15 16:43:48.306114+00	82	Order #82 by Serhii Paliienko	2	[]	11	12
791	2025-07-15 16:47:26.911185+00	86	iryna Atamanchuk	1	[{"added": {}}]	7	12
792	2025-07-15 16:48:15.255006+00	86	Iryna Atamanchuk	2	[{"changed": {"fields": ["name"]}}]	7	12
793	2025-07-15 16:48:30.492115+00	86	Iryna Atamanchuk	2	[]	7	12
794	2025-07-15 16:53:52.915459+00	83	Order #83 by Iryna Atamanchuk	1	[{"added": {}}, {"added": {"name": "order item", "object": "Pork dumplings - 1"}}, {"added": {"name": "order item", "object": "Potatoes and cottage cheese dumplings - 1"}}, {"added": {"name": "order item", "object": "Salted cottage cheese dumplings - 1"}}, {"added": {"name": "order item", "object": "Turkey cabbage rolls - 1"}}, {"added": {"name": "order item", "object": "Stuffed pepper with turkey - 1"}}, {"added": {"name": "order item", "object": "Vanilla cheesecakes - 1"}}, {"added": {"name": "order item", "object": "Sweet cottage cheese and blueberries crepes - 1"}}, {"added": {"name": "order item", "object": "Strawberry Tiramisu(No alcohol) - 1"}}]	11	12
795	2025-07-15 16:58:23.946031+00	87	Suzanna Petrova	1	[{"added": {}}]	7	12
796	2025-07-15 17:08:59.291717+00	84	Order #84 by Suzanna Petrova	1	[{"added": {}}, {"added": {"name": "order item", "object": "Barbecue chicken fillet in mustard marinade - 2"}}, {"added": {"name": "order item", "object": "Zucchini pancakes with garlic sour cream sauce. - 1"}}, {"added": {"name": "order item", "object": "Crab salad - 1"}}, {"added": {"name": "order item", "object": "Prepared chicken and cheese cutlets - 2"}}, {"added": {"name": "order item", "object": "Meat soup Solyanka - 1"}}, {"added": {"name": "order item", "object": "Cervelat smoked sausage - 1"}}, {"added": {"name": "order item", "object": "Orange cottage cheese casserole - 1"}}, {"added": {"name": "order item", "object": "Cabbage pies - 1"}}, {"added": {"name": "order item", "object": "Apple pies - 1"}}, {"added": {"name": "order item", "object": "Sausage in dough - 1"}}, {"added": {"name": "order item", "object": "Chicken and cheese crepes - 1"}}]	11	12
797	2025-07-15 17:36:24.55118+00	84	Order #84 by Suzanna Petrova	2	[{"changed": {"fields": ["Notes"]}}]	11	12
798	2025-07-16 11:17:22.85276+00	85	Order #85 by Roman Maslov	1	[{"added": {}}, {"added": {"name": "order item", "object": "Meat dumplings(pork - beef) - 1"}}, {"added": {"name": "order item", "object": "Potato and fried onion dumplings - 1"}}, {"added": {"name": "order item", "object": "Apple and cinnamon crepes - 1"}}, {"added": {"name": "order item", "object": "Beef and fried onions crepes - 1"}}, {"added": {"name": "order item", "object": "Orange cottage cheese casserole - 1"}}, {"added": {"name": "order item", "object": "Olivie salad - 1"}}, {"added": {"name": "order item", "object": "Mimosa salad - 1"}}, {"added": {"name": "order item", "object": "Turkey Jerky - 1"}}]	11	12
799	2025-07-16 11:19:33.043332+00	88	Tatiana Yurchuk	1	[{"added": {}}]	7	12
800	2025-07-16 11:21:04.49207+00	86	Order #86 by Tatiana Yurchuk	1	[{"added": {}}, {"added": {"name": "order item", "object": "Sweet cottage cheese dumplings - 1"}}, {"added": {"name": "order item", "object": "Stuffed pepper with meat(pork - beef) - 1"}}, {"added": {"name": "order item", "object": "Vanilla sweet cottage cheese crepes - 1"}}, {"added": {"name": "order item", "object": "Chicken aspic holodez - 1"}}]	11	12
801	2025-07-16 11:22:46.421172+00	89	Oksana Rudenko	1	[{"added": {}}]	7	12
802	2025-07-16 11:35:12.16689+00	87	Order #87 by Oksana Rudenko	1	[{"added": {}}, {"added": {"name": "order item", "object": "Cherry dumplings - 1"}}, {"added": {"name": "order item", "object": "Sweet cottage cheese dumplings - 3"}}, {"added": {"name": "order item", "object": "Chicken dumplings - 1"}}, {"added": {"name": "order item", "object": "Vanilla cheesecakes with raisins - 4"}}, {"added": {"name": "order item", "object": "Chicken Jerky 4 cheese - 5"}}]	11	12
803	2025-07-16 11:38:35.871572+00	90	Tatiana Ozerova	1	[{"added": {}}]	7	12
804	2025-07-16 11:41:22.093973+00	88	Order #88 by Tatiana Ozerova	1	[{"added": {}}, {"added": {"name": "order item", "object": "Turkey dumplings - 2"}}, {"added": {"name": "order item", "object": "Turkey cabbage rolls - 1"}}, {"added": {"name": "order item", "object": "Chicken and mushrooms crepes - 1"}}, {"added": {"name": "order item", "object": "Sweet cottage cheese dumplings - 2"}}, {"added": {"name": "order item", "object": "Chicken liver crepes - 1"}}]	11	12
805	2025-07-16 17:55:04.019985+00	88	Order #88 by Tatiana Ozerova	2	[{"changed": {"fields": ["Status"]}}]	11	12
806	2025-07-16 17:57:25.797942+00	91	Natalia Kovalenko	1	[{"added": {}}]	7	12
869	2025-07-20 02:24:04.519978+00	71	Order #71 by Valeriya Loizou	2	[{"changed": {"fields": ["Status"]}}]	11	12
870	2025-07-20 02:25:33.497714+00	77	Order #77 by Olga Stadnyk	2	[{"changed": {"fields": ["Status"]}}]	11	12
871	2025-07-20 02:25:55.893696+00	87	Order #87 by Oksana Rudenko	2	[{"changed": {"fields": ["Status"]}}]	11	12
807	2025-07-16 18:03:07.472636+00	89	Order #89 by Natalia Kovalenko	1	[{"added": {}}, {"added": {"name": "order item", "object": "Cherry dumplings - 1"}}, {"added": {"name": "order item", "object": "Turkey dumplings - 1"}}, {"added": {"name": "order item", "object": "Pork dumplings - 1"}}, {"added": {"name": "order item", "object": "Turkey Jerky - 1"}}, {"added": {"name": "order item", "object": "Beef Jerky - 1"}}, {"added": {"name": "order item", "object": "Dry-cured turkey - 1"}}]	11	12
808	2025-07-16 18:11:16.142489+00	76	Order #76 by Olha Pohribniak	2	[{"changed": {"name": "order item", "object": "Lasagna - 2", "fields": ["Quantity"]}}, {"changed": {"name": "order item", "object": "Mimosa salad - 2", "fields": ["Quantity"]}}, {"changed": {"name": "order item", "object": "Stuffed pepper with chicken - 2", "fields": ["Quantity"]}}, {"deleted": {"name": "order item", "object": "Salami smoked sausage - 1.00"}}]	11	12
809	2025-07-16 18:18:53.059706+00	92	Edgar	1	[{"added": {}}]	7	12
810	2025-07-16 18:22:14.203898+00	189	Homemade pork and beef sausage	1	[{"added": {}}]	9	12
811	2025-07-16 18:27:16.794338+00	90	Order #90 by Edgar	1	[{"added": {}}, {"added": {"name": "order item", "object": "Meat dumplings(pork - beef) - 2"}}, {"added": {"name": "order item", "object": "Meat chebureks(pork - beef) - 1"}}, {"added": {"name": "order item", "object": "Homemade pork grill sausages - 1"}}, {"added": {"name": "order item", "object": "Homemade chicken grill sausages - 1"}}, {"added": {"name": "order item", "object": "Homemade chicken sausage - 2"}}, {"added": {"name": "order item", "object": "Homemade pork and beef sausage - 2"}}, {"added": {"name": "order item", "object": "Beef aspic holodez - 1"}}, {"added": {"name": "order item", "object": "Chicken aspic holodez - 1"}}, {"added": {"name": "order item", "object": "Olivie salad - 1"}}, {"added": {"name": "order item", "object": "Homemade fried pork sausage - 1"}}, {"added": {"name": "order item", "object": "Ukrainian lard - 1"}}, {"added": {"name": "order item", "object": "Premium beef sausages - 1"}}, {"added": {"name": "order item", "object": "Premium pork sausages - 1"}}, {"added": {"name": "order item", "object": "Vienna sausages in natural casing - 1"}}, {"added": {"name": "order item", "object": "Pork sausages with cheese - 1"}}, {"added": {"name": "order item", "object": "Baked pork - 1"}}, {"added": {"name": "order item", "object": "Baked pork brisket - 1"}}]	11	12
812	2025-07-16 18:27:58.20284+00	90	Order #90 by Edgar	2	[{"changed": {"fields": ["Delivery fee manual", "Delivery fee"]}}]	11	12
813	2025-07-16 18:32:40.875525+00	93	Anastasiia Beloborodova	1	[{"added": {}}]	7	12
814	2025-07-16 18:34:33.988784+00	91	Order #91 by Anastasiia Beloborodova	1	[{"added": {}}, {"added": {"name": "order item", "object": "Okroshka - 1"}}, {"added": {"name": "order item", "object": "Meat soup Solyanka - 1"}}, {"added": {"name": "order item", "object": "Orange cottage cheese casserole - 1"}}, {"added": {"name": "order item", "object": "Vanilla cheesecakes - 1"}}, {"added": {"name": "order item", "object": "Turkey cutlets - 1"}}, {"added": {"name": "order item", "object": "Chicken cutlets - 1"}}]	11	12
815	2025-07-16 18:38:26.827432+00	94	Tetiana Matviyevska	1	[{"added": {}}]	7	12
816	2025-07-16 18:42:57.542559+00	92	Order #92 by Tetiana Matviyevska	1	[{"added": {}}, {"added": {"name": "order item", "object": "Poppy seeds buns - 1"}}, {"added": {"name": "order item", "object": "Cookie Nuts with condensed cream and hazelnut - 1"}}, {"added": {"name": "order item", "object": "Stuffed pepper with turkey - 4"}}, {"added": {"name": "order item", "object": "Turkey dumplings - 2"}}, {"added": {"name": "order item", "object": "Turkey cutlets - 1"}}]	11	12
817	2025-07-16 18:56:25.910593+00	92	Edgar Siukans	2	[{"changed": {"fields": ["name"]}}]	7	12
818	2025-07-16 19:01:01.019924+00	93	Order #93 by Oleksandra Volkova	1	[{"added": {}}, {"added": {"name": "order item", "object": "Vanilla cheesecakes - 1"}}, {"added": {"name": "order item", "object": "Vanilla cheesecakes with raisins - 1"}}, {"added": {"name": "order item", "object": "Vanilla sweet cottage cheese crepes - 2"}}, {"added": {"name": "order item", "object": "Meat dumplings(pork - beef) - 1"}}, {"added": {"name": "order item", "object": "Potato and fried onion dumplings - 1"}}, {"added": {"name": "order item", "object": "Aubergine rolls stuffed with cream cheese and garlic - 1"}}]	11	12
819	2025-07-17 08:58:42.19578+00	95	Daria Babicheva	1	[{"added": {}}]	7	12
820	2025-07-17 08:59:47.131186+00	94	Order #94 by Daria Babicheva	1	[{"added": {}}, {"added": {"name": "order item", "object": "Chicken dumplings - 3"}}, {"added": {"name": "order item", "object": "Sweet cottage cheese dumplings - 2"}}, {"added": {"name": "order item", "object": "Chicken cabbage rolls - 1"}}, {"added": {"name": "order item", "object": "Chicken meatballs and tomato sauce - 1"}}]	11	12
821	2025-07-17 09:01:52.013531+00	96	Ksenya	1	[{"added": {}}]	7	12
822	2025-07-17 09:03:43.381131+00	95	Order #95 by Ksenya	1	[{"added": {}}, {"added": {"name": "order item", "object": "Meat dumplings(pork - beef) - 1"}}, {"added": {"name": "order item", "object": "Meat dumplings(pork - beef) varenyky - 1"}}, {"added": {"name": "order item", "object": "Meat chebureks(pork - beef) - 1"}}, {"added": {"name": "order item", "object": "Pork Jerky - 1"}}, {"added": {"name": "order item", "object": "Turkey Jerky - 1"}}, {"added": {"name": "order item", "object": "Premium beef sausages - 1"}}]	11	12
823	2025-07-17 13:57:15.586254+00	97	Chernysh Daria	1	[{"added": {}}]	7	12
824	2025-07-17 14:00:51.617978+00	96	Order #96 by Chernysh Daria	1	[{"added": {}}, {"added": {"name": "order item", "object": "Meat dumplings(pork - beef) - 1"}}, {"added": {"name": "order item", "object": "Potato dumplings - 1"}}, {"added": {"name": "order item", "object": "Meat dumplings(pork - beef) varenyky - 1"}}, {"added": {"name": "order item", "object": "Cherry dumplings - 1"}}, {"added": {"name": "order item", "object": "Meat cabbage rolls(pork - beef) - 1"}}, {"added": {"name": "order item", "object": "Vanilla cheesecakes - 1"}}, {"added": {"name": "order item", "object": "Chicken liver pate - 1"}}, {"added": {"name": "order item", "object": "Liver pancakes - 1"}}, {"added": {"name": "order item", "object": "Korean carrots - 1"}}, {"added": {"name": "order item", "object": "Tongue delicacy - 1"}}]	11	12
825	2025-07-17 15:24:38.662675+00	97	Order #97 by Natalia Fomina	1	[{"added": {}}, {"added": {"name": "order item", "object": "Liver pancakes - 1"}}, {"added": {"name": "order item", "object": "Prepared turkey cutlets - 2"}}, {"added": {"name": "order item", "object": "Vegetable salad Vinaigrette - 2"}}, {"added": {"name": "order item", "object": "Turkey cabbage rolls - 1"}}]	11	12
826	2025-07-17 15:28:42.509509+00	98	Order #98 by Maria Khokhlova	1	[{"added": {}}, {"added": {"name": "order item", "object": "Turkey cabbage rolls - 1"}}, {"added": {"name": "order item", "object": "Vanilla cheesecakes - 1"}}, {"added": {"name": "order item", "object": "Vanilla sweet cottage cheese crepes - 1"}}, {"added": {"name": "order item", "object": "Potatoes and cottage cheese dumplings - 1"}}, {"added": {"name": "order item", "object": "Chicken aspic holodez - 1"}}, {"added": {"name": "order item", "object": "Prepared chicken and cheese cutlets - 1"}}]	11	12
827	2025-07-17 19:21:21.851175+00	98	Tetiana  Kosinska	1	[{"added": {}}]	7	12
872	2025-07-20 02:26:12.666805+00	106	Order #106 by Iryna Bulba	2	[{"changed": {"fields": ["Status"]}}]	11	12
828	2025-07-17 19:22:44.767191+00	99	Order #99 by Tetiana  Kosinska	1	[{"added": {}}, {"added": {"name": "order item", "object": "Turkey dumplings - 1"}}, {"added": {"name": "order item", "object": "Vanilla cheesecakes - 1"}}, {"added": {"name": "order item", "object": "Pork and fried onions crepes - 1"}}, {"added": {"name": "order item", "object": "Korean carrots - 1"}}, {"added": {"name": "order item", "object": "Chicken liver pate - 1"}}]	11	12
829	2025-07-17 19:22:46.262137+00	100	Order #100 by Tetiana  Kosinska	1	[{"added": {}}, {"added": {"name": "order item", "object": "Turkey dumplings - 1"}}, {"added": {"name": "order item", "object": "Vanilla cheesecakes - 1"}}, {"added": {"name": "order item", "object": "Pork and fried onions crepes - 1"}}, {"added": {"name": "order item", "object": "Korean carrots - 1"}}, {"added": {"name": "order item", "object": "Chicken liver pate - 1"}}]	11	12
830	2025-07-17 19:30:26.69745+00	99	Latiuk Diana	1	[{"added": {}}]	7	12
831	2025-07-17 19:36:54.224677+00	59	Order #59 by Vita Nanjak	2	[{"changed": {"name": "order item", "object": "Cherry dumplings - 1.00", "fields": ["Product"]}}, {"changed": {"name": "order item", "object": "Meat chebureks(pork - beef) - 2", "fields": ["Quantity"]}}]	11	12
832	2025-07-17 19:39:47.6435+00	59	Order #59 by Vita Nanjak	2	[{"changed": {"name": "order item", "object": "Cherry dumplings - 2", "fields": ["Quantity"]}}, {"changed": {"name": "order item", "object": "Meat chebureks(pork - beef) - 1", "fields": ["Quantity"]}}]	11	12
833	2025-07-17 19:58:48.020217+00	59	Order #59 by Vita Nanjak	2	[{"changed": {"name": "order item", "object": "Vanilla cheesecakes - 2", "fields": ["Quantity"]}}]	11	12
834	2025-07-17 22:39:55.124996+00	100	Khrystyna Snyatovska	1	[{"added": {}}]	7	12
835	2025-07-17 22:41:23.714349+00	101	Order #101 by Khrystyna Snyatovska	1	[{"added": {}}, {"added": {"name": "order item", "object": "Meat dumplings(pork - beef) - 1"}}, {"added": {"name": "order item", "object": "Turkey dumplings - 1"}}, {"added": {"name": "order item", "object": "Potatoes and cottage cheese dumplings - 1"}}]	11	12
836	2025-07-18 03:34:19.694027+00	101	Order #101 by Khrystyna Snyatovska	3		11	12
837	2025-07-18 13:36:22.755455+00	78	Order #78 by Kateryna Nievrova	2	[{"changed": {"fields": ["Status"]}}]	11	12
838	2025-07-18 13:37:09.794455+00	73	Order #73 by Megan McManners	2	[{"changed": {"fields": ["Status"]}}]	11	12
839	2025-07-18 13:37:28.030806+00	99	Order #99 by Tetiana  Kosinska	3		11	12
840	2025-07-18 13:38:13.68546+00	98	Tetiana  Kosinska	2	[{"changed": {"fields": ["phone"]}}]	7	12
841	2025-07-18 13:41:43.523414+00	102	Order #102 by Latiuk Diana	1	[{"added": {}}, {"added": {"name": "order item", "object": "Lasagna - 1"}}, {"added": {"name": "order item", "object": "Pork Jerky - 1"}}, {"added": {"name": "order item", "object": "Vanilla sweet cottage cheese crepes - 1"}}, {"added": {"name": "order item", "object": "Turkey meatballs and tomato sauce - 1"}}, {"added": {"name": "order item", "object": "Vanilla cheesecakes - 1"}}, {"added": {"name": "order item", "object": "Fish cutlets - 1"}}, {"added": {"name": "order item", "object": "Salted cottage cheese dumplings - 1"}}]	11	12
842	2025-07-18 13:41:44.168649+00	103	Order #103 by Latiuk Diana	1	[{"added": {}}, {"added": {"name": "order item", "object": "Lasagna - 1"}}, {"added": {"name": "order item", "object": "Pork Jerky - 1"}}, {"added": {"name": "order item", "object": "Vanilla sweet cottage cheese crepes - 1"}}, {"added": {"name": "order item", "object": "Turkey meatballs and tomato sauce - 1"}}, {"added": {"name": "order item", "object": "Vanilla cheesecakes - 1"}}, {"added": {"name": "order item", "object": "Fish cutlets - 1"}}, {"added": {"name": "order item", "object": "Salted cottage cheese dumplings - 1"}}]	11	12
843	2025-07-18 13:42:07.512448+00	103	Order #103 by Latiuk Diana	3		11	12
844	2025-07-18 13:43:30.899902+00	82	Order #82 by Serhii Paliienko	2	[{"changed": {"fields": ["Status"]}}]	11	12
845	2025-07-18 13:43:57.306594+00	81	Order #81 by Denis Ovali	2	[{"changed": {"fields": ["Status"]}}]	11	12
846	2025-07-18 16:49:50.786149+00	101	Andrew Kanapatski	1	[{"added": {}}]	7	12
847	2025-07-18 16:51:33.221846+00	104	Order #104 by Andrew Kanapatski	1	[{"added": {}}, {"added": {"name": "order item", "object": "Meat dumplings(pork - beef) - 1"}}, {"added": {"name": "order item", "object": "Potato and fried onion dumplings - 1"}}, {"added": {"name": "order item", "object": "Turkey cutlets - 1"}}, {"added": {"name": "order item", "object": "Chicken and mushrooms crepes - 1"}}, {"added": {"name": "order item", "object": "Shuba salad - 1"}}, {"added": {"name": "order item", "object": "Chicken liver pate - 1"}}]	11	12
848	2025-07-18 17:27:11.668325+00	102	Order #102 by Latiuk Diana	2	[{"changed": {"fields": ["Status"]}}]	11	12
849	2025-07-18 17:40:20.552467+00	104	Order #104 by Andrew Kanapatski	2	[{"changed": {"fields": ["Status"]}}]	11	12
850	2025-07-18 17:45:51.724482+00	79	Order #79 by Andris Shemel	2	[{"changed": {"fields": ["Status"]}}]	11	12
851	2025-07-18 17:48:08.961904+00	91	Order #91 by Anastasiia Beloborodova	2	[{"changed": {"fields": ["Status"]}}]	11	12
852	2025-07-18 17:48:46.877409+00	60	Order #60 by Alexandra Tarchenko	2	[{"changed": {"fields": ["Status"]}}]	11	12
853	2025-07-18 17:50:16.45575+00	94	Order #94 by Daria Babicheva	2	[{"changed": {"fields": ["Status"]}}]	11	12
854	2025-07-18 17:50:37.092285+00	89	Order #89 by Natalia Kovalenko	2	[{"changed": {"fields": ["Status"]}}]	11	12
855	2025-07-18 17:51:01.072254+00	80	Order #80 by Valentina Elizarova	2	[{"changed": {"fields": ["Status"]}}]	11	12
856	2025-07-18 17:51:16.277341+00	93	Order #93 by Oleksandra Volkova	2	[{"changed": {"fields": ["Status"]}}]	11	12
857	2025-07-18 17:51:34.86295+00	96	Order #96 by Chernysh Daria	2	[{"changed": {"fields": ["Status"]}}]	11	12
858	2025-07-18 17:58:38.197533+00	102	Elina Selby	1	[{"added": {}}]	7	12
859	2025-07-18 18:00:16.584385+00	105	Order #105 by Elina Selby	1	[{"added": {}}, {"added": {"name": "order item", "object": "Beef dumplings - 10"}}, {"added": {"name": "order item", "object": "Beef cabbage rolls - 2"}}]	11	12
860	2025-07-18 22:22:40.959728+00	103	Iryna Bulba	1	[{"added": {}}]	7	12
861	2025-07-18 22:24:12.167738+00	106	Order #106 by Iryna Bulba	1	[{"added": {}}, {"added": {"name": "order item", "object": "Meat dumplings(pork - beef) - 2"}}, {"added": {"name": "order item", "object": "Pork dumplings - 1"}}, {"added": {"name": "order item", "object": "Chicken cutlets - 1"}}]	11	12
862	2025-07-20 02:18:41.774398+00	59	Order #59 by Vita Nanjak	2	[{"changed": {"fields": ["Status"]}}]	11	12
863	2025-07-20 02:19:07.858966+00	100	Order #100 by Tetiana  Kosinska	2	[{"changed": {"fields": ["Status"]}}]	11	12
864	2025-07-20 02:19:07.862786+00	86	Order #86 by Tatiana Yurchuk	2	[{"changed": {"fields": ["Status"]}}]	11	12
865	2025-07-20 02:20:13.065425+00	95	Order #95 by Ksenya	2	[{"changed": {"fields": ["Status"]}}]	11	12
866	2025-07-20 02:20:53.017501+00	96	Kseniya Stadnyk	2	[{"changed": {"fields": ["name"]}}]	7	12
867	2025-07-20 02:22:06.760032+00	96	Kseniya Stadnyk	2	[{"changed": {"fields": ["Address Line", "Postal Code"]}}]	7	12
868	2025-07-20 02:23:44.594961+00	90	Order #90 by Edgar Siukans	2	[{"changed": {"fields": ["Status"]}}]	11	12
873	2025-07-20 02:27:00.130723+00	92	Order #92 by Tetiana Matviyevska	2	[{"changed": {"fields": ["Status"]}}]	11	12
874	2025-07-20 02:27:20.043716+00	85	Order #85 by Roman Maslov	2	[{"changed": {"fields": ["Status"]}}]	11	12
875	2025-07-20 02:27:38.700869+00	97	Order #97 by Natalia Fomina	2	[{"changed": {"fields": ["Status"]}}]	11	12
876	2025-07-20 02:29:02.103596+00	84	Order #84 by Suzanna Petrova	2	[{"changed": {"fields": ["Status"]}}]	11	12
877	2025-07-20 02:29:43.578014+00	74	Order #74 by Lena Yakobchuk	2	[{"changed": {"fields": ["Status"]}}]	11	12
878	2025-07-20 02:33:32.769797+00	105	Order #105 by Elina Selby	2	[{"changed": {"fields": ["Status"]}}]	11	12
879	2025-07-20 02:33:32.772002+00	83	Order #83 by Iryna Atamanchuk	2	[{"changed": {"fields": ["Status"]}}]	11	12
880	2025-07-20 02:33:32.775893+00	75	Order #75 by Alina Kaprova	2	[{"changed": {"fields": ["Status"]}}]	11	12
881	2025-07-28 12:36:47.023037+00	72	Order #72 by Diudiun Hanna	2	[{"changed": {"fields": ["Status"]}}]	11	12
882	2025-07-28 12:44:47.470713+00	190	Potato casserole with beef mince	1	[{"added": {}}]	9	12
883	2025-07-28 12:49:29.80215+00	107	Order #107 by Roman Maslov	1	[{"added": {}}, {"added": {"name": "order item", "object": "Lasagna - 1"}}, {"added": {"name": "order item", "object": "Potato casserole with beef mince - 1"}}, {"added": {"name": "order item", "object": "Olivie salad - 1"}}, {"added": {"name": "order item", "object": "Quiche pie with chicken, mushrooms and cheese - 1"}}, {"added": {"name": "order item", "object": "Beef Jerky - 1"}}, {"added": {"name": "order item", "object": "Turkey Jerky - 1"}}, {"added": {"name": "order item", "object": "Apple and cinnamon crepes - 1"}}, {"added": {"name": "order item", "object": "Vanilla cheesecakes - 1"}}, {"added": {"name": "order item", "object": "Chicken and mushrooms crepes - 1"}}, {"added": {"name": "order item", "object": "Beef and fried onions crepes - 1"}}, {"added": {"name": "order item", "object": "Meat dumplings(pork - beef) - 1"}}]	11	12
884	2025-07-28 12:52:20.00927+00	104	Julia Sidorenko	1	[{"added": {}}]	7	12
885	2025-07-28 12:54:22.991037+00	108	Order #108 by Julia Sidorenko	1	[{"added": {}}, {"added": {"name": "order item", "object": "Vanilla sweet cottage cheese crepes - 1"}}, {"added": {"name": "order item", "object": "Pork and fried onions crepes - 1"}}, {"added": {"name": "order item", "object": "Chicken dumplings - 2"}}, {"added": {"name": "order item", "object": "Chicken cabbage rolls - 1"}}, {"added": {"name": "order item", "object": "Borsch sauce(frozen) - 1"}}, {"added": {"name": "order item", "object": "Ukrainian lard - 1"}}]	11	12
886	2025-07-28 12:54:25.125515+00	109	Order #109 by Julia Sidorenko	1	[{"added": {}}, {"added": {"name": "order item", "object": "Vanilla sweet cottage cheese crepes - 1"}}, {"added": {"name": "order item", "object": "Pork and fried onions crepes - 1"}}, {"added": {"name": "order item", "object": "Chicken dumplings - 2"}}, {"added": {"name": "order item", "object": "Chicken cabbage rolls - 1"}}, {"added": {"name": "order item", "object": "Borsch sauce(frozen) - 1"}}, {"added": {"name": "order item", "object": "Ukrainian lard - 1"}}]	11	12
887	2025-07-28 12:55:08.891838+00	108	Order #108 by Julia Sidorenko	3		11	12
888	2025-07-28 13:02:01.635531+00	105	Rimma Tertytska	1	[{"added": {}}]	7	12
889	2025-07-28 13:04:24.075637+00	110	Order #110 by Rimma Tertytska	1	[{"added": {}}, {"added": {"name": "order item", "object": "Potato dumplings - 10"}}, {"added": {"name": "order item", "object": "Cherry dumplings - 5"}}, {"added": {"name": "order item", "object": "Sweet cottage cheese dumplings - 5"}}]	11	12
890	2025-07-28 13:07:32.555371+00	106	Timur Turdyev	1	[{"added": {}}]	7	12
891	2025-07-28 13:10:02.417649+00	111	Order #111 by Timur Turdyev	1	[{"added": {}}, {"added": {"name": "order item", "object": "Cherry dumplings - 1"}}, {"added": {"name": "order item", "object": "Beef dumplings - 2"}}, {"added": {"name": "order item", "object": "Korean carrots - 1"}}, {"added": {"name": "order item", "object": "Olivie salad - 2"}}]	11	12
892	2025-07-28 13:14:06.876096+00	112	Order #112 by Latiuk Diana	1	[{"added": {}}, {"added": {"name": "order item", "object": "Meat dumplings(pork - beef) - 1"}}, {"added": {"name": "order item", "object": "Potatoes and cottage cheese dumplings - 1"}}, {"added": {"name": "order item", "object": "Beef cutlets - 1"}}, {"added": {"name": "order item", "object": "Potato and mushrooms dumplings - 1"}}, {"added": {"name": "order item", "object": "Meat cabbage rolls(pork - beef) - 1"}}]	11	12
893	2025-07-28 13:15:06.286191+00	112	Order #112 by Latiuk Diana	2	[{"changed": {"fields": ["Delivery fee manual", "Delivery fee"]}}]	11	12
894	2025-07-28 20:28:12.948743+00	76	Order #76 by Olha Pohribniak	2	[{"changed": {"fields": ["Status"]}}]	11	12
895	2025-07-28 20:31:19.045229+00	107	Inese Celina	1	[{"added": {}}]	7	12
896	2025-07-28 20:33:43.88547+00	113	Order #113 by Inese Celina	1	[{"added": {}}, {"added": {"name": "order item", "object": "Chicken cabbage rolls - 3"}}, {"added": {"name": "order item", "object": "Chicken cutlets - 1"}}, {"added": {"name": "order item", "object": "Beef cabbage rolls - 3"}}, {"added": {"name": "order item", "object": "Smoked lard with spices - 1"}}]	11	12
897	2025-07-28 20:41:47.710872+00	108	Tetiana Liubasiuk	1	[{"added": {}}]	7	12
898	2025-07-28 20:50:18.909996+00	191	Homemade baked ham (bujenina)	1	[{"added": {}}]	9	12
899	2025-07-28 20:51:01.143562+00	114	Order #114 by Tetiana Liubasiuk	1	[{"added": {}}, {"added": {"name": "order item", "object": "Beef and fried onions crepes - 1"}}, {"added": {"name": "order item", "object": "Stuffed pepper with chicken - 1"}}, {"added": {"name": "order item", "object": "Chicken and mushrooms crepes - 1"}}, {"added": {"name": "order item", "object": "Zucchini pancakes with garlic sour cream sauce. - 1"}}, {"added": {"name": "order item", "object": "Potato pancakes with mushroom sauce - 1"}}, {"added": {"name": "order item", "object": "Shuba salad - 1"}}, {"added": {"name": "order item", "object": "Homemade baked ham (bujenina) - 1"}}]	11	12
900	2025-07-28 20:56:13.647223+00	109	Elena Ustyanova	1	[{"added": {}}]	7	12
901	2025-07-28 21:03:01.320892+00	115	Order #115 by Elena Ustyanova	1	[{"added": {}}, {"added": {"name": "order item", "object": "Vanilla cheesecakes - 2"}}, {"added": {"name": "order item", "object": "Turkey dumplings - 1"}}, {"added": {"name": "order item", "object": "Beef dumplings - 1"}}, {"added": {"name": "order item", "object": "Potato and fried onion dumplings - 1"}}, {"added": {"name": "order item", "object": "Chicken and mushrooms crepes - 1"}}, {"added": {"name": "order item", "object": "Pork sausages with cheese - 1"}}, {"added": {"name": "order item", "object": "Royal ham boiled premium - 1"}}, {"added": {"name": "order item", "object": "Meat dumplings(pork - beef) - 1"}}]	11	12
902	2025-07-28 21:07:31.969234+00	110	Svetlana Ivanova	1	[{"added": {}}]	7	12
903	2025-07-28 21:11:15.496746+00	116	Order #116 by Svetlana Ivanova	1	[{"added": {}}, {"added": {"name": "order item", "object": "Cherry dumplings - 1"}}, {"added": {"name": "order item", "object": "Potato and fried onion dumplings - 1"}}, {"added": {"name": "order item", "object": "Sweet cottage cheese dumplings - 1"}}, {"added": {"name": "order item", "object": "Chicken liver pate - 1"}}]	11	12
904	2025-07-28 21:16:07.338313+00	111	Alexandr Andreyev	1	[{"added": {}}]	7	12
905	2025-07-28 21:18:01.820863+00	117	Order #117 by Alexandr Andreyev	1	[{"added": {}}, {"added": {"name": "order item", "object": "Apple pies - 1"}}, {"added": {"name": "order item", "object": "Poppy seeds buns - 1"}}, {"added": {"name": "order item", "object": "Prepared turkey cutlets - 1"}}, {"added": {"name": "order item", "object": "Prepared fish cutlets - 1"}}]	11	12
906	2025-07-28 21:21:50.635441+00	112	Dmitrii Shtilerman	1	[{"added": {}}]	7	12
907	2025-07-28 21:25:16.028732+00	118	Order #118 by Dmitrii Shtilerman	1	[{"added": {}}, {"added": {"name": "order item", "object": "Meat dumplings(pork - beef) - 2"}}, {"added": {"name": "order item", "object": "Shuba salad - 1"}}, {"added": {"name": "order item", "object": "Ukrainian lard - 1"}}]	11	12
908	2025-07-28 21:36:25.233755+00	119	Order #119 by Ksenia Fonina	1	[{"added": {}}, {"added": {"name": "order item", "object": "Chicken and mushrooms crepes - 1"}}, {"added": {"name": "order item", "object": "Apple and cinnamon crepes - 1"}}, {"added": {"name": "order item", "object": "Sweet cottage cheese and blueberries crepes - 2"}}, {"added": {"name": "order item", "object": "Turkey cabbage rolls - 1"}}, {"added": {"name": "order item", "object": "Fish cutlets - 1"}}, {"added": {"name": "order item", "object": "Mimosa salad - 1"}}]	11	12
909	2025-07-28 21:36:27.06118+00	120	Order #120 by Ksenia Fonina	1	[{"added": {}}, {"added": {"name": "order item", "object": "Chicken and mushrooms crepes - 1"}}, {"added": {"name": "order item", "object": "Apple and cinnamon crepes - 1"}}, {"added": {"name": "order item", "object": "Sweet cottage cheese and blueberries crepes - 2"}}, {"added": {"name": "order item", "object": "Turkey cabbage rolls - 1"}}, {"added": {"name": "order item", "object": "Fish cutlets - 1"}}, {"added": {"name": "order item", "object": "Mimosa salad - 1"}}]	11	12
910	2025-07-29 07:30:17.982501+00	118	Order #118 by Dmitrii Shtilerman	2	[{"changed": {"fields": ["Status"]}}]	11	12
911	2025-07-29 13:01:09.245681+00	120	Order #120 by Ksenia Fonina	3		11	12
912	2025-07-31 00:00:58.742225+00	113	Anna Ametova	1	[{"added": {}}]	7	12
913	2025-07-31 00:12:51.976755+00	121	Order #121 by Anna Ametova	1	[{"added": {}}, {"added": {"name": "order item", "object": "Strawberry Tiramisu(No alcohol) - 1"}}, {"added": {"name": "order item", "object": "Borsch with beef - 1"}}, {"added": {"name": "order item", "object": "Prepared chicken and cheese cutlets - 1"}}, {"added": {"name": "order item", "object": "Zucchini pancakes with garlic sour cream sauce. - 1"}}, {"added": {"name": "order item", "object": "Prepared cabbage rolls with stuffing - 1"}}, {"added": {"name": "order item", "object": "Prepared cheesecakes - 1"}}, {"added": {"name": "order item", "object": "Vegetable salad Vinaigrette - 1"}}]	11	12
914	2025-07-31 00:15:16.155113+00	114	Tetiana	1	[{"added": {}}]	7	12
915	2025-07-31 00:16:04.731807+00	122	Order #122 by Tetiana	1	[{"added": {}}, {"added": {"name": "order item", "object": "Meat dumplings(pork - beef) - 2"}}, {"added": {"name": "order item", "object": "Sweet cottage cheese dumplings - 1"}}]	11	12
916	2025-07-31 00:16:06.604397+00	123	Order #123 by Tetiana	1	[{"added": {}}, {"added": {"name": "order item", "object": "Meat dumplings(pork - beef) - 2"}}, {"added": {"name": "order item", "object": "Sweet cottage cheese dumplings - 1"}}]	11	12
917	2025-07-31 00:19:15.277769+00	115	Kateryna Kostiuk	1	[{"added": {}}]	7	12
918	2025-07-31 00:20:46.6097+00	124	Order #124 by Kateryna Kostiuk	1	[{"added": {}}, {"added": {"name": "order item", "object": "Meat dumplings(pork - beef) - 4"}}, {"added": {"name": "order item", "object": "Premium pork sausages - 1"}}, {"added": {"name": "order item", "object": "Smoked lard with spices - 1"}}]	11	12
919	2025-07-31 00:24:40.450309+00	116	Sergiy Krytsak	1	[{"added": {}}]	7	12
920	2025-07-31 00:26:46.058651+00	125	Order #125 by Sergiy Krytsak	1	[{"added": {}}, {"added": {"name": "order item", "object": "Beef dumplings - 1"}}, {"added": {"name": "order item", "object": "Potato and fried onion dumplings - 1"}}, {"added": {"name": "order item", "object": "Chicken aspic holodez - 1"}}]	11	12
921	2025-07-31 00:29:00.632232+00	117	Victoria Shcherbyna	1	[{"added": {}}]	7	12
922	2025-07-31 00:30:19.869119+00	126	Order #126 by Victoria Shcherbyna	1	[{"added": {}}, {"added": {"name": "order item", "object": "Turkey dumplings - 2"}}, {"added": {"name": "order item", "object": "Chicken and mushrooms crepes - 2"}}, {"added": {"name": "order item", "object": "Cherry dumplings - 1"}}, {"added": {"name": "order item", "object": "Meat cabbage rolls(pork - beef) - 1"}}]	11	12
923	2025-07-31 00:30:38.299061+00	126	Order #126 by Victoria Shcherbyna	2	[{"changed": {"name": "order item", "object": "Cherry dumplings - 2", "fields": ["Quantity"]}}]	11	12
924	2025-07-31 00:30:40.113053+00	126	Order #126 by Victoria Shcherbyna	2	[]	11	12
925	2025-07-31 00:32:48.401662+00	127	Order #127 by Mykhailo Matusiak	1	[{"added": {}}, {"added": {"name": "order item", "object": "Potato dumplings - 1"}}, {"added": {"name": "order item", "object": "Potatoes and cottage cheese dumplings - 1"}}, {"added": {"name": "order item", "object": "Blueberry dumplings - 1"}}]	11	12
926	2025-07-31 00:34:17.514009+00	118	Olga Dribas	1	[{"added": {}}]	7	12
927	2025-07-31 00:38:36.391943+00	128	Order #128 by Olga Dribas	1	[{"added": {}}, {"added": {"name": "order item", "object": "Cherry dumplings - 1"}}, {"added": {"name": "order item", "object": "Turkey dumplings - 1"}}, {"added": {"name": "order item", "object": "Salted cottage cheese dumplings - 2"}}, {"added": {"name": "order item", "object": "Vanilla cheesecakes - 2"}}]	11	12
928	2025-07-31 00:41:26.154208+00	129	Order #129 by Maria Khokhlova	1	[{"added": {}}, {"added": {"name": "order item", "object": "Apple and cinnamon crepes - 1"}}, {"added": {"name": "order item", "object": "Vanilla cheesecakes - 2"}}, {"added": {"name": "order item", "object": "Stuffed pepper with meat(pork - beef) - 1"}}, {"added": {"name": "order item", "object": "Cherry dumplings - 1"}}, {"added": {"name": "order item", "object": "Potatoes and cottage cheese dumplings - 1"}}, {"added": {"name": "order item", "object": "Vanilla sweet cottage cheese crepes - 1"}}, {"added": {"name": "order item", "object": "Prepared chicken and cheese cutlets - 1"}}, {"added": {"name": "order item", "object": "Tongue delicacy - 1"}}]	11	12
929	2025-07-31 00:41:27.793121+00	130	Order #130 by Maria Khokhlova	1	[{"added": {}}, {"added": {"name": "order item", "object": "Apple and cinnamon crepes - 1"}}, {"added": {"name": "order item", "object": "Vanilla cheesecakes - 2"}}, {"added": {"name": "order item", "object": "Stuffed pepper with meat(pork - beef) - 1"}}, {"added": {"name": "order item", "object": "Cherry dumplings - 1"}}, {"added": {"name": "order item", "object": "Potatoes and cottage cheese dumplings - 1"}}, {"added": {"name": "order item", "object": "Vanilla sweet cottage cheese crepes - 1"}}, {"added": {"name": "order item", "object": "Prepared chicken and cheese cutlets - 1"}}, {"added": {"name": "order item", "object": "Tongue delicacy - 1"}}]	11	12
930	2025-07-31 00:42:01.91383+00	129	Order #129 by Maria Khokhlova	3		11	12
931	2025-07-31 00:45:45.46098+00	119	Journeys J&C Limited	1	[{"added": {}}]	7	12
958	2025-07-31 03:14:20.011667+00	20	Cabbage rolls stuffed with chicken	2	[{"changed": {"fields": ["Name", "Categories"]}}]	9	12
932	2025-07-31 00:51:35.323716+00	131	Order #131 by Journeys J&C Limited	1	[{"added": {}}, {"added": {"name": "order item", "object": "Chicken dumplings - 8"}}, {"added": {"name": "order item", "object": "Potato and mushrooms dumplings - 3"}}, {"added": {"name": "order item", "object": "Salted cottage cheese dumplings - 2"}}]	11	12
933	2025-07-31 00:53:46.133248+00	120	Elena Yushko	1	[{"added": {}}]	7	12
934	2025-07-31 01:02:40.683235+00	132	Order #132 by Elena Yushko	1	[{"added": {}}, {"added": {"name": "order item", "object": "Meat dumplings(pork - beef) - 1"}}, {"added": {"name": "order item", "object": "Pork dumplings - 1"}}, {"added": {"name": "order item", "object": "Potato and fried onion dumplings - 1"}}, {"added": {"name": "order item", "object": "Chicken cutlets - 2"}}, {"added": {"name": "order item", "object": "Meat cutlets(pork - beef) - 1"}}, {"added": {"name": "order item", "object": "Turkey cutlets - 1"}}, {"added": {"name": "order item", "object": "Fish cutlets - 1"}}, {"added": {"name": "order item", "object": "Chicken chebureks - 1"}}, {"added": {"name": "order item", "object": "Meat chebureks(pork - beef) - 1"}}, {"added": {"name": "order item", "object": "Aubergine rolls stuffed with cream cheese and garlic - 1"}}, {"added": {"name": "order item", "object": "Pheasant nest salad - 1"}}, {"added": {"name": "order item", "object": "French meat - 1"}}, {"added": {"name": "order item", "object": "Okroshka - 1"}}, {"added": {"name": "order item", "object": "Chicken soup with meatballs - 1"}}, {"added": {"name": "order item", "object": "Aubergine saut\\u00e9 - 1"}}, {"added": {"name": "order item", "object": "Pilaf(rice) with beef - 1"}}]	11	12
935	2025-07-31 01:02:42.325327+00	133	Order #133 by Elena Yushko	1	[{"added": {}}, {"added": {"name": "order item", "object": "Meat dumplings(pork - beef) - 1"}}, {"added": {"name": "order item", "object": "Pork dumplings - 1"}}, {"added": {"name": "order item", "object": "Potato and fried onion dumplings - 1"}}, {"added": {"name": "order item", "object": "Chicken cutlets - 2"}}, {"added": {"name": "order item", "object": "Meat cutlets(pork - beef) - 1"}}, {"added": {"name": "order item", "object": "Turkey cutlets - 1"}}, {"added": {"name": "order item", "object": "Fish cutlets - 1"}}, {"added": {"name": "order item", "object": "Chicken chebureks - 1"}}, {"added": {"name": "order item", "object": "Meat chebureks(pork - beef) - 1"}}, {"added": {"name": "order item", "object": "Aubergine rolls stuffed with cream cheese and garlic - 1"}}, {"added": {"name": "order item", "object": "Pheasant nest salad - 1"}}, {"added": {"name": "order item", "object": "French meat - 1"}}, {"added": {"name": "order item", "object": "Okroshka - 1"}}, {"added": {"name": "order item", "object": "Chicken soup with meatballs - 1"}}, {"added": {"name": "order item", "object": "Aubergine saut\\u00e9 - 1"}}, {"added": {"name": "order item", "object": "Pilaf(rice) with beef - 1"}}]	11	12
936	2025-07-31 01:04:26.292963+00	133	Order #133 by Elena Yushko	3		11	12
937	2025-07-31 01:08:59.210432+00	134	Order #134 by Iryna Korshunova	1	[{"added": {}}, {"added": {"name": "order item", "object": "Meat pies(pork - beef) - 1"}}, {"added": {"name": "order item", "object": "Cabbage pies - 2"}}, {"added": {"name": "order item", "object": "Chicken aspic holodez - 1"}}, {"added": {"name": "order item", "object": "Aubergine rolls stuffed with cream cheese and garlic - 1"}}, {"added": {"name": "order item", "object": "Okroshka - 1"}}, {"added": {"name": "order item", "object": "Potato and mushrooms dumplings - 2"}}, {"added": {"name": "order item", "object": "Mushroom cabbage rolls - 1"}}, {"added": {"name": "order item", "object": "Chicken cabbage rolls - 1"}}, {"added": {"name": "order item", "object": "Stuffed pepper with mushrooms - 1"}}, {"added": {"name": "order item", "object": "Meat dumplings(pork - beef) - 1"}}, {"added": {"name": "order item", "object": "Potatoes and cottage cheese dumplings - 1"}}]	11	12
938	2025-07-31 01:11:32.624694+00	121	Elmira	1	[{"added": {}}]	7	12
939	2025-07-31 01:14:39.812466+00	135	Order #135 by Elmira	1	[{"added": {}}, {"added": {"name": "order item", "object": "Aubergine rolls stuffed with cream cheese and garlic - 1"}}, {"added": {"name": "order item", "object": "Meat dumplings(pork - beef) - 1"}}, {"added": {"name": "order item", "object": "Potato and fried onion dumplings - 1"}}, {"added": {"name": "order item", "object": "Beef cabbage rolls - 1"}}, {"added": {"name": "order item", "object": "Stuffed pepper with beef - 1"}}, {"added": {"name": "order item", "object": "Vanilla cheesecakes - 1"}}, {"added": {"name": "order item", "object": "Vanilla sweet cottage cheese crepes - 1"}}, {"added": {"name": "order item", "object": "Beef and fried onions crepes - 1"}}, {"added": {"name": "order item", "object": "Turkey cutlets - 1"}}, {"added": {"name": "order item", "object": "Meat cutlets(pork - beef) - 1"}}, {"added": {"name": "order item", "object": "Tomato vegetable sauce(frozen) - 4"}}]	11	12
940	2025-07-31 01:16:24.087909+00	177	Royal ham boiled (vetchyna)	2	[{"changed": {"fields": ["Name", "Categories"]}}]	9	12
941	2025-07-31 01:16:45.761269+00	116	Order #116 by Svetlana Ivanova	2	[{"added": {"name": "order item", "object": "Stuffed pepper with chicken - 1"}}, {"added": {"name": "order item", "object": "Royal ham boiled (vetchyna) - 1"}}]	11	12
942	2025-07-31 01:16:47.341467+00	116	Order #116 by Svetlana Ivanova	2	[{"added": {"name": "order item", "object": "Stuffed pepper with chicken - 1"}}, {"added": {"name": "order item", "object": "Royal ham boiled (vetchyna) - 1"}}]	11	12
943	2025-07-31 01:17:25.774569+00	123	Order #123 by Tetiana	3		11	12
944	2025-07-31 01:19:09.93764+00	112	Order #112 by Latiuk Diana	2	[{"changed": {"fields": ["Status"]}}]	11	12
945	2025-07-31 02:59:16.855631+00	169	Baked pork(buzhenina)	2	[{"changed": {"fields": ["Name", "Categories"]}}]	9	12
946	2025-07-31 03:00:00.486557+00	179	Grudinka(baked pork brisket)	2	[{"changed": {"fields": ["Name", "Categories"]}}]	9	12
947	2025-07-31 03:00:45.705706+00	99	Baked crepes with salted salmon and cream cheese	2	[{"changed": {"fields": ["Name", "Categories"]}}]	9	12
948	2025-07-31 03:03:25.980093+00	68	Barbecue sausages Shashlychny	2	[{"changed": {"fields": ["Name", "Categories"]}}]	9	12
949	2025-07-31 03:04:21.997383+00	29	Crepes stuffed with apple and cinnamon	2	[{"changed": {"fields": ["Name", "Categories"]}}]	9	12
950	2025-07-31 03:04:46.207421+00	95	Pies with apple	2	[{"changed": {"fields": ["Name", "Categories"]}}]	9	12
951	2025-07-31 03:05:31.759507+00	36	Crepes stuffed with beef and fried onions	2	[{"changed": {"fields": ["Name", "Categories"]}}]	9	12
952	2025-07-31 03:06:11.878452+00	17	Cabbage rolls stuffed with beef	2	[{"changed": {"fields": ["Name", "Categories"]}}]	9	12
953	2025-07-31 03:08:50.10844+00	168	Dry-cured sausage Braunschweig	2	[{"changed": {"fields": ["Name", "Categories"]}}]	9	12
954	2025-07-31 03:10:09.481832+00	163	Cervelat dry-cured sausage	2	[{"changed": {"fields": ["Name", "Categories"]}}]	9	12
955	2025-07-31 03:11:29.959882+00	34	Crepes stuffed with chicken and cheese	2	[{"changed": {"fields": ["Name", "Categories"]}}]	9	12
956	2025-07-31 03:12:17.408597+00	94	Pies stuffed with cabbage	2	[{"changed": {"fields": ["Name", "Categories"]}}]	9	12
957	2025-07-31 03:13:21.215702+00	33	Crepes stuffed with chicken and mushrooms	2	[{"changed": {"fields": ["Name", "Categories"]}}]	9	12
995	2025-08-02 16:56:41.479605+00	130	Order #130 by Maria Khokhlova	2	[{"changed": {"fields": ["Status"]}}]	11	12
959	2025-07-31 03:15:58.724375+00	30	Crepes stuffed with chicken liver	2	[{"changed": {"fields": ["Name", "Categories"]}}]	9	12
960	2025-07-31 03:17:56.485719+00	72	Dry-cured mini-sausages Salami	2	[{"changed": {"fields": ["Name", "Categories"]}}]	9	12
961	2025-07-31 03:19:59.748947+00	163	Dry-cured sausage Cervelat	2	[{"changed": {"fields": ["Name", "Categories"]}}]	9	12
962	2025-07-31 03:21:45.969841+00	170	Smoked sausage Cervelat	2	[{"changed": {"fields": ["Name", "Categories"]}}]	9	12
963	2025-07-31 06:56:18.938046+00	116	Order #116 by Svetlana Ivanova	2	[{"deleted": {"name": "order item", "object": "Stuffed pepper with chicken - 1.00"}}, {"deleted": {"name": "order item", "object": "Royal ham boiled (vetchyna) - 1.00"}}]	11	12
964	2025-07-31 09:27:23.79756+00	124	Order #124 by Kateryna Kostiuk	2	[{"changed": {"fields": ["Status"]}}]	11	12
965	2025-07-31 10:35:47.841895+00	122	Kateryna Omelchenko	1	[{"added": {}}]	7	12
966	2025-07-31 10:39:50.05018+00	136	Order #136 by Kateryna Omelchenko	1	[{"added": {}}, {"added": {"name": "order item", "object": "Meat dumplings(pork - beef) - 1"}}, {"added": {"name": "order item", "object": "Potato and mushrooms dumplings - 1"}}, {"added": {"name": "order item", "object": "Meat cabbage rolls(pork - beef) - 1"}}, {"added": {"name": "order item", "object": "Crepes stuffed with chicken liver - 1"}}, {"added": {"name": "order item", "object": "Homemade chicken grill sausages - 1"}}, {"added": {"name": "order item", "object": "Cabbage rolls stuffed with beef - 1"}}, {"added": {"name": "order item", "object": "Pork and fried onions crepes - 1"}}, {"added": {"name": "order item", "object": "Strawberry Tiramisu(No alcohol) - 1"}}]	11	12
967	2025-07-31 10:43:27.075691+00	123	Yevgeniya	1	[{"added": {}}]	7	12
968	2025-07-31 10:48:59.593438+00	137	Order #137 by Yevgeniya	1	[{"added": {}}, {"added": {"name": "order item", "object": "Turkey cutlets - 1"}}, {"added": {"name": "order item", "object": "Turkey dumplings - 3"}}, {"added": {"name": "order item", "object": "Sweet cottage cheese and blueberries crepes - 1"}}, {"added": {"name": "order item", "object": "Pork and fried onions crepes - 1"}}, {"added": {"name": "order item", "object": "Meat cabbage rolls(pork - beef) - 1"}}, {"added": {"name": "order item", "object": "Chicken and cheese chebureks - 2"}}, {"added": {"name": "order item", "object": "Meat chebureks(pork - beef) - 1"}}, {"added": {"name": "order item", "object": "Sweet cottage cheese and blueberries crepes - 1"}}, {"added": {"name": "order item", "object": "Salmon crepes with cream cheese - 0.5"}}, {"added": {"name": "order item", "object": "Beef basturma in spices - 1"}}, {"added": {"name": "order item", "object": "Dry-cured pork balyk - 1"}}]	11	12
969	2025-07-31 11:00:48.311322+00	123	Yevgeniya Novikova	2	[{"changed": {"fields": ["name", "phone"]}}]	7	12
970	2025-07-31 11:06:24.902971+00	137	Order #137 by Yevgeniya Novikova	2	[{"changed": {"name": "order item", "object": "Chicken dumplings - 3.00", "fields": ["Product"]}}, {"changed": {"name": "order item", "object": "Vanilla sweet cottage cheese crepes - 1.00", "fields": ["Product"]}}]	11	12
971	2025-07-31 13:15:43.073109+00	124	Yuriy Tymchenko	1	[{"added": {}}]	7	12
972	2025-07-31 13:18:56.066447+00	138	Order #138 by Yuriy Tymchenko	1	[{"added": {}}, {"added": {"name": "order item", "object": "Beef dumplings - 1"}}, {"added": {"name": "order item", "object": "Crepes stuffed with chicken and cheese - 2"}}, {"added": {"name": "order item", "object": "Crepes stuffed with chicken liver - 1"}}, {"added": {"name": "order item", "object": "Vanilla cheesecakes - 1"}}, {"added": {"name": "order item", "object": "Meat cabbage rolls(pork - beef) - 1"}}, {"added": {"name": "order item", "object": "Crepes stuffed with apple and cinnamon - 1"}}, {"added": {"name": "order item", "object": "Sweet cottage cheese dumplings - 1"}}, {"added": {"name": "order item", "object": "Blueberry dumplings - 1"}}, {"added": {"name": "order item", "object": "Homemade fried pork sausage - 1"}}]	11	12
973	2025-07-31 16:56:35.233089+00	125	Maria Dobrovenskaya	1	[{"added": {}}]	7	12
974	2025-07-31 16:57:11.261226+00	139	Order #139 by Maria Dobrovenskaya	1	[{"added": {}}, {"added": {"name": "order item", "object": "Meat dumplings(pork - beef) - 4"}}]	11	12
975	2025-07-31 16:58:13.145093+00	121	Valuiska Elmira	2	[{"changed": {"fields": ["name"]}}]	7	12
976	2025-07-31 18:27:58.67848+00	106	Timur Turdyev	2	[{"changed": {"fields": ["Postal Code"]}}]	7	12
977	2025-07-31 19:20:23.149484+00	126	Maria Rozental	1	[{"added": {}}]	7	12
978	2025-07-31 19:29:24.434419+00	140	Order #140 by Maria Rozental	1	[{"added": {}}, {"added": {"name": "order item", "object": "Meat dumplings(pork - beef) - 2"}}, {"added": {"name": "order item", "object": "Vanilla cheesecakes - 2"}}, {"added": {"name": "order item", "object": "Vanilla cheesecakes with raisins - 2"}}, {"added": {"name": "order item", "object": "Chicken cutlets - 1"}}, {"added": {"name": "order item", "object": "Crepes stuffed with chicken and cheese - 1"}}, {"added": {"name": "order item", "object": "Crepes stuffed with chicken and cheese - 1"}}, {"added": {"name": "order item", "object": "Vanilla sweet cottage cheese crepes - 1"}}, {"added": {"name": "order item", "object": "Premium beef sausages - 1"}}]	11	12
979	2025-07-31 19:39:18.856487+00	140	Order #140 by Maria Rozental	2	[{"changed": {"name": "order item", "object": "Crepes stuffed with chicken and mushrooms - 1.00", "fields": ["Product"]}}]	11	12
980	2025-08-01 15:42:54.614708+00	109	Order #109 by Julia Sidorenko	2	[{"changed": {"fields": ["Status"]}}]	11	12
981	2025-08-01 15:43:46.916874+00	113	Order #113 by Inese Celina	2	[{"changed": {"fields": ["Status"]}}]	11	12
982	2025-08-01 15:44:40.288694+00	116	Order #116 by Svetlana Ivanova	2	[{"changed": {"fields": ["Status"]}}]	11	12
983	2025-08-01 15:45:11.972528+00	136	Order #136 by Kateryna Omelchenko	2	[{"changed": {"fields": ["Status"]}}]	11	12
984	2025-08-01 19:49:40.43667+00	128	Order #128 by Olga Dribas	2	[{"changed": {"name": "order item", "object": "Vanilla cheesecakes - 1.00", "fields": ["Product"]}}]	11	12
985	2025-08-01 19:57:40.870687+00	111	Order #111 by Timur Turdyev	2	[{"changed": {"name": "order item", "object": "Blueberry dumplings - 1.00", "fields": ["Product"]}}]	11	12
986	2025-08-01 19:58:36.217939+00	126	Order #126 by Victoria Shcherbyna	2	[{"deleted": {"name": "order item", "object": "Cherry dumplings - 2.00"}}]	11	12
987	2025-08-01 20:05:00.398816+00	126	Order #126 by Victoria Shcherbyna	2	[]	11	12
988	2025-08-02 12:03:18.812845+00	121	Order #121 by Anna Ametova	2	[{"changed": {"fields": ["Status"]}}]	11	12
989	2025-08-02 16:46:10.719793+00	140	Order #140 by Maria Rozental	2	[{"deleted": {"name": "order item", "object": "Premium beef sausages - 1.00"}}]	11	12
990	2025-08-02 16:46:18.325975+00	140	Order #140 by Maria Rozental	2	[{"changed": {"fields": ["Status"]}}]	11	12
991	2025-08-02 16:50:01.260724+00	126	Order #126 by Victoria Shcherbyna	2	[{"changed": {"fields": ["Status"]}}]	11	12
992	2025-08-02 16:53:27.829099+00	135	Order #135 by Valuiska Elmira	3		11	12
993	2025-08-02 16:54:32.12381+00	134	Order #134 by Iryna Korshunova	2	[{"changed": {"fields": ["Status"]}}]	11	12
994	2025-08-02 16:56:41.475735+00	132	Order #132 by Elena Yushko	2	[{"changed": {"fields": ["Status"]}}]	11	12
996	2025-08-02 16:57:36.152265+00	127	Order #127 by Mykhailo Matusiak	2	[{"changed": {"fields": ["Status"]}}]	11	12
997	2025-08-02 16:57:36.156241+00	125	Order #125 by Sergiy Krytsak	2	[{"changed": {"fields": ["Status"]}}]	11	12
998	2025-08-02 17:00:51.325143+00	122	Order #122 by Tetiana	2	[{"changed": {"fields": ["Status"]}}]	11	12
999	2025-08-02 17:02:38.739495+00	114	Zalevska Tetiana	2	[{"changed": {"fields": ["name", "phone"]}}]	7	12
1000	2025-08-02 17:07:27.442137+00	119	Order #119 by Ksenia Fonina	2	[{"changed": {"fields": ["Status"]}}]	11	12
1001	2025-08-02 17:07:27.446169+00	117	Order #117 by Alexandr Andreyev	2	[{"changed": {"fields": ["Status"]}}]	11	12
1002	2025-08-02 17:07:27.449862+00	114	Order #114 by Tetiana Liubasiuk	2	[{"changed": {"fields": ["Status"]}}]	11	12
1003	2025-08-02 17:09:07.299195+00	111	Order #111 by Timur Turdyev	2	[{"changed": {"fields": ["Status"]}}]	11	12
1004	2025-08-02 17:09:07.303268+00	107	Order #107 by Roman Maslov	2	[{"changed": {"fields": ["Status"]}}]	11	12
1005	2025-08-02 17:17:18.8385+00	98	Order #98 by Maria Khokhlova	2	[{"changed": {"fields": ["Status"]}}]	11	12
1006	2025-08-03 11:45:28.710502+00	138	Order #138 by Yuriy Tymchenko	2	[{"changed": {"fields": ["Status"]}}]	11	12
1007	2025-08-03 11:45:28.714499+00	137	Order #137 by Yevgeniya Novikova	2	[{"changed": {"fields": ["Status"]}}]	11	12
1008	2025-08-03 11:45:28.718026+00	128	Order #128 by Olga Dribas	2	[{"changed": {"fields": ["Status"]}}]	11	12
1009	2025-08-03 11:45:28.721453+00	115	Order #115 by Elena Ustyanova	2	[{"changed": {"fields": ["Status"]}}]	11	12
1010	2025-08-04 21:35:41.433155+00	139	Order #139 by Maria Dobrovenskaya	2	[{"changed": {"fields": ["Status"]}}]	11	12
1011	2025-08-04 21:36:34.072594+00	127	Vitalii	1	[{"added": {}}]	7	12
1012	2025-08-04 21:39:19.089491+00	141	Order #141 by Vitalii	1	[{"added": {}}, {"added": {"name": "order item", "object": "Cherry dumplings - 1"}}, {"added": {"name": "order item", "object": "Chicken dumplings - 2"}}, {"added": {"name": "order item", "object": "Beef Jerky - 1"}}, {"added": {"name": "order item", "object": "Chicken Jerky 4 cheese - 1"}}, {"added": {"name": "order item", "object": "Homemade fried chicken sausage - 1"}}, {"added": {"name": "order item", "object": "Prepared chicken and cheese cutlets - 1"}}, {"added": {"name": "order item", "object": "Cottage cheese raspberries casserole - 1"}}]	11	12
1013	2025-08-04 21:44:36.708277+00	128	Mariia Shalnieva	1	[{"added": {}}]	7	12
1014	2025-08-04 21:46:09.964284+00	142	Order #142 by Mariia Shalnieva	1	[{"added": {}}, {"added": {"name": "order item", "object": "Meat cabbage rolls(pork - beef) - 1"}}, {"added": {"name": "order item", "object": "Meat chebureks(pork - beef) - 1"}}, {"added": {"name": "order item", "object": "Blueberry dumplings - 1"}}, {"added": {"name": "order item", "object": "Potato and mushrooms dumplings - 1"}}, {"added": {"name": "order item", "object": "Cherry dumplings - 1"}}]	11	12
1015	2025-08-04 21:52:17.78659+00	129	Stefania E	1	[{"added": {}}]	7	12
1016	2025-08-04 21:55:58.593164+00	143	Order #143 by Stefania E	1	[{"added": {}}, {"added": {"name": "order item", "object": "Beef dumplings - 1"}}, {"added": {"name": "order item", "object": "Chicken dumplings - 1"}}, {"added": {"name": "order item", "object": "Cherry dumplings - 2"}}, {"added": {"name": "order item", "object": "Sweet cottage cheese and blueberries crepes - 1"}}, {"added": {"name": "order item", "object": "Turkey cabbage rolls - 1"}}, {"added": {"name": "order item", "object": "Vanilla cheesecakes - 2"}}, {"added": {"name": "order item", "object": "Chicken cutlets - 1"}}, {"added": {"name": "order item", "object": "Chicken and cheese chebureks - 1"}}, {"added": {"name": "order item", "object": "Blueberries cottage cheese casserole - 1"}}, {"added": {"name": "order item", "object": "Pies stuffed with cabbage - 1"}}, {"added": {"name": "order item", "object": "Pies with apple - 1"}}]	11	12
1017	2025-08-04 21:56:00.472452+00	144	Order #144 by Stefania E	1	[{"added": {}}, {"added": {"name": "order item", "object": "Beef dumplings - 1"}}, {"added": {"name": "order item", "object": "Chicken dumplings - 1"}}, {"added": {"name": "order item", "object": "Cherry dumplings - 2"}}, {"added": {"name": "order item", "object": "Sweet cottage cheese and blueberries crepes - 1"}}, {"added": {"name": "order item", "object": "Turkey cabbage rolls - 1"}}, {"added": {"name": "order item", "object": "Vanilla cheesecakes - 2"}}, {"added": {"name": "order item", "object": "Chicken cutlets - 1"}}, {"added": {"name": "order item", "object": "Chicken and cheese chebureks - 1"}}, {"added": {"name": "order item", "object": "Blueberries cottage cheese casserole - 1"}}, {"added": {"name": "order item", "object": "Pies stuffed with cabbage - 1"}}, {"added": {"name": "order item", "object": "Pies with apple - 1"}}]	11	12
1018	2025-08-04 21:56:29.66462+00	144	Order #144 by Stefania E	3		11	12
1019	2025-08-04 21:58:13.191345+00	143	Order #143 by Stefania E	2	[{"changed": {"name": "order item", "object": "Sweet cottage cheese dumplings - 1.00", "fields": ["Product"]}}]	11	12
1020	2025-08-04 22:11:13.742788+00	145	Order #145 by Elena Yushko	1	[{"added": {}}, {"added": {"name": "order item", "object": "Stuffed pepper with meat(pork - beef) - 1"}}, {"added": {"name": "order item", "object": "Korean carrots - 1"}}, {"added": {"name": "order item", "object": "Aubergine rolls stuffed with cream cheese and garlic - 1"}}, {"added": {"name": "order item", "object": "Beef goulash(stewed beef with vegetables) - 1"}}, {"added": {"name": "order item", "object": "Salmon crepes with cream cheese - 1"}}, {"added": {"name": "order item", "object": "Zucchini pancakes with garlic sour cream sauce. - 1"}}]	11	12
1021	2025-08-04 22:14:25.345173+00	146	Order #146 by Maria Dobrovenskaya	1	[{"added": {}}, {"added": {"name": "order item", "object": "Meat cabbage rolls(pork - beef) - 2"}}, {"added": {"name": "order item", "object": "Meat dumplings(pork - beef) - 3"}}, {"added": {"name": "order item", "object": "Dry-cured lard - 1"}}, {"added": {"name": "order item", "object": "Homemade pork and beef sausage - 1"}}]	11	12
1022	2025-08-04 22:17:47.117712+00	130	Rakovska Yuliia	1	[{"added": {}}]	7	12
1023	2025-08-04 22:21:15.503937+00	147	Order #147 by Rakovska Yuliia	1	[{"added": {}}, {"added": {"name": "order item", "object": "Vanilla cheesecakes - 5"}}, {"added": {"name": "order item", "object": "Sweet cottage cheese dumplings - 2"}}, {"added": {"name": "order item", "object": "Meat dumplings(pork - beef) - 1"}}, {"added": {"name": "order item", "object": "Chicken dumplings - 2"}}, {"added": {"name": "order item", "object": "Turkey dumplings - 2"}}, {"added": {"name": "order item", "object": "Beef dumplings - 1"}}, {"added": {"name": "order item", "object": "Cherry dumplings - 1"}}]	11	12
1024	2025-08-04 22:30:17.339167+00	131	Ievgenii Iurchenko	1	[{"added": {}}]	7	12
1025	2025-08-04 22:31:43.939576+00	148	Order #148 by Ievgenii Iurchenko	1	[{"added": {}}, {"added": {"name": "order item", "object": "Chicken dumplings - 2"}}, {"added": {"name": "order item", "object": "Turkey dumplings - 1"}}]	11	12
1026	2025-08-04 22:31:45.711112+00	149	Order #149 by Ievgenii Iurchenko	1	[{"added": {}}, {"added": {"name": "order item", "object": "Chicken dumplings - 2"}}, {"added": {"name": "order item", "object": "Turkey dumplings - 1"}}]	11	12
1092	2025-08-10 11:50:02.577516+00	147	Order #147 by Rakovska Yuliia	2	[{"changed": {"fields": ["Status"]}}]	11	12
1027	2025-08-04 22:33:56.895917+00	150	Order #150 by Iryna Tsahelnik	1	[{"added": {}}, {"added": {"name": "order item", "object": "Cherry dumplings - 4"}}]	11	12
1028	2025-08-05 09:28:45.439833+00	127	Vitalii Tomashevskyi	2	[{"changed": {"fields": ["name"]}}]	7	12
1029	2025-08-05 09:59:45.090574+00	150	Order #150 by Iryna Tsahelnik	3		11	12
1030	2025-08-06 09:15:16.942997+00	149	Order #149 by Ievgenii Iurchenko	3		11	12
1031	2025-08-06 09:19:40.025108+00	151	Order #151 by Suzanna Petrova	1	[{"added": {}}, {"added": {"name": "order item", "object": "Crepes stuffed with chicken and cheese - 1"}}, {"added": {"name": "order item", "object": "Shuba salad - 1"}}, {"added": {"name": "order item", "object": "Meat soup Solyanka - 1"}}, {"added": {"name": "order item", "object": "Zucchini pancakes with garlic sour cream sauce. - 1"}}, {"added": {"name": "order item", "object": "Orange cottage cheese casserole - 1"}}, {"added": {"name": "order item", "object": "Salmon crepes with cream cheese - 1"}}, {"added": {"name": "order item", "object": "Premium pork sausages - 1"}}, {"added": {"name": "order item", "object": "Sausage in dough - 1"}}, {"added": {"name": "order item", "object": "Pies stuffed with cabbage - 1"}}, {"added": {"name": "order item", "object": "Pies with apple - 1"}}]	11	12
1032	2025-08-06 09:20:16.085036+00	151	Order #151 by Suzanna Petrova	2	[{"changed": {"fields": ["Delivery fee manual", "Delivery fee"]}}]	11	12
1033	2025-08-06 09:23:00.869573+00	132	Olga Uzlova	1	[{"added": {}}]	7	12
1034	2025-08-06 09:23:56.125957+00	152	Order #152 by Olga Uzlova	1	[{"added": {}}, {"added": {"name": "order item", "object": "Vanilla cheesecakes - 1"}}, {"added": {"name": "order item", "object": "Sweet cottage cheese and blueberries crepes - 1"}}]	11	12
1035	2025-08-06 09:26:21.376707+00	133	Pavlenko Yuliia	1	[{"added": {}}]	7	12
1036	2025-08-06 09:29:25.284072+00	153	Order #153 by Pavlenko Yuliia	1	[{"added": {}}, {"added": {"name": "order item", "object": "Stuffed pepper with chicken - 1"}}, {"added": {"name": "order item", "object": "Crepes stuffed with chicken and cheese - 1"}}, {"added": {"name": "order item", "object": "Blueberry dumplings - 1"}}, {"added": {"name": "order item", "object": "Aubergine rolls stuffed with cream cheese and garlic - 1"}}, {"added": {"name": "order item", "object": "Shuba salad - 1"}}, {"added": {"name": "order item", "object": "Salmon crepes with cream cheese - 1"}}]	11	12
1037	2025-08-06 09:31:18.674204+00	134	Inna Elsigood	1	[{"added": {}}]	7	12
1038	2025-08-06 09:33:24.491115+00	154	Order #154 by Inna Elsigood	1	[{"added": {}}, {"added": {"name": "order item", "object": "Meat dumplings(pork - beef) - 1"}}, {"added": {"name": "order item", "object": "Cherry dumplings - 1"}}, {"added": {"name": "order item", "object": "Meat dumplings(pork - beef) varenyky - 1"}}, {"added": {"name": "order item", "object": "Smoked sausage Cervelat - 1"}}]	11	12
1039	2025-08-06 09:36:01.095886+00	135	Lika	1	[{"added": {}}]	7	12
1040	2025-08-06 09:36:46.726972+00	155	Order #155 by Lika	1	[{"added": {}}, {"added": {"name": "order item", "object": "Chicken dumplings - 5"}}]	11	12
1041	2025-08-06 09:45:18.961203+00	156	Order #156 by Irina Yershova	1	[{"added": {}}, {"added": {"name": "order item", "object": "Sweet cottage cheese dumplings - 3"}}, {"added": {"name": "order item", "object": "Vanilla cheesecakes - 4"}}, {"added": {"name": "order item", "object": "Turkey dumplings - 3"}}, {"added": {"name": "order item", "object": "Beef dumplings - 3"}}, {"added": {"name": "order item", "object": "Crepes stuffed with apple and cinnamon - 1"}}, {"added": {"name": "order item", "object": "Crepes stuffed with chicken and cheese - 2"}}, {"added": {"name": "order item", "object": "Vanilla sweet cottage cheese crepes - 2"}}]	11	12
1042	2025-08-06 09:56:21.644493+00	136	Dima Reshetov	1	[{"added": {}}]	7	12
1043	2025-08-06 09:58:28.561692+00	157	Order #157 by Dima Reshetov	1	[{"added": {}}, {"added": {"name": "order item", "object": "Turkey cutlets - 2"}}, {"added": {"name": "order item", "object": "Meat pies(pork - beef) - 1"}}, {"added": {"name": "order item", "object": "Beef goulash(stewed beef with vegetables) - 1"}}, {"added": {"name": "order item", "object": "Grilled baby potatoes - 1"}}]	11	12
1044	2025-08-06 09:58:30.288106+00	158	Order #158 by Dima Reshetov	1	[{"added": {}}, {"added": {"name": "order item", "object": "Turkey cutlets - 2"}}, {"added": {"name": "order item", "object": "Meat pies(pork - beef) - 1"}}, {"added": {"name": "order item", "object": "Beef goulash(stewed beef with vegetables) - 1"}}, {"added": {"name": "order item", "object": "Grilled baby potatoes - 1"}}]	11	12
1045	2025-08-06 11:52:58.17783+00	192	Cookies nuts with condensed milk	1	[{"added": {}}]	9	12
1046	2025-08-06 11:54:50.757996+00	159	Order #159 by Valentina Elizarova	1	[{"added": {}}, {"added": {"name": "order item", "object": "Cookies nuts with condensed milk - 2"}}, {"added": {"name": "order item", "object": "Shuba salad - 2"}}, {"added": {"name": "order item", "object": "Marinated baby chicken - 1"}}, {"added": {"name": "order item", "object": "Liver cake - 1"}}, {"added": {"name": "order item", "object": "Chicken and cheese chebureks - 3"}}, {"added": {"name": "order item", "object": "Sweet cottage cheese and blueberries crepes - 1"}}, {"added": {"name": "order item", "object": "Turkey dumplings - 4"}}]	11	12
1047	2025-08-06 17:15:12.322299+00	158	Order #158 by Dima Reshetov	3		11	12
1048	2025-08-07 14:14:35.61607+00	137	Kobeletska Kateryna	1	[{"added": {}}]	7	12
1049	2025-08-07 14:17:24.442743+00	160	Order #160 by Kobeletska Kateryna	1	[{"added": {}}, {"added": {"name": "order item", "object": "Pork dumplings - 2"}}, {"added": {"name": "order item", "object": "Crepes stuffed with beef and fried onions - 1"}}, {"added": {"name": "order item", "object": "Meat cabbage rolls(pork - beef) - 1"}}, {"added": {"name": "order item", "object": "Vanilla cheesecakes - 1"}}, {"added": {"name": "order item", "object": "Turkey dumplings - 1"}}, {"added": {"name": "order item", "object": "Potato and fried onion dumplings - 2"}}, {"added": {"name": "order item", "object": "Liver pancakes - 1"}}]	11	12
1050	2025-08-07 14:28:05.599884+00	193	Smoked sausages Okhotnichye	1	[{"added": {}}]	9	12
1051	2025-08-07 14:29:55.281398+00	152	Order #152 by Olga Uzlova	2	[{"added": {"name": "order item", "object": "Potato dumplings - 1"}}, {"added": {"name": "order item", "object": "Pork dumplings - 1"}}, {"added": {"name": "order item", "object": "Beef dumplings - 1"}}, {"added": {"name": "order item", "object": "Smoked sausages Okhotnichye - 1"}}, {"added": {"name": "order item", "object": "Beef Jerky - 1"}}, {"added": {"name": "order item", "object": "Cookie Nuts with condensed milk. - 1"}}, {"added": {"name": "order item", "object": "Quiche pie with salmon, toms and broccoli - 1"}}]	11	12
1052	2025-08-07 14:33:04.167411+00	138	Anna Sokolovskaya	1	[{"added": {}}]	7	12
1053	2025-08-07 14:35:11.218209+00	161	Order #161 by Anna Sokolovskaya	1	[{"added": {}}, {"added": {"name": "order item", "object": "Honey cake with sour cream - 1"}}, {"added": {"name": "order item", "object": "Vanilla cheesecakes - 1"}}, {"added": {"name": "order item", "object": "Meat chebureks(pork - beef) - 1"}}, {"added": {"name": "order item", "object": "Vanilla sweet cottage cheese crepes - 1"}}]	11	12
1093	2025-08-10 11:50:02.580998+00	146	Order #146 by Maria Dobrovenskaya	2	[{"changed": {"fields": ["Status"]}}]	11	12
1054	2025-08-07 14:35:13.136293+00	162	Order #162 by Anna Sokolovskaya	1	[{"added": {}}, {"added": {"name": "order item", "object": "Honey cake with sour cream - 1"}}, {"added": {"name": "order item", "object": "Vanilla cheesecakes - 1"}}, {"added": {"name": "order item", "object": "Meat chebureks(pork - beef) - 1"}}, {"added": {"name": "order item", "object": "Vanilla sweet cottage cheese crepes - 1"}}]	11	12
1055	2025-08-07 14:36:16.751202+00	162	Order #162 by Anna Sokolovskaya	3		11	12
1056	2025-08-07 14:38:19.438467+00	152	Order #152 by Olga Uzlova	2	[{"changed": {"fields": ["Status"]}}]	11	12
1057	2025-08-07 14:39:44.257978+00	163	Order #163 by Sofia Chirsenblat	1	[{"added": {}}, {"added": {"name": "order item", "object": "Meat cutlets(pork - beef) - 3"}}, {"added": {"name": "order item", "object": "Liver pancakes - 1"}}]	11	12
1058	2025-08-07 14:45:02.836415+00	164	Order #164 by Roman Maslov	1	[{"added": {}}, {"added": {"name": "order item", "object": "Crepes stuffed with apple and cinnamon - 1"}}, {"added": {"name": "order item", "object": "Vanilla cheesecakes - 1"}}, {"added": {"name": "order item", "object": "Beef Jerky - 1"}}, {"added": {"name": "order item", "object": "Pork Jerky - 1"}}, {"added": {"name": "order item", "object": "Turkey Jerky - 1"}}, {"added": {"name": "order item", "object": "Mini quiche with salmon, toms and broccoli - 1"}}, {"added": {"name": "order item", "object": "Quiche pie with chicken, mushrooms and cheese - 1"}}, {"added": {"name": "order item", "object": "Orange cottage cheese casserole - 1"}}, {"added": {"name": "order item", "object": "Chicken and mushrooms julienne - 1"}}, {"added": {"name": "order item", "object": "Olivie salad - 1"}}, {"added": {"name": "order item", "object": "Crepes stuffed with chicken and mushrooms - 1"}}]	11	12
1059	2025-08-07 17:04:41.712275+00	160	Order #160 by Kobeletska Kateryna	2	[{"changed": {"fields": ["Status"]}}]	11	12
1060	2025-08-07 17:38:04.782097+00	139	Kate Koeva	1	[{"added": {}}]	7	12
1061	2025-08-07 17:41:33.538949+00	194	Freshly prepared crepes	1	[{"added": {}}]	9	12
1062	2025-08-07 17:42:17.669094+00	195	Freshly prepared crepes	1	[{"added": {}}]	9	12
1063	2025-08-07 17:42:33.107109+00	196	Freshly prepared crepes	1	[{"added": {}}]	9	12
1064	2025-08-07 17:42:40.668681+00	197	Freshly prepared crepes	1	[{"added": {}}]	9	12
1065	2025-08-07 17:44:15.355013+00	165	Order #165 by Kate Koeva	1	[{"added": {}}, {"added": {"name": "order item", "object": "Freshly prepared crepes - 1"}}, {"added": {"name": "order item", "object": "Prepared cheesecakes - 1"}}, {"added": {"name": "order item", "object": "Prepared cabbage rolls with stuffing - 1"}}, {"added": {"name": "order item", "object": "Turkey dumplings - 2"}}]	11	12
1066	2025-08-07 17:44:29.786783+00	165	Order #165 by Kate Koeva	2	[{"changed": {"fields": ["Status"]}}]	11	12
1067	2025-08-07 19:34:26.841457+00	159	Order #159 by Valentina Elizarova	2	[{"added": {"name": "order item", "object": "Vegetable salad Vinaigrette - 1"}}]	11	12
1068	2025-08-07 20:57:07.066331+00	140	Maksym Kulaiev	1	[{"added": {}}]	7	12
1069	2025-08-07 21:01:31.818804+00	166	Order #166 by Maksym Kulaiev	1	[{"added": {}}, {"added": {"name": "order item", "object": "Chicken dumplings - 1"}}, {"added": {"name": "order item", "object": "Meat dumplings(pork - beef) - 2"}}, {"added": {"name": "order item", "object": "Salted cottage cheese dumplings - 1"}}, {"added": {"name": "order item", "object": "Sweet cottage cheese dumplings - 1"}}, {"added": {"name": "order item", "object": "Vanilla cheesecakes - 1"}}, {"added": {"name": "order item", "object": "Crepes stuffed with chicken and cheese - 1"}}, {"added": {"name": "order item", "object": "Vanilla sweet cottage cheese crepes - 1"}}, {"added": {"name": "order item", "object": "Potato dumplings - 1"}}, {"added": {"name": "order item", "object": "Crepes stuffed with beef and fried onions - 1"}}, {"added": {"name": "order item", "object": "Vanilla sweet cottage cheese crepes - 1"}}, {"added": {"name": "order item", "object": "Aubergine saut\\u00e9 - 1"}}]	11	12
1070	2025-08-07 21:06:33.217102+00	166	Order #166 by Maksym Kulaiev	2	[{"changed": {"name": "order item", "object": "Sweet cottage cheese and blueberries crepes - 1.00", "fields": ["Product"]}}]	11	12
1071	2025-08-08 09:50:16.657405+00	141	Dmytro Vyshnevskyi	1	[{"added": {}}]	7	12
1072	2025-08-08 09:52:19.148016+00	167	Order #167 by Dmytro Vyshnevskyi	1	[{"added": {}}, {"added": {"name": "order item", "object": "Meat dumplings(pork - beef) - 5"}}, {"added": {"name": "order item", "object": "Cherry dumplings - 5"}}, {"added": {"name": "order item", "object": "Beef Jerky - 10"}}, {"added": {"name": "order item", "object": "Meat chebureks(pork - beef) - 1"}}]	11	12
1073	2025-08-08 09:58:40.590746+00	142	David Sottaev	1	[{"added": {}}]	7	12
1074	2025-08-08 10:00:40.187756+00	168	Order #168 by David Sottaev	1	[{"added": {}}, {"added": {"name": "order item", "object": "Beef cutlets - 3"}}, {"added": {"name": "order item", "object": "Cabbage rolls stuffed with beef - 3"}}, {"added": {"name": "order item", "object": "Stuffed pepper with beef - 2"}}, {"added": {"name": "order item", "object": "Vanilla cheesecakes - 1"}}, {"added": {"name": "order item", "object": "Premium beef sausages - 2"}}]	11	12
1075	2025-08-08 10:01:59.568136+00	70	Beef Jerky	2	[{"changed": {"fields": ["Categories", "Price"]}}]	9	12
1076	2025-08-08 10:02:02.718043+00	167	Order #167 by Dmytro Vyshnevskyi	2	[]	11	12
1077	2025-08-08 10:06:32.434563+00	143	Boroy Lyudmila	1	[{"added": {}}]	7	12
1078	2025-08-08 10:07:50.341323+00	169	Order #169 by Boroy Lyudmila	1	[{"added": {}}, {"added": {"name": "order item", "object": "Vanilla sweet cottage cheese crepes - 2"}}, {"added": {"name": "order item", "object": "Crepes stuffed with apple and cinnamon - 1"}}, {"added": {"name": "order item", "object": "Fish cutlets - 1"}}]	11	12
1079	2025-08-10 11:38:32.387152+00	166	Order #166 by Maksym Kulaiev	2	[{"changed": {"fields": ["Status"]}}]	11	12
1080	2025-08-10 11:38:32.391718+00	164	Order #164 by Roman Maslov	2	[{"changed": {"fields": ["Status"]}}]	11	12
1081	2025-08-10 11:38:32.395547+00	153	Order #153 by Pavlenko Yuliia	2	[{"changed": {"fields": ["Status"]}}]	11	12
1082	2025-08-10 11:44:41.396677+00	163	Order #163 by Sofia Chirsenblat	2	[{"changed": {"fields": ["Status"]}}]	11	12
1083	2025-08-10 11:44:41.400484+00	161	Order #161 by Anna Sokolovskaya	2	[{"changed": {"fields": ["Status"]}}]	11	12
1084	2025-08-10 11:44:41.402265+00	159	Order #159 by Valentina Elizarova	2	[{"changed": {"fields": ["Status"]}}]	11	12
1085	2025-08-10 11:44:41.405703+00	157	Order #157 by Dima Reshetov	2	[{"changed": {"fields": ["Status"]}}]	11	12
1086	2025-08-10 11:44:41.40915+00	156	Order #156 by Irina Yershova	2	[{"changed": {"fields": ["Status"]}}]	11	12
1087	2025-08-10 11:44:41.413176+00	154	Order #154 by Inna Elsigood	2	[{"changed": {"fields": ["Status"]}}]	11	12
1088	2025-08-10 11:46:57.953911+00	148	Order #148 by Ievgenii Iurchenko	2	[{"changed": {"fields": ["Status"]}}]	11	12
1089	2025-08-10 11:46:57.957631+00	143	Order #143 by Stefania E	2	[{"changed": {"fields": ["Status"]}}]	11	12
1090	2025-08-10 11:46:57.961017+00	142	Order #142 by Mariia Shalnieva	2	[{"changed": {"fields": ["Status"]}}]	11	12
1091	2025-08-10 11:50:02.573165+00	151	Order #151 by Suzanna Petrova	2	[{"changed": {"fields": ["Status"]}}]	11	12
1094	2025-08-10 11:50:02.584536+00	145	Order #145 by Elena Yushko	2	[{"changed": {"fields": ["Status"]}}]	11	12
1095	2025-08-10 12:20:45.9791+00	155	Order #155 by Lika	2	[{"changed": {"fields": ["Status"]}}]	11	12
1096	2025-08-10 12:25:10.259703+00	144	Lana Kravchenko	1	[{"added": {}}]	7	12
1097	2025-08-10 12:43:36.744753+00	170	Order #170 by Lana Kravchenko	1	[{"added": {}}, {"added": {"name": "order item", "object": "Chicken and cheese chebureks - 3"}}, {"added": {"name": "order item", "object": "Chicken dumplings - 2"}}, {"added": {"name": "order item", "object": "Prepared cheesecakes - 1"}}, {"added": {"name": "order item", "object": "Pies stuffed with cabbage - 1"}}, {"added": {"name": "order item", "object": "Sausage in dough - 1"}}, {"added": {"name": "order item", "object": "Beef basturma in spices - 2"}}]	11	12
1098	2025-08-10 12:44:33.161624+00	170	Order #170 by Lana Kravchenko	2	[{"changed": {"name": "order item", "object": "Pies stuffed with cabbage - 2", "fields": ["Quantity"]}}]	11	12
1099	2025-08-10 12:56:24.305116+00	171	Order #171 by Ksenia Fonina	1	[{"added": {}}, {"added": {"name": "order item", "object": "Mimosa salad - 1"}}, {"added": {"name": "order item", "object": "Crepes stuffed with chicken and mushrooms - 1"}}, {"added": {"name": "order item", "object": "Mushrooms and fried onions crepes - 1"}}, {"added": {"name": "order item", "object": "Sweet cottage cheese and blueberries crepes - 2"}}, {"added": {"name": "order item", "object": "Cabbage rolls stuffed with chicken - 1"}}, {"added": {"name": "order item", "object": "Fish cutlets - 1"}}, {"added": {"name": "order item", "object": "Turkey cutlets - 1"}}]	11	12
1100	2025-08-10 12:59:27.147721+00	145	Stacy Jarvis	1	[{"added": {}}]	7	12
1101	2025-08-10 13:04:31.970005+00	172	Order #172 by Stacy Jarvis	1	[{"added": {}}, {"added": {"name": "order item", "object": "Premium beef sausages - 1"}}, {"added": {"name": "order item", "object": "Prepared chicken and cheese cutlets - 1"}}, {"added": {"name": "order item", "object": "Aubergine rolls stuffed with cream cheese and garlic - 1"}}, {"added": {"name": "order item", "object": "Cottage cheese raspberries casserole - 1"}}, {"added": {"name": "order item", "object": "Vegetable salad Vinaigrette - 1"}}, {"added": {"name": "order item", "object": "Salmon soup with cream cheese - 1"}}, {"added": {"name": "order item", "object": "Meat soup Solyanka - 1"}}, {"added": {"name": "order item", "object": "Korean carrots - 1"}}, {"added": {"name": "order item", "object": "Pies stuffed with cabbage - 1"}}, {"added": {"name": "order item", "object": "Turkey meatballs and tomato sauce - 1"}}]	11	12
1102	2025-08-11 17:10:58.536009+00	141	Dmytro Vyshnevskyi	2	[{"changed": {"fields": ["phone"]}}]	7	12
1103	2025-08-11 17:17:30.856318+00	146	Svetlana	1	[{"added": {}}]	7	12
1104	2025-08-11 17:23:26.161966+00	173	Order #173 by Svetlana	1	[{"added": {}}, {"added": {"name": "order item", "object": "Zucchini pancakes with garlic sour cream sauce. - 1"}}, {"added": {"name": "order item", "object": "Chicken soup with meatballs - 1"}}, {"added": {"name": "order item", "object": "Borsch with beef - 1"}}, {"added": {"name": "order item", "object": "Mushroom cream soup - 1"}}, {"added": {"name": "order item", "object": "Prepared chicken and cheese cutlets - 1"}}, {"added": {"name": "order item", "object": "Vegetable salad Vinaigrette - 1"}}, {"added": {"name": "order item", "object": "Olivie salad - 1"}}, {"added": {"name": "order item", "object": "Prepared cheesecakes - 1"}}, {"added": {"name": "order item", "object": "Salami smoked sausage - 2"}}, {"added": {"name": "order item", "object": "Grudinka(baked pork brisket) - 1"}}, {"added": {"name": "order item", "object": "Chicken dumplings - 1"}}, {"added": {"name": "order item", "object": "Pork and fried onions crepes - 1"}}]	11	12
1105	2025-08-11 17:26:43.727931+00	147	Vera Kozlovska	1	[{"added": {}}]	7	12
1106	2025-08-11 17:32:49.873278+00	174	Order #174 by Vera Kozlovska	1	[{"added": {}}, {"added": {"name": "order item", "object": "Meat pies(pork - beef) - 1"}}, {"added": {"name": "order item", "object": "Vegetable salad Vinaigrette - 1"}}, {"added": {"name": "order item", "object": "Shuba salad - 1"}}, {"added": {"name": "order item", "object": "Olivie salad - 1"}}, {"added": {"name": "order item", "object": "Barbecue chicken wings in bbq sauce - 1"}}, {"added": {"name": "order item", "object": "Barbecue pork with onions and vinegar - 1"}}, {"added": {"name": "order item", "object": "Crepes stuffed with chicken liver - 1"}}, {"added": {"name": "order item", "object": "Pork and fried onions crepes - 1"}}, {"added": {"name": "order item", "object": "Borsch sauce(frozen) - 1"}}, {"added": {"name": "order item", "object": "Pork dumplings - 1"}}]	11	12
1107	2025-08-11 17:35:06.490701+00	148	Alex Ternovoy	1	[{"added": {}}]	7	12
1108	2025-08-11 17:38:01.212383+00	175	Order #175 by Alex Ternovoy	1	[{"added": {}}, {"added": {"name": "order item", "object": "Honey cake with sour cream - 1"}}, {"added": {"name": "order item", "object": "Olivie salad - 1"}}, {"added": {"name": "order item", "object": "Dry-cured lard - 1"}}, {"added": {"name": "order item", "object": "Meat dumplings(pork - beef) - 1"}}, {"added": {"name": "order item", "object": "Vanilla cheesecakes - 1"}}, {"added": {"name": "order item", "object": "Potato dumplings - 1"}}, {"added": {"name": "order item", "object": "Crepes stuffed with beef and fried onions - 1"}}]	11	12
1109	2025-08-11 17:40:37.370989+00	176	Order #176 by Pavlenko Yuliia	1	[{"added": {}}, {"added": {"name": "order item", "object": "Napoleon cake - 1"}}]	11	12
1110	2025-08-11 17:43:44.633397+00	149	Tetiana Kostenko	1	[{"added": {}}]	7	12
1111	2025-08-11 17:48:08.685542+00	177	Order #177 by Tetiana Kostenko	1	[{"added": {}}, {"added": {"name": "order item", "object": "Stuffed pepper with chicken - 1"}}, {"added": {"name": "order item", "object": "Turkey meatballs and tomato sauce - 1"}}, {"added": {"name": "order item", "object": "Crepes stuffed with chicken and mushrooms - 1"}}, {"added": {"name": "order item", "object": "Beef dumplings - 1"}}, {"added": {"name": "order item", "object": "Chicken dumplings - 1"}}, {"added": {"name": "order item", "object": "Potato and mushrooms dumplings - 1"}}, {"added": {"name": "order item", "object": "Crepes stuffed with apple and cinnamon - 1"}}, {"added": {"name": "order item", "object": "Liver pancakes - 1"}}, {"added": {"name": "order item", "object": "Prepared chicken and cheese cutlets - 1"}}, {"added": {"name": "order item", "object": "Vanilla cheesecakes - 1"}}]	11	12
1112	2025-08-11 17:51:12.218891+00	150	Тetiana Minak	1	[{"added": {}}]	7	12
1113	2025-08-11 17:53:11.767052+00	178	Order #178 by Тetiana Minak	1	[{"added": {}}, {"added": {"name": "order item", "object": "Meat dumplings(pork - beef) - 1"}}, {"added": {"name": "order item", "object": "Turkey dumplings - 1"}}, {"added": {"name": "order item", "object": "Meat dumplings(pork - beef) varenyky - 1"}}, {"added": {"name": "order item", "object": "Potato and fried onion dumplings - 1"}}, {"added": {"name": "order item", "object": "Sweet cottage cheese dumplings - 1"}}]	11	12
1114	2025-08-11 17:53:14.733622+00	179	Order #179 by Тetiana Minak	1	[{"added": {}}, {"added": {"name": "order item", "object": "Meat dumplings(pork - beef) - 1"}}, {"added": {"name": "order item", "object": "Turkey dumplings - 1"}}, {"added": {"name": "order item", "object": "Meat dumplings(pork - beef) varenyky - 1"}}, {"added": {"name": "order item", "object": "Potato and fried onion dumplings - 1"}}, {"added": {"name": "order item", "object": "Sweet cottage cheese dumplings - 1"}}]	11	12
1116	2025-08-11 18:00:39.300787+00	168	Order #168 by David Sottaev	2	[{"changed": {"fields": ["Notes"]}}, {"added": {"name": "order item", "object": "Chicken chebureks - 2"}}, {"added": {"name": "order item", "object": "Homemade fried pork sausage - 2"}}, {"added": {"name": "order item", "object": "Mimosa salad - 1"}}]	11	12
1117	2025-08-11 18:06:25.018878+00	151	Inna Musiichuk	1	[{"added": {}}]	7	12
1118	2025-08-11 18:10:20.554173+00	180	Order #180 by Inna Musiichuk	1	[{"added": {}}, {"added": {"name": "order item", "object": "Beef dumplings - 6"}}, {"added": {"name": "order item", "object": "Vanilla sweet cottage cheese crepes - 3"}}, {"added": {"name": "order item", "object": "Crepes stuffed with chicken and mushrooms - 3"}}, {"added": {"name": "order item", "object": "Liver cake - 1"}}, {"added": {"name": "order item", "object": "Prepared sweet stuffed peppers - 2"}}]	11	12
1119	2025-08-11 18:10:26.900263+00	181	Order #181 by Inna Musiichuk	1	[{"added": {}}, {"added": {"name": "order item", "object": "Beef dumplings - 6"}}, {"added": {"name": "order item", "object": "Vanilla sweet cottage cheese crepes - 3"}}, {"added": {"name": "order item", "object": "Crepes stuffed with chicken and mushrooms - 3"}}, {"added": {"name": "order item", "object": "Liver cake - 1"}}, {"added": {"name": "order item", "object": "Prepared sweet stuffed peppers - 2"}}]	11	12
1120	2025-08-11 18:11:20.059127+00	181	Order #181 by Inna Musiichuk	3		11	12
1121	2025-08-11 18:13:56.438628+00	180	Order #180 by Inna Musiichuk	2	[{"changed": {"fields": ["Delivery fee manual", "Delivery fee"]}}]	11	12
1122	2025-08-11 18:21:04.721317+00	152	Vafa Imanova	1	[{"added": {}}]	7	12
1123	2025-08-11 18:22:26.014822+00	182	Order #182 by Vafa Imanova	1	[{"added": {}}, {"added": {"name": "order item", "object": "Beef dumplings - 1"}}, {"added": {"name": "order item", "object": "Mushroom cabbage rolls - 1"}}, {"added": {"name": "order item", "object": "Liver pancakes - 1"}}]	11	12
1124	2025-08-11 18:25:17.553686+00	153	Mariana Kostyshyn	1	[{"added": {}}]	7	12
1125	2025-08-12 08:46:05.399417+00	154	Natali Tspi	1	[{"added": {}}]	7	12
1126	2025-08-12 20:21:50.939217+00	155	Liga Slizevska	1	[{"added": {}}]	7	12
1127	2025-08-12 20:23:20.603209+00	183	Order #183 by Liga Slizevska	1	[{"added": {}}, {"added": {"name": "order item", "object": "Meat cutlets(pork - beef) - 1"}}, {"added": {"name": "order item", "object": "Olivie salad - 1"}}, {"added": {"name": "order item", "object": "Borsch with beef - 1"}}, {"added": {"name": "order item", "object": "Meat chebureks(pork - beef) - 1"}}]	11	12
1128	2025-08-12 20:24:38.720448+00	155	Liga Slizevska	2	[{"changed": {"fields": ["City"]}}]	7	12
1129	2025-08-12 20:25:19.804846+00	183	Order #183 by Liga Slizevska	2	[{"changed": {"name": "order item", "object": "Prepared meat cutlets(pork - beef) - 1.00", "fields": ["Product"]}}]	11	12
1130	2025-08-12 20:43:49.706097+00	184	Order #184 by Mariana Kostyshyn	1	[{"added": {}}, {"added": {"name": "order item", "object": "Ukrainian lard - 1"}}, {"added": {"name": "order item", "object": "Marinated champignons - 1"}}, {"added": {"name": "order item", "object": "Potato roast with beef, mushrooms and cheese - 1"}}, {"added": {"name": "order item", "object": "Prepared turkey cutlets - 1"}}, {"added": {"name": "order item", "object": "Beef aspic holodez - 1"}}, {"added": {"name": "order item", "object": "Lasagna - 1"}}, {"added": {"name": "order item", "object": "Chicken liver pate - 1"}}, {"added": {"name": "order item", "object": "Napoleon cake - 1"}}, {"added": {"name": "order item", "object": "Crepes stuffed with beef and fried onions - 1"}}]	11	12
1131	2025-08-12 20:52:45.641851+00	156	Butkevych Yullia	1	[{"added": {}}]	7	12
1132	2025-08-12 20:54:44.630915+00	185	Order #185 by Butkevych Yullia	1	[{"added": {}}, {"added": {"name": "order item", "object": "Turkey dumplings - 1"}}, {"added": {"name": "order item", "object": "Meat dumplings(pork - beef) - 1"}}, {"added": {"name": "order item", "object": "Potato dumplings - 1"}}, {"added": {"name": "order item", "object": "Chicken cutlets - 1"}}, {"added": {"name": "order item", "object": "Turkey Jerky - 1"}}, {"added": {"name": "order item", "object": "Beef Jerky - 1"}}]	11	12
1133	2025-08-12 21:00:26.58301+00	186	Order #186 by Stanislav Sokolov	1	[{"added": {}}, {"added": {"name": "order item", "object": "Beef aspic holodez - 1"}}, {"added": {"name": "order item", "object": "Aubergine saut\\u00e9 - 1"}}, {"added": {"name": "order item", "object": "Korean carrots - 1"}}, {"added": {"name": "order item", "object": "Cottage cheese raspberries casserole - 1"}}, {"added": {"name": "order item", "object": "Mini quiche with chicken, mushrooms and cheese - 1"}}, {"added": {"name": "order item", "object": "Tongue delicacy - 1"}}, {"added": {"name": "order item", "object": "Premium beef sausages - 1"}}, {"added": {"name": "order item", "object": "Crepes stuffed with chicken liver - 1"}}, {"added": {"name": "order item", "object": "Salted cottage cheese dumplings - 1"}}]	11	12
1134	2025-08-12 21:04:11.878187+00	157	Alona Sorokina	1	[{"added": {}}]	7	12
1135	2025-08-12 21:05:29.870447+00	187	Order #187 by Alona Sorokina	1	[{"added": {}}, {"added": {"name": "order item", "object": "Beef dumplings - 1"}}, {"added": {"name": "order item", "object": "Potato and fried onion dumplings - 1"}}, {"added": {"name": "order item", "object": "Vanilla sweet cottage cheese crepes - 1"}}]	11	12
1136	2025-08-12 21:09:43.814195+00	184	Order #184 by Mariana Kostyshyn	2	[{"changed": {"fields": ["Status"]}}]	11	12
1137	2025-08-12 21:13:18.66152+00	158	Alessia Jarvis	1	[{"added": {}}]	7	12
1138	2025-08-12 21:14:48.19705+00	188	Order #188 by Alessia Jarvis	1	[{"added": {}}, {"added": {"name": "order item", "object": "Coffee Tiramisu(No alcohol) - 1"}}, {"added": {"name": "order item", "object": "Quiche pie with salmon, toms and broccoli - 1"}}, {"added": {"name": "order item", "object": "Pancakes with raspberries and chocolate - 1"}}]	11	12
1139	2025-08-12 21:17:37.965081+00	159	Nataliia Trybel	1	[{"added": {}}]	7	12
1140	2025-08-12 21:18:17.151304+00	189	Order #189 by Nataliia Trybel	1	[{"added": {}}, {"added": {"name": "order item", "object": "Vanilla cheesecakes - 3"}}]	11	12
1141	2025-08-12 21:57:36.348423+00	189	Order #189 by Nataliia Trybel	2	[{"changed": {"fields": ["Status"]}}]	11	12
1142	2025-08-13 09:25:25.538827+00	160	Matiytsev Tetyana	1	[{"added": {}}]	7	12
1143	2025-08-13 09:26:31.060205+00	190	Order #190 by Matiytsev Tetyana	1	[{"added": {}}, {"added": {"name": "order item", "object": "Turkey dumplings - 2"}}, {"added": {"name": "order item", "object": "Potato pancakes with mushroom sauce - 1"}}]	11	12
1144	2025-08-13 09:28:15.251776+00	191	Order #191 by Maria Khokhlova	1	[{"added": {}}, {"added": {"name": "order item", "object": "Vanilla cheesecakes - 2"}}]	11	12
1145	2025-08-13 09:30:02.35197+00	161	Lena Gorban	1	[{"added": {}}]	7	12
1168	2025-08-14 10:14:20.572097+00	201	Order #201 by Irina Pietrushka	1	[{"added": {}}, {"added": {"name": "order item", "object": "Meat dumplings(pork - beef) - 1"}}, {"added": {"name": "order item", "object": "Pork dumplings - 1"}}, {"added": {"name": "order item", "object": "Turkey dumplings - 1"}}, {"added": {"name": "order item", "object": "Homemade fried pork sausage - 1"}}, {"added": {"name": "order item", "object": "Pork sausages with cheese - 1"}}, {"added": {"name": "order item", "object": "Grudinka(baked pork brisket) - 1"}}]	11	12
1146	2025-08-13 09:34:14.769563+00	192	Order #192 by Lena Gorban	1	[{"added": {}}, {"added": {"name": "order item", "object": "Sweet cottage cheese dumplings - 1"}}, {"added": {"name": "order item", "object": "Crepes stuffed with chicken and cheese - 2"}}, {"added": {"name": "order item", "object": "Aubergine rolls stuffed with cream cheese and garlic - 1"}}, {"added": {"name": "order item", "object": "Prepared chicken meatballs with cream sauce - 1"}}, {"added": {"name": "order item", "object": "Coffee Tiramisu(No alcohol) - 1"}}, {"added": {"name": "order item", "object": "Vienna sausages in natural casing - 1"}}, {"added": {"name": "order item", "object": "Tongue delicacy - 1"}}, {"added": {"name": "order item", "object": "Grudinka(baked pork brisket) - 1"}}, {"added": {"name": "order item", "object": "Poppy seeds buns - 1"}}]	11	12
1147	2025-08-13 09:38:27.116405+00	162	Yuliia Prots	1	[{"added": {}}]	7	12
1148	2025-08-13 09:46:37.608411+00	193	Order #193 by Yuliia Prots	1	[{"added": {}}, {"added": {"name": "order item", "object": "Cherry dumplings - 1"}}, {"added": {"name": "order item", "object": "Chicken dumplings - 1"}}, {"added": {"name": "order item", "object": "Meat cabbage rolls(pork - beef) - 1"}}, {"added": {"name": "order item", "object": "Vanilla cheesecakes - 1"}}, {"added": {"name": "order item", "object": "Potato dumplings - 1"}}, {"added": {"name": "order item", "object": "Ukrainian lard - 1"}}, {"added": {"name": "order item", "object": "Grudinka(baked pork brisket) - 1"}}, {"added": {"name": "order item", "object": "Turkey Jerky - 1"}}, {"added": {"name": "order item", "object": "Beef Jerky - 1"}}, {"added": {"name": "order item", "object": "Smoked sausage Cervelat - 1"}}]	11	12
1149	2025-08-13 11:28:52.191519+00	163	Anastasia Bagley-Murray	1	[{"added": {}}]	7	12
1150	2025-08-13 11:32:33.396327+00	194	Order #194 by Anastasia Bagley-Murray	1	[{"added": {}}, {"added": {"name": "order item", "object": "Cabbage rolls stuffed with beef - 2"}}, {"added": {"name": "order item", "object": "Turkey cabbage rolls - 1"}}, {"added": {"name": "order item", "object": "Stuffed pepper with turkey - 1"}}, {"added": {"name": "order item", "object": "Crepes stuffed with chicken and mushrooms - 1"}}, {"added": {"name": "order item", "object": "Turkey meatballs and tomato sauce - 2"}}, {"added": {"name": "order item", "object": "Zucchini pancakes with garlic sour cream sauce. - 1"}}, {"added": {"name": "order item", "object": "Potato pancakes with mushroom sauce - 1"}}, {"added": {"name": "order item", "object": "Olivie salad - 1"}}, {"added": {"name": "order item", "object": "Beef Jerky - 1"}}, {"added": {"name": "order item", "object": "Tongue delicacy - 1"}}, {"added": {"name": "order item", "object": "Dry-cured turkey - 1"}}]	11	12
1151	2025-08-13 11:34:47.042501+00	194	Order #194 by Anastasia Bagley-Murray	2	[]	11	12
1152	2025-08-13 16:04:17.593183+00	164	Jevgenijs Torcikovs	1	[{"added": {}}]	7	12
1153	2025-08-13 16:07:46.685175+00	195	Order #195 by Jevgenijs Torcikovs	1	[{"added": {}}, {"added": {"name": "order item", "object": "Potato and mushrooms dumplings - 1"}}, {"added": {"name": "order item", "object": "Blueberry dumplings - 1"}}, {"added": {"name": "order item", "object": "Cherry dumplings - 1"}}, {"added": {"name": "order item", "object": "Sweet cottage cheese dumplings - 1"}}, {"added": {"name": "order item", "object": "Chicken chebureks - 1"}}, {"added": {"name": "order item", "object": "Vanilla cheesecakes - 1"}}, {"added": {"name": "order item", "object": "Homemade pork and beef sausage - 1"}}, {"added": {"name": "order item", "object": "Homemade chicken sausage - 1"}}, {"added": {"name": "order item", "object": "Strawberry Tiramisu(No alcohol) - 1"}}, {"added": {"name": "order item", "object": "Premium beef sausages - 1"}}, {"added": {"name": "order item", "object": "Vienna sausages in natural casing - 1"}}]	11	12
1154	2025-08-13 16:11:21.155434+00	170	Order #170 by Lana Kravchenko	2	[{"changed": {"fields": ["Status"]}}]	11	12
1155	2025-08-13 16:27:51.673475+00	165	Jevgenija Rumjanceva	1	[{"added": {}}]	7	12
1156	2025-08-13 16:31:30.256912+00	196	Order #196 by Jevgenija Rumjanceva	1	[{"added": {}}, {"added": {"name": "order item", "object": "Potato and fried onion dumplings - 1"}}, {"added": {"name": "order item", "object": "Sweet cottage cheese dumplings - 1"}}, {"added": {"name": "order item", "object": "Meat cabbage rolls(pork - beef) - 2"}}, {"added": {"name": "order item", "object": "Pork and fried onions crepes - 1"}}, {"added": {"name": "order item", "object": "Vanilla sweet cottage cheese crepes - 1"}}, {"added": {"name": "order item", "object": "Vanilla cheesecakes - 1"}}, {"added": {"name": "order item", "object": "Meat cutlets(pork - beef) - 2"}}, {"added": {"name": "order item", "object": "Chicken liver pate - 1"}}, {"added": {"name": "order item", "object": "Cottage cheese raspberries casserole - 1"}}]	11	12
1157	2025-08-13 18:34:57.818644+00	166	Vjaceslavs Geiko	1	[{"added": {}}]	7	12
1158	2025-08-13 18:37:59.948354+00	197	Order #197 by Vjaceslavs Geiko	1	[{"added": {}}, {"added": {"name": "order item", "object": "Pies stuffed with cabbage - 1"}}, {"added": {"name": "order item", "object": "Beef Jerky - 2"}}, {"added": {"name": "order item", "object": "Turkey Jerky - 2"}}, {"added": {"name": "order item", "object": "Meat chebureks(pork - beef) - 1"}}, {"added": {"name": "order item", "object": "Pork dumplings - 1"}}, {"added": {"name": "order item", "object": "Turkey dumplings - 1"}}]	11	12
1159	2025-08-13 18:51:55.532222+00	167	Maryna Linda	1	[{"added": {}}]	7	12
1160	2025-08-13 18:54:10.844947+00	198	Order #198 by Maryna Linda	1	[{"added": {}}, {"added": {"name": "order item", "object": "Prepared chicken and cheese cutlets - 1"}}, {"added": {"name": "order item", "object": "Vanilla sweet cottage cheese crepes - 1"}}, {"added": {"name": "order item", "object": "Meat dumplings(pork - beef) - 1"}}, {"added": {"name": "order item", "object": "Potato and fried onion dumplings - 1"}}]	11	12
1161	2025-08-13 18:59:04.288597+00	199	Order #199 by Natali Tspi	1	[{"added": {}}, {"added": {"name": "order item", "object": "Cabbage rolls stuffed with beef - 2"}}, {"added": {"name": "order item", "object": "Crepes stuffed with beef and fried onions - 2"}}, {"added": {"name": "order item", "object": "Orange cottage cheese casserole - 1"}}, {"added": {"name": "order item", "object": "Pies stuffed with cabbage - 1"}}, {"added": {"name": "order item", "object": "Pies with apple - 1"}}]	11	12
1162	2025-08-13 19:20:18.529787+00	168	Daria Ison	1	[{"added": {}}]	7	12
1163	2025-08-13 19:22:02.271256+00	200	Order #200 by Daria Ison	1	[{"added": {}}, {"added": {"name": "order item", "object": "Meat dumplings(pork - beef) - 5"}}, {"added": {"name": "order item", "object": "Meat cabbage rolls(pork - beef) - 1"}}, {"added": {"name": "order item", "object": "Chicken cutlets - 1"}}, {"added": {"name": "order item", "object": "Borsch sauce(frozen) - 3"}}]	11	12
1164	2025-08-14 09:11:13.445192+00	190	Order #190 by Matiytsev Tetyana	3		11	12
1165	2025-08-14 10:10:16.036749+00	169	Petrushka Iryna	1	[{"added": {}}]	7	12
1166	2025-08-14 10:11:50.492468+00	169	Irina Pietrushka	2	[{"changed": {"fields": ["name", "City"]}}]	7	12
1167	2025-08-14 10:12:02.274801+00	169	Irina Pietrushka	2	[]	7	12
1169	2025-08-14 10:18:03.340941+00	201	Order #201 by Irina Pietrushka	3		11	12
1170	2025-08-14 10:19:01.720647+00	199	Order #199 by Natali Tspi	2	[{"deleted": {"name": "order item", "object": "Pies stuffed with cabbage - 1.00"}}, {"deleted": {"name": "order item", "object": "Pies with apple - 1.00"}}]	11	12
1171	2025-08-14 10:22:03.449061+00	197	Order #197 by Vjaceslavs Geiko	2	[{"deleted": {"name": "order item", "object": "Pies stuffed with cabbage - 1.00"}}]	11	12
1172	2025-08-14 10:24:56.716882+00	192	Order #192 by Lena Gorban	2	[{"deleted": {"name": "order item", "object": "Poppy seeds buns - 1.00"}}]	11	12
1173	2025-08-14 10:26:34.254709+00	199	Order #199 by Natali Tspi	2	[{"added": {"name": "order item", "object": "Vanilla cheesecakes - 1"}}]	11	12
1174	2025-08-14 10:36:38.749925+00	199	Order #199 by Natali Tspi	2	[{"added": {"name": "order item", "object": "Crepes stuffed with chicken liver - 1"}}, {"changed": {"name": "order item", "object": "Crepes stuffed with chicken and cheese - 1", "fields": ["Product", "Quantity"]}}]	11	12
1175	2025-08-14 10:39:27.961737+00	197	Order #197 by Vjaceslavs Geiko	2	[{"added": {"name": "order item", "object": "Borsch with beef - 1"}}, {"added": {"name": "order item", "object": "Salmon crepes with cream cheese - 1"}}]	11	12
1176	2025-08-14 10:40:01.369751+00	199	Order #199 by Natali Tspi	2	[{"added": {"name": "order item", "object": "Crepes stuffed with beef and fried onions - 1"}}]	11	12
1177	2025-08-14 10:53:53.778389+00	170	Order #170 by Lana Kravchenko	2	[{"deleted": {"name": "order item", "object": "Pies stuffed with cabbage - 2.00"}}, {"deleted": {"name": "order item", "object": "Sausage in dough - 1.00"}}]	11	12
1178	2025-08-14 11:09:59.873971+00	172	Order #172 by Stacy Jarvis	2	[{"changed": {"name": "order item", "object": "Borsch with beef - 1.00", "fields": ["Product"]}}]	11	12
1179	2025-08-14 16:27:14.412254+00	170	Varvara Deliuk	1	[{"added": {}}]	7	12
1180	2025-08-14 16:28:33.49871+00	202	Order #202 by Varvara Deliuk	1	[{"added": {}}, {"added": {"name": "order item", "object": "Premium beef sausages - 1"}}, {"added": {"name": "order item", "object": "Orange cottage cheese casserole - 1"}}, {"added": {"name": "order item", "object": "Prepared turkey cutlets - 1"}}, {"added": {"name": "order item", "object": "Prepared meatballs with tomato sauce - 1"}}]	11	12
1181	2025-08-14 16:28:35.221629+00	203	Order #203 by Varvara Deliuk	1	[{"added": {}}, {"added": {"name": "order item", "object": "Premium beef sausages - 1"}}, {"added": {"name": "order item", "object": "Orange cottage cheese casserole - 1"}}, {"added": {"name": "order item", "object": "Prepared turkey cutlets - 1"}}, {"added": {"name": "order item", "object": "Prepared meatballs with tomato sauce - 1"}}]	11	12
1182	2025-08-14 16:28:55.426796+00	203	Order #203 by Varvara Deliuk	3		11	12
1183	2025-08-14 17:09:30.469652+00	171	Ainura Dalbaeva	1	[{"added": {}}]	7	12
1184	2025-08-14 17:12:03.133911+00	204	Order #204 by Ainura Dalbaeva	1	[{"added": {}}, {"added": {"name": "order item", "object": "Stuffed pepper with beef - 2"}}, {"added": {"name": "order item", "object": "Beef dumplings - 2"}}, {"added": {"name": "order item", "object": "Cabbage rolls stuffed with beef - 2"}}, {"added": {"name": "order item", "object": "Chicken meatballs and tomato sauce - 1"}}, {"added": {"name": "order item", "object": "Vanilla cheesecakes - 1"}}, {"added": {"name": "order item", "object": "Crepes stuffed with beef and fried onions - 1"}}, {"added": {"name": "order item", "object": "Olivie salad - 1"}}, {"added": {"name": "order item", "object": "Shuba salad - 1"}}]	11	12
1185	2025-08-14 20:22:37.530427+00	172	Olga Kombeiz	1	[{"added": {}}]	7	12
1186	2025-08-14 20:24:26.509337+00	205	Order #205 by Olga Kombeiz	1	[{"added": {}}, {"added": {"name": "order item", "object": "Prepared chicken and cheese cutlets - 1"}}, {"added": {"name": "order item", "object": "Honey cake with sour cream - 1"}}, {"added": {"name": "order item", "object": "Chicken chebureks - 1"}}, {"added": {"name": "order item", "object": "Chicken and cheese chebureks - 1"}}]	11	12
1187	2025-08-14 20:28:00.884326+00	202	Order #202 by Varvara Deliuk	2	[{"changed": {"fields": ["Status"]}}]	11	12
1188	2025-08-14 20:28:00.886751+00	191	Order #191 by Maria Khokhlova	2	[{"changed": {"fields": ["Status"]}}]	11	12
1189	2025-08-14 20:44:00.182446+00	173	Irina Prishchepa	1	[{"added": {}}]	7	12
1190	2025-08-14 20:47:40.803282+00	206	Order #206 by Irina Prishchepa	1	[{"added": {}}, {"added": {"name": "order item", "object": "Meat chebureks(pork - beef) - 1"}}, {"added": {"name": "order item", "object": "Cherry dumplings - 1"}}, {"added": {"name": "order item", "object": "Pork dumplings - 1"}}, {"added": {"name": "order item", "object": "Meat cabbage rolls(pork - beef) - 1"}}, {"added": {"name": "order item", "object": "Crepes stuffed with apple and cinnamon - 1"}}, {"added": {"name": "order item", "object": "Crepes stuffed with chicken liver - 1"}}, {"added": {"name": "order item", "object": "Potato and fried onion dumplings - 1"}}, {"added": {"name": "order item", "object": "Premium pork sausages - 1"}}, {"added": {"name": "order item", "object": "Liver pancakes - 1"}}]	11	12
1191	2025-08-14 20:50:35.391608+00	206	Order #206 by Irina Prishchepa	2	[{"added": {"name": "order item", "object": "Napoleon cake - 1"}}]	11	12
1192	2025-08-14 20:51:49.156221+00	206	Order #206 by Irina Prishchepa	2	[{"added": {"name": "order item", "object": "Prepared chicken meatballs with cream sauce - 1"}}]	11	12
1193	2025-08-14 20:54:12.794069+00	206	Order #206 by Irina Prishchepa	2	[{"changed": {"fields": ["Status"]}}]	11	12
1194	2025-08-15 09:03:43.766265+00	207	Order #207 by Oksana Daudova	1	[{"added": {}}, {"added": {"name": "order item", "object": "Prepared chicken and cheese cutlets - 1"}}, {"added": {"name": "order item", "object": "Meat cabbage rolls(pork - beef) - 1"}}, {"added": {"name": "order item", "object": "Beef dumplings - 1"}}, {"added": {"name": "order item", "object": "Beef cutlets - 1"}}]	11	12
1195	2025-08-15 09:03:45.632938+00	208	Order #208 by Oksana Daudova	1	[{"added": {}}, {"added": {"name": "order item", "object": "Prepared chicken and cheese cutlets - 1"}}, {"added": {"name": "order item", "object": "Meat cabbage rolls(pork - beef) - 1"}}, {"added": {"name": "order item", "object": "Beef dumplings - 1"}}, {"added": {"name": "order item", "object": "Beef cutlets - 1"}}]	11	12
1196	2025-08-15 09:04:02.420822+00	208	Order #208 by Oksana Daudova	3		11	12
1197	2025-08-15 09:04:24.668603+00	189	Order #189 by Nataliia Trybel	2	[{"changed": {"fields": ["Delivery date"]}}]	11	12
1198	2025-08-15 09:27:05.625639+00	206	Order #206 by Irina Prishchepa	2	[{"changed": {"name": "order item", "object": "Liver cake - 1.00", "fields": ["Product"]}}]	11	12
1199	2025-08-15 10:17:19.351222+00	186	Order #186 by Stanislav Sokolov	2	[{"changed": {"fields": ["Notes"]}}]	11	12
1200	2025-08-15 10:18:21.3466+00	186	Order #186 by Stanislav Sokolov	2	[{"changed": {"fields": ["Delivery fee manual", "Delivery fee"]}}]	11	12
1201	2025-08-15 15:53:54.537605+00	192	Order #192 by Lena Gorban	2	[{"changed": {"name": "order item", "object": "Pork sausages with cheese - 1.00", "fields": ["Product"]}}]	11	12
1202	2025-08-15 15:58:47.041837+00	192	Order #192 by Lena Gorban	2	[{"added": {"name": "order item", "object": "Cherry cottage cheese casserole - 1"}}]	11	12
1203	2025-08-15 16:44:40.527772+00	195	Order #195 by Jevgenijs Torcikovs	2	[{"changed": {"name": "order item", "object": "Smoked sausages Okhotnychi - 1.00", "fields": ["Product"]}}]	11	12
1204	2025-08-15 17:15:42.084579+00	200	Order #200 by Daria Ison	2	[{"changed": {"fields": ["Status"]}}]	11	12
1205	2025-08-15 18:54:25.952951+00	48	Oksana Daudova	2	[{"changed": {"fields": ["Postal Code"]}}]	7	12
1206	2025-08-15 18:55:25.722052+00	209	Order #209 by Natalia Fomina	1	[{"added": {}}, {"added": {"name": "order item", "object": "Prepared turkey cutlets - 2"}}, {"added": {"name": "order item", "object": "Vegetable salad Vinaigrette - 2"}}]	11	12
1207	2025-08-15 20:18:30.580937+00	174	Mykhailo Yeromenko	1	[{"added": {}}]	7	12
1208	2025-08-15 20:19:58.972007+00	210	Order #210 by Mykhailo Yeromenko	1	[{"added": {}}, {"added": {"name": "order item", "object": "Meat dumplings(pork - beef) - 2"}}, {"added": {"name": "order item", "object": "Cherry dumplings - 1"}}, {"added": {"name": "order item", "object": "Salami smoked sausage - 1"}}]	11	12
1209	2025-08-16 16:17:46.24808+00	188	Order #188 by Alessia Jarvis	2	[{"changed": {"name": "order item", "object": "Vanilla sweet cottage cheese crepes - 1.00", "fields": ["Product"]}}]	11	12
1210	2025-08-16 18:12:57.42398+00	186	Order #186 by Stanislav Sokolov	2	[{"changed": {"fields": ["Delivery date"]}}]	11	12
1211	2025-08-16 19:44:56.756319+00	171	Ainura Dalbaeva	2	[{"changed": {"fields": ["Address Line"]}}]	7	12
1212	2025-08-16 19:46:44.014978+00	209	Order #209 by Natalia Fomina	2	[{"changed": {"fields": ["Delivery fee manual", "Delivery fee"]}}, {"changed": {"name": "order item", "object": "Prepared turkey cutlets - 1", "fields": ["Quantity"]}}, {"changed": {"name": "order item", "object": "Vegetable salad Vinaigrette - 1", "fields": ["Quantity"]}}]	11	12
1213	2025-08-16 19:47:06.404992+00	209	Order #209 by Natalia Fomina	2	[{"changed": {"fields": ["Status"]}}]	11	12
1214	2025-08-16 19:47:06.409608+00	204	Order #204 by Ainura Dalbaeva	2	[{"changed": {"fields": ["Status"]}}]	11	12
1215	2025-08-16 19:49:00.421836+00	210	Order #210 by Mykhailo Yeromenko	2	[{"changed": {"fields": ["Status"]}}]	11	12
1216	2025-08-16 19:49:41.326467+00	182	Order #182 by Vafa Imanova	2	[{"changed": {"fields": ["Status"]}}]	11	12
1217	2025-08-17 12:03:07.895979+00	196	Order #196 by Jevgenija Rumjanceva	2	[{"changed": {"fields": ["Status"]}}]	11	12
1218	2025-08-17 12:03:07.899976+00	192	Order #192 by Lena Gorban	2	[{"changed": {"fields": ["Status"]}}]	11	12
1219	2025-08-17 12:03:07.903674+00	183	Order #183 by Liga Slizevska	2	[{"changed": {"fields": ["Status"]}}]	11	12
1220	2025-08-17 12:03:07.907243+00	168	Order #168 by David Sottaev	2	[{"changed": {"fields": ["Status"]}}]	11	12
1221	2025-08-17 12:03:56.290278+00	178	Order #178 by Тetiana Minak	2	[{"changed": {"fields": ["Status"]}}]	11	12
1222	2025-08-17 12:04:26.484646+00	171	Order #171 by Ksenia Fonina	2	[{"changed": {"fields": ["Status"]}}]	11	12
1223	2025-08-17 12:05:06.707496+00	198	Order #198 by Maryna Linda	2	[{"changed": {"fields": ["Status"]}}]	11	12
1224	2025-08-17 12:08:18.062438+00	175	Elizaveta Slyva	1	[{"added": {}}]	7	12
1225	2025-08-17 12:16:21.981447+00	211	Order #211 by Elizaveta Slyva	1	[{"added": {}}, {"added": {"name": "order item", "object": "Cherry dumplings - 1"}}, {"added": {"name": "order item", "object": "Crepes stuffed with beef and fried onions - 1"}}, {"added": {"name": "order item", "object": "Beef dumplings - 1"}}, {"added": {"name": "order item", "object": "Lamb dumplings - 1"}}, {"added": {"name": "order item", "object": "Honey cake with sour cream - 1"}}]	11	12
1226	2025-08-17 15:42:15.883442+00	197	Order #197 by Vjaceslavs Geiko	2	[{"changed": {"fields": ["Status"]}}]	11	12
1227	2025-08-17 15:42:15.887231+00	187	Order #187 by Alona Sorokina	2	[{"changed": {"fields": ["Status"]}}]	11	12
1228	2025-08-17 15:44:47.733481+00	167	Order #167 by Dmytro Vyshnevskyi	2	[{"changed": {"fields": ["Status"]}}]	11	12
1229	2025-08-17 15:45:04.075817+00	185	Order #185 by Butkevych Yullia	2	[{"changed": {"fields": ["Status"]}}]	11	12
1230	2025-08-17 15:46:45.75262+00	172	Order #172 by Stacy Jarvis	2	[{"changed": {"fields": ["Status"]}}]	11	12
1231	2025-08-17 15:47:19.355185+00	188	Order #188 by Alessia Jarvis	2	[{"changed": {"fields": ["Status"]}}]	11	12
1232	2025-08-17 18:41:21.612182+00	174	Order #174 by Vera Kozlovska	2	[{"deleted": {"name": "order item", "object": "Meat pies(pork - beef) - 1.00"}}]	11	12
1233	2025-08-17 18:42:54.420814+00	195	Order #195 by Jevgenijs Torcikovs	2	[{"changed": {"fields": ["Status"]}}]	11	12
1234	2025-08-17 18:43:09.647832+00	199	Order #199 by Natali Tspi	2	[{"changed": {"fields": ["Status"]}}]	11	12
1235	2025-08-17 18:44:11.873143+00	194	Order #194 by Anastasia Bagley-Murray	2	[{"changed": {"fields": ["Status"]}}]	11	12
1236	2025-08-18 08:55:44.135605+00	205	Order #205 by Olga Kombeiz	2	[{"changed": {"fields": ["Status"]}}]	11	12
1237	2025-08-18 08:55:44.137829+00	180	Order #180 by Inna Musiichuk	2	[{"changed": {"fields": ["Status"]}}]	11	12
1238	2025-08-18 08:55:44.141509+00	173	Order #173 by Svetlana	2	[{"changed": {"fields": ["Status"]}}]	11	12
1239	2025-08-18 08:56:29.652791+00	169	Order #169 by Boroy Lyudmila	2	[{"changed": {"fields": ["Status"]}}]	11	12
1240	2025-08-18 12:24:44.980422+00	212	Order #212 by Roman Maslov	1	[{"added": {}}, {"added": {"name": "order item", "object": "Crepes stuffed with apple and cinnamon - 1"}}, {"added": {"name": "order item", "object": "Crepes stuffed with beef and fried onions - 1"}}, {"added": {"name": "order item", "object": "Vanilla cheesecakes - 1"}}, {"added": {"name": "order item", "object": "Mushrooms and fried onions crepes - 1"}}, {"added": {"name": "order item", "object": "Strawberry Tiramisu(No alcohol) - 1"}}, {"added": {"name": "order item", "object": "Orange cottage cheese casserole - 1"}}, {"added": {"name": "order item", "object": "Quiche pie with chicken, mushrooms and cheese - 1"}}, {"added": {"name": "order item", "object": "Quiche pie with salmon, toms and broccoli - 1"}}, {"added": {"name": "order item", "object": "Crab salad - 1"}}, {"added": {"name": "order item", "object": "Olivie salad - 1"}}]	11	12
1241	2025-08-18 12:32:22.447725+00	176	Suzanna Levina	1	[{"added": {}}]	7	12
1242	2025-08-18 12:35:14.928502+00	213	Order #213 by Suzanna Levina	1	[{"added": {}}, {"added": {"name": "order item", "object": "Crepes stuffed with apple and cinnamon - 3"}}, {"added": {"name": "order item", "object": "Vanilla cheesecakes - 3"}}, {"added": {"name": "order item", "object": "Premium beef sausages - 1"}}, {"added": {"name": "order item", "object": "Cabbage rolls stuffed with chicken - 2"}}, {"added": {"name": "order item", "object": "Crepes stuffed with chicken and mushrooms - 2"}}]	11	12
1243	2025-08-18 12:35:16.756889+00	214	Order #214 by Suzanna Levina	1	[{"added": {}}, {"added": {"name": "order item", "object": "Crepes stuffed with apple and cinnamon - 3"}}, {"added": {"name": "order item", "object": "Vanilla cheesecakes - 3"}}, {"added": {"name": "order item", "object": "Premium beef sausages - 1"}}, {"added": {"name": "order item", "object": "Cabbage rolls stuffed with chicken - 2"}}, {"added": {"name": "order item", "object": "Crepes stuffed with chicken and mushrooms - 2"}}]	11	12
1244	2025-08-18 12:35:44.913681+00	214	Order #214 by Suzanna Levina	3		11	12
1245	2025-08-18 12:42:07.741166+00	177	Oksana Lapina	1	[{"added": {}}]	7	12
1345	2025-08-22 19:22:30.719798+00	217	Order #217 by Andrii Semenenko	2	[{"changed": {"fields": ["Status"]}}]	11	12
1246	2025-08-18 12:45:12.258884+00	215	Order #215 by Oksana Lapina	1	[{"added": {}}, {"added": {"name": "order item", "object": "Honey cake with sour cream - 2"}}, {"added": {"name": "order item", "object": "Salmon crepes with cream cheese - 2"}}, {"added": {"name": "order item", "object": "Butter crepes - 1"}}, {"added": {"name": "order item", "object": "Crepes stuffed with chicken and cheese - 1"}}]	11	12
1247	2025-08-19 16:45:07.940677+00	216	Order #216 by Ksenia Blake	1	[{"added": {}}, {"added": {"name": "order item", "object": "Crepes stuffed with apple and cinnamon - 1"}}, {"added": {"name": "order item", "object": "Sweet cottage cheese and blueberries crepes - 1"}}, {"added": {"name": "order item", "object": "Chicken and cheese chebureks - 1"}}]	11	12
1248	2025-08-19 16:51:00.473225+00	175	Order #175 by Alex Ternovoy	2	[{"changed": {"fields": ["Notes"]}}]	11	12
1249	2025-08-19 16:51:14.903079+00	176	Order #176 by Pavlenko Yuliia	2	[{"changed": {"fields": ["Notes"]}}]	11	12
1250	2025-08-19 16:53:37.799071+00	178	Andrii Semenenko	1	[{"added": {}}]	7	12
1251	2025-08-19 16:58:09.871998+00	217	Order #217 by Andrii Semenenko	1	[{"added": {}}, {"added": {"name": "order item", "object": "Pork dumplings - 3"}}, {"added": {"name": "order item", "object": "Meat dumplings(pork - beef) - 1"}}, {"added": {"name": "order item", "object": "Potato and mushrooms dumplings - 1"}}, {"added": {"name": "order item", "object": "Meat chebureks(pork - beef) - 1"}}, {"added": {"name": "order item", "object": "Homemade pork and beef sausage. - 1"}}, {"added": {"name": "order item", "object": "Homemade chicken sausage - 1"}}]	11	12
1252	2025-08-19 17:03:51.98721+00	179	Julia	1	[{"added": {}}]	7	12
1253	2025-08-19 17:07:01.159329+00	218	Order #218 by Julia	1	[{"added": {}}, {"added": {"name": "order item", "object": "Cherry dumplings - 2"}}, {"added": {"name": "order item", "object": "Meat dumplings(pork - beef) - 3"}}, {"added": {"name": "order item", "object": "Meat cabbage rolls(pork - beef) - 2"}}, {"added": {"name": "order item", "object": "Potato dumplings - 1"}}, {"added": {"name": "order item", "object": "Potato and fried onion dumplings - 1"}}, {"added": {"name": "order item", "object": "Vanilla cheesecakes - 1"}}, {"added": {"name": "order item", "object": "Vegetable salad Vinaigrette - 1"}}, {"added": {"name": "order item", "object": "Mimosa salad - 1"}}]	11	12
1254	2025-08-19 17:12:23.55954+00	219	Order #219 by Journeys J&C Limited	1	[{"added": {}}, {"added": {"name": "order item", "object": "Potato and mushrooms dumplings - 4"}}, {"added": {"name": "order item", "object": "Salted cottage cheese dumplings - 5"}}]	11	12
1255	2025-08-20 10:32:36.664839+00	180	Maria Dmitrev	1	[{"added": {}}]	7	12
1256	2025-08-20 10:38:22.959159+00	220	Order #220 by Maria Dmitrev	1	[{"added": {}}, {"added": {"name": "order item", "object": "Meat dumplings(pork - beef) - 1"}}, {"added": {"name": "order item", "object": "Cherry dumplings - 1"}}, {"added": {"name": "order item", "object": "Meat chebureks(pork - beef) - 1"}}, {"added": {"name": "order item", "object": "Potato and fried onion dumplings - 1"}}, {"added": {"name": "order item", "object": "Meat cabbage rolls(pork - beef) - 1"}}, {"added": {"name": "order item", "object": "Pork dumplings - 1"}}]	11	12
1257	2025-08-20 10:46:20.208971+00	181	Tetyana Skrychevska	1	[{"added": {}}]	7	12
1258	2025-08-20 10:49:38.608806+00	221	Order #221 by Tetyana Skrychevska	1	[{"added": {}}, {"added": {"name": "order item", "object": "Meat dumplings(pork - beef) - 1"}}, {"added": {"name": "order item", "object": "Potato dumplings - 1"}}, {"added": {"name": "order item", "object": "Vanilla cheesecakes with raisins - 2"}}, {"added": {"name": "order item", "object": "Turkey dumplings - 1"}}, {"added": {"name": "order item", "object": "Meat dumplings(pork - beef) varenyky - 1"}}, {"added": {"name": "order item", "object": "Chicken and cheese chebureks - 1"}}]	11	12
1259	2025-08-20 10:51:14.478942+00	220	Order #220 by Maria Dmitrev	2	[{"changed": {"fields": ["Status"]}}]	11	12
1260	2025-08-20 11:03:37.063344+00	222	Order #222 by Valentina Elizarova	1	[{"added": {}}, {"added": {"name": "order item", "object": "Liver cake - 1"}}, {"added": {"name": "order item", "object": "Shuba salad - 2"}}, {"added": {"name": "order item", "object": "Marinated baby chicken - 1"}}, {"added": {"name": "order item", "object": "Napoleon cake - 1"}}, {"added": {"name": "order item", "object": "Chicken and cheese chebureks - 3"}}, {"added": {"name": "order item", "object": "Turkey dumplings - 4"}}, {"added": {"name": "order item", "object": "Crepes stuffed with chicken and mushrooms - 1"}}, {"added": {"name": "order item", "object": "Sweet cottage cheese and blueberries crepes - 1"}}]	11	12
1261	2025-08-20 11:05:14.018426+00	182	Julia Foxwell	1	[{"added": {}}]	7	12
1262	2025-08-20 11:06:45.189964+00	223	Order #223 by Julia Foxwell	1	[{"added": {}}, {"added": {"name": "order item", "object": "Meat dumplings(pork - beef) - 2"}}, {"added": {"name": "order item", "object": "Chicken aspic holodez - 1"}}]	11	12
1263	2025-08-20 11:19:28.114434+00	186	Order #186 by Stanislav Sokolov	2	[{"changed": {"fields": ["Notes"]}}]	11	12
1264	2025-08-20 13:50:24.879826+00	175	Order #175 by Alex Ternovoy	2	[{"changed": {"fields": ["Delivery date"]}}]	11	12
1265	2025-08-20 14:58:12.639965+00	223	Order #223 by Julia Foxwell	2	[{"changed": {"fields": ["Status"]}}]	11	12
1266	2025-08-20 15:35:39.281557+00	183	Tetiana Avramchuk	1	[{"added": {}}]	7	12
1267	2025-08-20 16:11:41.309053+00	224	Order #224 by Tetiana Avramchuk	1	[{"added": {}}, {"added": {"name": "order item", "object": "Cherry dumplings - 1"}}, {"added": {"name": "order item", "object": "Meat dumplings(pork - beef) - 1"}}, {"added": {"name": "order item", "object": "Meat cabbage rolls(pork - beef) - 1"}}, {"added": {"name": "order item", "object": "Vanilla cheesecakes - 1"}}]	11	12
1268	2025-08-20 16:11:42.902621+00	225	Order #225 by Tetiana Avramchuk	1	[{"added": {}}, {"added": {"name": "order item", "object": "Cherry dumplings - 1"}}, {"added": {"name": "order item", "object": "Meat dumplings(pork - beef) - 1"}}, {"added": {"name": "order item", "object": "Meat cabbage rolls(pork - beef) - 1"}}, {"added": {"name": "order item", "object": "Vanilla cheesecakes - 1"}}]	11	12
1269	2025-08-20 16:17:03.216617+00	184	Mariya Lavruk	1	[{"added": {}}]	7	12
1270	2025-08-20 16:20:10.132016+00	198	Kyiv smoked sausage	1	[{"added": {}}]	9	12
1271	2025-08-20 16:21:17.250708+00	226	Order #226 by Mariya Lavruk	1	[{"added": {}}, {"added": {"name": "order item", "object": "Cherry dumplings - 1"}}, {"added": {"name": "order item", "object": "Blueberry dumplings - 1"}}, {"added": {"name": "order item", "object": "Meat chebureks(pork - beef) - 2"}}, {"added": {"name": "order item", "object": "Crepes stuffed with apple and cinnamon - 1"}}, {"added": {"name": "order item", "object": "Meat dumplings(pork - beef) - 1"}}, {"added": {"name": "order item", "object": "Kyiv smoked sausage - 1"}}]	11	12
1272	2025-08-20 16:25:13.032087+00	225	Order #225 by Tetiana Avramchuk	2	[{"changed": {"fields": ["Status"]}}]	11	12
1273	2025-08-20 16:34:11.59674+00	221	Order #221 by Tetyana Skrychevska	2	[{"changed": {"fields": ["Status"]}}]	11	12
1274	2025-08-20 16:34:42.063549+00	183	Tetiana Avramchuk	2	[{"changed": {"fields": ["phone"]}}]	7	12
1275	2025-08-20 16:50:12.202276+00	185	Yuliia BASNIAK	1	[{"added": {}}]	7	12
1276	2025-08-20 16:53:03.343947+00	227	Order #227 by Yuliia BASNIAK	1	[{"added": {}}, {"added": {"name": "order item", "object": "Pork dumplings - 1"}}, {"added": {"name": "order item", "object": "Meat chebureks(pork - beef) - 1"}}, {"added": {"name": "order item", "object": "Cherry dumplings - 1"}}, {"added": {"name": "order item", "object": "Potato and fried onion dumplings - 1"}}, {"added": {"name": "order item", "object": "Turkey dumplings - 1"}}, {"added": {"name": "order item", "object": "Potato dumplings - 1"}}, {"added": {"name": "order item", "object": "Korean carrots - 1"}}]	11	12
1277	2025-08-20 16:53:05.047607+00	228	Order #228 by Yuliia BASNIAK	1	[{"added": {}}, {"added": {"name": "order item", "object": "Pork dumplings - 1"}}, {"added": {"name": "order item", "object": "Meat chebureks(pork - beef) - 1"}}, {"added": {"name": "order item", "object": "Cherry dumplings - 1"}}, {"added": {"name": "order item", "object": "Potato and fried onion dumplings - 1"}}, {"added": {"name": "order item", "object": "Turkey dumplings - 1"}}, {"added": {"name": "order item", "object": "Potato dumplings - 1"}}, {"added": {"name": "order item", "object": "Korean carrots - 1"}}]	11	12
1278	2025-08-20 16:53:21.709075+00	228	Order #228 by Yuliia BASNIAK	3		11	12
1279	2025-08-20 17:03:29.123963+00	186	Rudenko Vitali	1	[{"added": {}}]	7	12
1280	2025-08-20 17:04:41.881653+00	229	Order #229 by Rudenko Vitali	1	[{"added": {}}, {"added": {"name": "order item", "object": "Meat dumplings(pork - beef) - 3"}}, {"added": {"name": "order item", "object": "Vanilla cheesecakes - 1"}}, {"added": {"name": "order item", "object": "Turkey Jerky - 1"}}]	11	12
1281	2025-08-20 17:04:43.486885+00	230	Order #230 by Rudenko Vitali	1	[{"added": {}}, {"added": {"name": "order item", "object": "Meat dumplings(pork - beef) - 3"}}, {"added": {"name": "order item", "object": "Vanilla cheesecakes - 1"}}, {"added": {"name": "order item", "object": "Turkey Jerky - 1"}}]	11	12
1282	2025-08-20 17:05:00.979679+00	230	Order #230 by Rudenko Vitali	3		11	12
1283	2025-08-21 09:33:40.298453+00	187	Kate Bohomolova	1	[{"added": {}}]	7	12
1284	2025-08-21 09:36:01.157676+00	231	Order #231 by Kate Bohomolova	1	[{"added": {}}, {"added": {"name": "order item", "object": "Meat dumplings(pork - beef) - 1"}}, {"added": {"name": "order item", "object": "Vanilla cheesecakes with raisins - 1"}}, {"added": {"name": "order item", "object": "Beef basturma in spices - 1"}}]	11	12
1285	2025-08-21 09:36:02.913883+00	232	Order #232 by Kate Bohomolova	1	[{"added": {}}, {"added": {"name": "order item", "object": "Meat dumplings(pork - beef) - 1"}}, {"added": {"name": "order item", "object": "Vanilla cheesecakes with raisins - 1"}}, {"added": {"name": "order item", "object": "Beef basturma in spices - 1"}}]	11	12
1286	2025-08-21 09:40:22.610834+00	233	Order #233 by Mykhailo Matusiak	1	[{"added": {}}, {"added": {"name": "order item", "object": "Potato dumplings - 2"}}, {"added": {"name": "order item", "object": "Chicken dumplings - 2"}}]	11	12
1287	2025-08-21 09:44:55.615156+00	232	Order #232 by Kate Bohomolova	2	[{"changed": {"fields": ["Status"]}}]	11	12
1288	2025-08-21 10:47:39.252697+00	188	Ksenia Antonova	1	[{"added": {}}]	7	12
1289	2025-08-21 10:49:47.035183+00	234	Order #234 by Ksenia Antonova	1	[{"added": {}}, {"added": {"name": "order item", "object": "Borsch with beef - 1"}}, {"added": {"name": "order item", "object": "Prepared chicken and cheese cutlets - 1"}}, {"added": {"name": "order item", "object": "Crepes stuffed with beef and fried onions - 1"}}, {"added": {"name": "order item", "object": "Vanilla cheesecakes - 1"}}, {"added": {"name": "order item", "object": "Turkey dumplings - 1"}}]	11	12
1290	2025-08-21 10:49:48.920746+00	235	Order #235 by Ksenia Antonova	1	[{"added": {}}, {"added": {"name": "order item", "object": "Borsch with beef - 1"}}, {"added": {"name": "order item", "object": "Prepared chicken and cheese cutlets - 1"}}, {"added": {"name": "order item", "object": "Crepes stuffed with beef and fried onions - 1"}}, {"added": {"name": "order item", "object": "Vanilla cheesecakes - 1"}}, {"added": {"name": "order item", "object": "Turkey dumplings - 1"}}]	11	12
1291	2025-08-21 11:02:06.224923+00	189	Westminster City Council	1	[{"added": {}}]	7	12
1292	2025-08-21 11:02:51.863851+00	190	Westminster City Council Sam Connor	1	[{"added": {}}]	7	12
1293	2025-08-21 11:03:46.37854+00	236	Order #236 by Westminster City Council Sam Connor	1	[{"added": {}}, {"added": {"name": "order item", "object": "Napoleon cake - 8"}}, {"added": {"name": "order item", "object": "Honey cake with sour cream - 8"}}]	11	12
1294	2025-08-21 11:11:56.1023+00	190	Westminster City Council Sam Connor	2	[{"changed": {"fields": ["Address Line", "Address Line 2", "City", "Postal Code"]}}]	7	12
1295	2025-08-21 11:13:10.190856+00	191	Inna Sukhostavets	1	[{"added": {}}]	7	12
1296	2025-08-21 11:20:29.164869+00	237	Order #237 by Inna Sukhostavets	1	[{"added": {}}, {"added": {"name": "order item", "object": "Chicken dumplings - 3"}}, {"added": {"name": "order item", "object": "Turkey dumplings - 3"}}, {"added": {"name": "order item", "object": "Potato dumplings - 1"}}, {"added": {"name": "order item", "object": "Chicken cutlets - 2"}}, {"added": {"name": "order item", "object": "Cabbage rolls stuffed with chicken - 1"}}, {"added": {"name": "order item", "object": "Crepes stuffed with beef and fried onions - 1"}}, {"added": {"name": "order item", "object": "Chicken liver pate - 1"}}, {"added": {"name": "order item", "object": "Aubergine rolls stuffed with cream cheese and garlic - 1"}}, {"added": {"name": "order item", "object": "Korean carrots - 1"}}, {"added": {"name": "order item", "object": "Grudinka(baked pork brisket) - 1"}}]	11	12
1297	2025-08-21 11:22:31.651307+00	235	Order #235 by Ksenia Antonova	3		11	12
1298	2025-08-21 11:22:45.108108+00	232	Order #232 by Kate Bohomolova	3		11	12
1299	2025-08-21 11:22:56.740953+00	225	Order #225 by Tetiana Avramchuk	3		11	12
1300	2025-08-21 11:42:05.598921+00	238	Order #238 by Olha Pohribniak	1	[{"added": {}}, {"added": {"name": "order item", "object": "Cherry dumplings - 1"}}, {"added": {"name": "order item", "object": "Vanilla sweet cottage cheese crepes - 1"}}, {"added": {"name": "order item", "object": "Crepes stuffed with apple and cinnamon - 1"}}, {"added": {"name": "order item", "object": "Stuffed pepper with chicken - 1"}}, {"added": {"name": "order item", "object": "Chicken dumplings - 1"}}, {"added": {"name": "order item", "object": "Lasagna - 1"}}, {"added": {"name": "order item", "object": "Quiche pie with salmon, toms and broccoli - 1"}}, {"added": {"name": "order item", "object": "Prepared fish cutlets - 1"}}]	11	12
1301	2025-08-21 11:44:31.298097+00	239	Order #239 by Natalia Fomina	1	[{"added": {}}, {"added": {"name": "order item", "object": "Vegetable salad Vinaigrette - 2"}}, {"added": {"name": "order item", "object": "Turkey cutlets - 2"}}, {"added": {"name": "order item", "object": "Liver pancakes - 1"}}]	11	12
1302	2025-08-21 11:50:44.32027+00	192	Tetiana Pajadiene	1	[{"added": {}}]	7	12
1303	2025-08-21 11:54:53.415551+00	240	Order #240 by Tetiana Pajadiene	1	[{"added": {}}, {"added": {"name": "order item", "object": "Vanilla cheesecakes - 1"}}, {"added": {"name": "order item", "object": "Pork dumplings - 1"}}, {"added": {"name": "order item", "object": "Potatoes and cottage cheese dumplings - 1"}}]	11	12
1304	2025-08-21 11:58:02.560456+00	193	Andrius Volskis London	1	[{"added": {}}]	7	12
1305	2025-08-21 11:59:55.950095+00	241	Order #241 by Andrius Volskis London	1	[{"added": {}}, {"added": {"name": "order item", "object": "Borsch with beef - 1"}}, {"added": {"name": "order item", "object": "Prepared chicken and cheese cutlets - 1"}}, {"added": {"name": "order item", "object": "Premium beef sausages - 1"}}]	11	12
1306	2025-08-21 12:39:03.732256+00	176	Order #176 by Pavlenko Yuliia	2	[{"added": {"name": "order item", "object": "Borsch with beef - 2"}}, {"added": {"name": "order item", "object": "Meat dumplings(pork - beef) - 1"}}, {"added": {"name": "order item", "object": "Crepes stuffed with chicken and cheese - 1"}}]	11	12
1307	2025-08-21 13:10:48.244487+00	238	Order #238 by Olha Pohribniak	2	[{"added": {"name": "order item", "object": "Beef cutlets - 1"}}]	11	12
1308	2025-08-21 13:13:22.455827+00	231	Order #231 by Kate Bohomolova	2	[{"changed": {"fields": ["Delivery date"]}}]	11	12
1309	2025-08-21 13:34:52.4065+00	194	Dovgalenko Eva	1	[{"added": {}}]	7	12
1310	2025-08-21 13:36:04.407611+00	242	Order #242 by Dovgalenko Eva	1	[{"added": {}}, {"added": {"name": "order item", "object": "Meat dumplings(pork - beef) - 1"}}, {"added": {"name": "order item", "object": "Cherry dumplings - 1"}}, {"added": {"name": "order item", "object": "Vanilla cheesecakes - 1"}}]	11	12
1311	2025-08-21 13:38:54.338188+00	195	Svitlana Yanieva	1	[{"added": {}}]	7	12
1312	2025-08-21 13:41:35.48964+00	243	Order #243 by Svitlana Yanieva	1	[{"added": {}}, {"added": {"name": "order item", "object": "Pork dumplings - 1"}}, {"added": {"name": "order item", "object": "Potato dumplings - 2"}}, {"added": {"name": "order item", "object": "Sweet cottage cheese dumplings - 1"}}, {"added": {"name": "order item", "object": "Napoleon cake - 1"}}, {"added": {"name": "order item", "object": "Korean carrots - 1"}}]	11	12
1313	2025-08-21 14:03:46.693386+00	179	Redko Yuliia	2	[{"changed": {"fields": ["name"]}}]	7	12
1314	2025-08-21 14:05:46.482063+00	179	Redko Yuliia	2	[{"changed": {"fields": ["Address Line", "Postal Code"]}}]	7	12
1315	2025-08-21 14:05:59.744846+00	179	Redko Yuliia	2	[{"changed": {"fields": ["Address Line 2"]}}]	7	12
1316	2025-08-21 14:10:52.35206+00	218	Order #218 by Redko Yuliia	2	[{"deleted": {"name": "order item", "object": "Potato dumplings - 1.00"}}]	11	12
1317	2025-08-21 14:12:22.610103+00	242	Order #242 by Dovgalenko Eva	2	[{"changed": {"fields": ["Status"]}}]	11	12
1318	2025-08-21 16:00:16.497436+00	227	Order #227 by Yuliia BASNIAK	2	[{"changed": {"fields": ["Status"]}}]	11	12
1319	2025-08-21 16:31:18.387446+00	241	Order #241 by Andrius Volskis London	2	[{"changed": {"fields": ["Status"]}}]	11	12
1320	2025-08-21 16:34:53.368586+00	196	Alyona Tkachenko	1	[{"added": {}}]	7	12
1321	2025-08-21 16:39:46.150403+00	244	Order #244 by Alyona Tkachenko	1	[{"added": {}}, {"added": {"name": "order item", "object": "Turkey dumplings - 1"}}, {"added": {"name": "order item", "object": "Cherry dumplings - 1"}}, {"added": {"name": "order item", "object": "Korean carrots - 1"}}, {"added": {"name": "order item", "object": "Olivie salad - 1"}}, {"added": {"name": "order item", "object": "Crab salad - 1"}}, {"added": {"name": "order item", "object": "Cookie Nuts with condensed milk. - 1"}}, {"added": {"name": "order item", "object": "Lasagna - 1"}}]	11	12
1322	2025-08-21 16:41:43.327262+00	239	Order #239 by Natalia Fomina	2	[{"changed": {"name": "order item", "object": "Prepared turkey cutlets - 2.00", "fields": ["Product"]}}]	11	12
1323	2025-08-21 16:44:21.288173+00	212	Order #212 by Roman Maslov	2	[{"added": {"name": "order item", "object": "Meat dumplings(pork - beef) - 2"}}, {"added": {"name": "order item", "object": "Potato and mushrooms dumplings - 1"}}, {"added": {"name": "order item", "object": "Potato and fried onion dumplings - 1"}}]	11	12
1324	2025-08-21 18:02:33.186929+00	245	Order #245 by Suzanna Levina	1	[{"added": {}}, {"added": {"name": "order item", "object": "Turkey Jerky - 2"}}, {"added": {"name": "order item", "object": "Meat cabbage rolls(pork - beef) - 2"}}]	11	12
1325	2025-08-21 18:03:50.536835+00	182	Turkey Jerky	2	[{"changed": {"fields": ["Categories", "Price"]}}]	9	12
1326	2025-08-21 18:04:17.661928+00	245	Order #245 by Suzanna Levina	3		11	12
1327	2025-08-21 18:05:28.569722+00	246	Order #246 by Suzanna Levina	1	[{"added": {}}, {"added": {"name": "order item", "object": "Turkey Jerky - 2"}}, {"added": {"name": "order item", "object": "Meat cabbage rolls(pork - beef) - 2"}}]	11	12
1328	2025-08-22 10:23:41.044002+00	199	Chocolate condensed milk 200 g	1	[{"added": {}}]	9	12
1329	2025-08-22 10:24:27.474336+00	200	Coconut condensed milk 200 g	1	[{"added": {}}]	9	12
1330	2025-08-22 10:24:54.389534+00	247	Order #247 by Iryna Atamanchuk	1	[{"added": {}}, {"added": {"name": "order item", "object": "Turkey cabbage rolls - 1"}}, {"added": {"name": "order item", "object": "Salted cottage cheese dumplings - 1"}}, {"added": {"name": "order item", "object": "Potatoes and cottage cheese dumplings - 1"}}, {"added": {"name": "order item", "object": "Vanilla sweet cottage cheese crepes - 1"}}, {"added": {"name": "order item", "object": "Crepes stuffed with apple and cinnamon - 1"}}, {"added": {"name": "order item", "object": "Chocolate condensed milk 200 g - 1"}}, {"added": {"name": "order item", "object": "Coconut condensed milk 200 g - 1"}}]	11	12
1331	2025-08-22 10:27:53.164783+00	197	Anna Bondarenko	1	[{"added": {}}]	7	12
1332	2025-08-22 10:31:59.243124+00	248	Order #248 by Anna Bondarenko	1	[{"added": {}}, {"added": {"name": "order item", "object": "Cherry dumplings - 1"}}, {"added": {"name": "order item", "object": "Meat cabbage rolls(pork - beef) - 1"}}, {"added": {"name": "order item", "object": "Mushrooms and fried onions crepes - 1"}}, {"added": {"name": "order item", "object": "Crepes stuffed with beef and fried onions - 1"}}]	11	12
1333	2025-08-22 10:41:40.195121+00	248	Order #248 by Anna Bondarenko	2	[{"changed": {"fields": ["Status"]}}]	11	12
1334	2025-08-22 10:48:47.262614+00	190	Westminster City Council Sam Connor	2	[]	7	12
1335	2025-08-22 14:41:09.14413+00	237	Order #237 by Inna Sukhostavets	2	[{"deleted": {"name": "order item", "object": "Grudinka(baked pork brisket) - 1.00"}}]	11	12
1336	2025-08-22 15:05:13.290974+00	246	Order #246 by Suzanna Levina	3		11	12
1337	2025-08-22 15:05:43.189627+00	213	Order #213 by Suzanna Levina	2	[]	11	12
1338	2025-08-22 15:12:55.950479+00	213	Order #213 by Suzanna Levina	2	[{"added": {"name": "order item", "object": "Turkey Jerky - 2"}}, {"added": {"name": "order item", "object": "Meat cabbage rolls(pork - beef) - 2"}}]	11	12
1339	2025-08-22 17:25:11.298824+00	198	Fetkulina Lilia	1	[{"added": {}}]	7	12
1340	2025-08-22 17:26:28.932678+00	249	Order #249 by Fetkulina Lilia	1	[{"added": {}}, {"added": {"name": "order item", "object": "Turkey dumplings - 4"}}]	11	12
1341	2025-08-22 18:46:57.546043+00	243	Order #243 by Svitlana Yanieva	2	[{"changed": {"fields": ["Status"]}}]	11	12
1342	2025-08-22 19:10:59.344995+00	199	Ira Golan	1	[{"added": {}}]	7	12
1343	2025-08-22 19:20:34.795128+00	218	Order #218 by Redko Yuliia	2	[{"changed": {"name": "order item", "object": "Meat dumplings(pork - beef) - 1", "fields": ["Quantity"]}}]	11	12
1344	2025-08-22 19:21:33.260859+00	218	Order #218 by Redko Yuliia	2	[{"changed": {"fields": ["Status"]}}]	11	12
1346	2025-08-22 19:32:04.337584+00	250	Order #250 by Ira Golan	1	[{"added": {}}, {"added": {"name": "order item", "object": "Beef dumplings - 1"}}, {"added": {"name": "order item", "object": "Vanilla cheesecakes - 1"}}, {"added": {"name": "order item", "object": "Cherry dumplings - 1"}}]	11	12
1347	2025-08-22 19:37:07.135107+00	200	Kritchyna Oksana	1	[{"added": {}}]	7	12
1348	2025-08-22 21:57:26.821866+00	251	Order #251 by Alina Kaprova	1	[{"added": {}}, {"added": {"name": "order item", "object": "Vanilla sweet cottage cheese crepes - 2"}}]	11	12
1349	2025-08-23 11:32:03.303069+00	238	Order #238 by Olha Pohribniak	2	[{"changed": {"fields": ["Status"]}}]	11	12
1350	2025-08-23 11:32:33.408947+00	212	Order #212 by Roman Maslov	2	[{"changed": {"fields": ["Status"]}}]	11	12
1351	2025-08-23 11:32:49.993124+00	239	Order #239 by Natalia Fomina	2	[{"changed": {"fields": ["Status"]}}]	11	12
1352	2025-08-23 11:34:23.099809+00	252	Order #252 by Kritchyna Oksana	1	[{"added": {}}, {"added": {"name": "order item", "object": "Cherry dumplings - 1"}}, {"added": {"name": "order item", "object": "Pork dumplings - 1"}}, {"added": {"name": "order item", "object": "Meat cabbage rolls(pork - beef) - 1"}}, {"added": {"name": "order item", "object": "Vanilla cheesecakes - 1"}}, {"added": {"name": "order item", "object": "Mushrooms and fried onions crepes - 1"}}]	11	12
1353	2025-08-23 11:36:42.951067+00	253	Order #253 by Iryna Tsahelnik	1	[{"added": {}}, {"added": {"name": "order item", "object": "Cherry dumplings - 4"}}]	11	12
1354	2025-08-23 11:38:24.706577+00	251	Order #251 by Alina Kaprova	2	[{"added": {"name": "order item", "object": "Chicken cutlets - 1"}}, {"added": {"name": "order item", "object": "Stuffed pepper with meat(pork - beef) - 1"}}, {"added": {"name": "order item", "object": "Meat cabbage rolls(pork - beef) - 1"}}]	11	12
1355	2025-08-23 11:38:32.869023+00	251	Order #251 by Alina Kaprova	2	[{"changed": {"fields": ["Status"]}}]	11	12
1356	2025-08-23 11:46:52.237401+00	131	Order #131 by Journeys J&C Limited	2	[{"changed": {"fields": ["Status"]}}]	11	12
1357	2025-08-23 11:48:50.824475+00	141	Order #141 by Vitalii Tomashevskyi	2	[{"changed": {"fields": ["Delivery date"]}}]	11	12
1358	2025-08-23 11:49:27.142698+00	207	Order #207 by Oksana Daudova	2	[{"changed": {"fields": ["Status"]}}]	11	12
1359	2025-08-23 11:49:27.14632+00	193	Order #193 by Yuliia Prots	2	[{"changed": {"fields": ["Status"]}}]	11	12
1360	2025-08-23 11:49:27.149749+00	174	Order #174 by Vera Kozlovska	2	[{"changed": {"fields": ["Status"]}}]	11	12
1361	2025-08-23 11:50:10.455749+00	215	Order #215 by Oksana Lapina	2	[{"changed": {"fields": ["Status"]}}]	11	12
1362	2025-08-23 11:53:11.838084+00	233	Order #233 by Mykhailo Matusiak	2	[{"changed": {"fields": ["Status"]}}]	11	12
1363	2025-08-23 11:55:20.474878+00	253	Order #253 by Iryna Tsahelnik	2	[{"changed": {"fields": ["Delivery date"]}}]	11	12
1364	2025-08-23 18:33:50.995245+00	201	Oleksii Kapustnikov	1	[{"added": {}}]	7	12
1365	2025-08-23 18:37:32.977161+00	254	Order #254 by Oleksii Kapustnikov	1	[{"added": {}}, {"added": {"name": "order item", "object": "Chicken and cheese chebureks - 1"}}, {"added": {"name": "order item", "object": "Meat chebureks(pork - beef) - 1"}}, {"added": {"name": "order item", "object": "Beef dumplings - 1"}}, {"added": {"name": "order item", "object": "Lard with red pepper and spices - 1"}}, {"added": {"name": "order item", "object": "Salami smoked sausage - 1"}}]	11	12
1366	2025-08-23 19:32:56.509415+00	240	Order #240 by Tetiana Pajadiene	2	[{"changed": {"fields": ["Status"]}}]	11	12
1367	2025-08-23 19:33:32.709193+00	224	Order #224 by Tetiana Avramchuk	2	[{"changed": {"fields": ["Status"]}}]	11	12
1368	2025-08-23 19:34:37.856662+00	247	Order #247 by Iryna Atamanchuk	2	[{"changed": {"fields": ["Status"]}}]	11	12
1369	2025-08-23 19:36:20.725796+00	224	Order #224 by Tetiana Avramchuk	2	[{"changed": {"fields": ["Status"]}}]	11	12
1370	2025-08-23 19:36:37.291286+00	222	Order #222 by Valentina Elizarova	2	[{"changed": {"fields": ["Status"]}}]	11	12
1371	2025-08-23 19:39:00.162409+00	237	Order #237 by Inna Sukhostavets	2	[{"changed": {"fields": ["Status"]}}]	11	12
1372	2025-08-23 19:39:00.165037+00	186	Order #186 by Stanislav Sokolov	2	[{"changed": {"fields": ["Status"]}}]	11	12
1373	2025-08-23 19:45:05.99784+00	254	Order #254 by Oleksii Kapustnikov	2	[{"changed": {"fields": ["Status"]}}]	11	12
1374	2025-08-24 16:04:37.095865+00	202	Ganna Semenenko	1	[{"added": {}}]	7	12
1375	2025-08-24 16:05:47.721703+00	255	Order #255 by Ganna Semenenko	1	[{"added": {}}, {"added": {"name": "order item", "object": "Vanilla cheesecakes - 1"}}, {"added": {"name": "order item", "object": "Meat dumplings(pork - beef) - 1"}}, {"added": {"name": "order item", "object": "Sweet cottage cheese dumplings - 1"}}, {"added": {"name": "order item", "object": "Potato and fried onion dumplings - 1"}}]	11	12
1376	2025-08-24 20:56:20.216308+00	203	Olga Berdnikova	1	[{"added": {}}]	7	12
1377	2025-08-24 20:57:58.519846+00	256	Order #256 by Olga Berdnikova	1	[{"added": {}}, {"added": {"name": "order item", "object": "Meat dumplings(pork - beef) - 1"}}, {"added": {"name": "order item", "object": "Meat cabbage rolls(pork - beef) - 1"}}, {"added": {"name": "order item", "object": "Meat chebureks(pork - beef) - 1"}}, {"added": {"name": "order item", "object": "Pork dumplings - 1"}}, {"added": {"name": "order item", "object": "Dry-cured lard - 1"}}]	11	12
1378	2025-08-24 21:01:53.53093+00	204	Natalia Kremen	1	[{"added": {}}]	7	12
1379	2025-08-24 21:06:55.901041+00	257	Order #257 by Natalia Kremen	1	[{"added": {}}, {"added": {"name": "order item", "object": "Meat dumplings(pork - beef) - 1"}}, {"added": {"name": "order item", "object": "Chicken cutlets - 1"}}, {"added": {"name": "order item", "object": "Meat cutlets(pork - beef) - 1"}}, {"added": {"name": "order item", "object": "Cherry dumplings - 1"}}, {"added": {"name": "order item", "object": "Salmon crepes with cream cheese - 1"}}, {"added": {"name": "order item", "object": "Crepes stuffed with apple and cinnamon - 1"}}, {"added": {"name": "order item", "object": "Vanilla cheesecakes - 1"}}, {"added": {"name": "order item", "object": "Chicken liver pate - 1"}}]	11	12
1380	2025-08-24 21:10:52.774164+00	205	Belan Maria	1	[{"added": {}}]	7	12
1381	2025-08-24 21:13:58.430184+00	258	Order #258 by Belan Maria	1	[{"added": {}}, {"added": {"name": "order item", "object": "Meat dumplings(pork - beef) - 2"}}, {"added": {"name": "order item", "object": "Turkey Jerky - 4"}}, {"added": {"name": "order item", "object": "Turkey meatballs and tomato sauce - 2"}}, {"added": {"name": "order item", "object": "Chicken cutlets - 2"}}, {"added": {"name": "order item", "object": "Dry-cured sausage Cervelat - 1"}}]	11	12
1382	2025-08-24 21:27:50.788266+00	206	Anna Lokoglu	1	[{"added": {}}]	7	12
1415	2025-08-25 16:31:49.514746+00	270	Order #270 by Julia Dovgal	1	[{"added": {}}, {"added": {"name": "order item", "object": "Blueberry dumplings - 1"}}, {"added": {"name": "order item", "object": "Cherry dumplings - 1"}}, {"added": {"name": "order item", "object": "Stuffed pepper with meat(pork - beef) - 2"}}, {"added": {"name": "order item", "object": "Chicken cutlets - 2"}}, {"added": {"name": "order item", "object": "Vanilla cheesecakes - 2"}}, {"added": {"name": "order item", "object": "Turkey dumplings - 1"}}]	11	12
1383	2025-08-24 21:33:01.646625+00	259	Order #259 by Anna Lokoglu	1	[{"added": {}}, {"added": {"name": "order item", "object": "Chicken dumplings - 1"}}, {"added": {"name": "order item", "object": "Beef dumplings - 1"}}, {"added": {"name": "order item", "object": "Chicken cutlets - 1"}}, {"added": {"name": "order item", "object": "Beef cutlets - 1"}}, {"added": {"name": "order item", "object": "Eggs and spring onions crepes - 1"}}, {"added": {"name": "order item", "object": "Pilaf(rice) with beef - 1"}}, {"added": {"name": "order item", "object": "Chocolate condensed milk 200 g - 1"}}]	11	12
1384	2025-08-24 21:52:31.907131+00	260	Order #260 by Alexandra Tarchenko	1	[{"added": {}}, {"added": {"name": "order item", "object": "Meat dumplings(pork - beef) - 2"}}, {"added": {"name": "order item", "object": "Cherry dumplings - 2"}}, {"added": {"name": "order item", "object": "Coconut condensed milk 200 g - 1"}}]	11	12
1385	2025-08-24 21:55:32.963896+00	207	Svitlana Lushnikova	1	[{"added": {}}]	7	12
1386	2025-08-24 21:59:07.454994+00	201	Semi-smoked beef sausage	1	[{"added": {}}]	9	12
1387	2025-08-24 21:59:37.374395+00	261	Order #261 by Svitlana Lushnikova	1	[{"added": {}}, {"added": {"name": "order item", "object": "Crepes stuffed with apple and cinnamon - 1"}}, {"added": {"name": "order item", "object": "Meat cabbage rolls(pork - beef) - 1"}}, {"added": {"name": "order item", "object": "Vanilla cheesecakes - 1"}}, {"added": {"name": "order item", "object": "Marinated baby chicken - 1"}}, {"added": {"name": "order item", "object": "Semi-smoked beef sausage - 1"}}, {"added": {"name": "order item", "object": "Prepared chicken and cheese cutlets - 1"}}]	11	12
1388	2025-08-24 22:01:51.880946+00	43	Pork and beef meatballs and tomato sauce	2	[{"changed": {"fields": ["Name", "Categories"]}}]	9	12
1389	2025-08-24 22:03:28.895243+00	262	Order #262 by Megan McManners	1	[{"added": {}}, {"added": {"name": "order item", "object": "Vanilla cheesecakes - 2"}}, {"added": {"name": "order item", "object": "Pork and beef meatballs and tomato sauce - 1"}}, {"added": {"name": "order item", "object": "Meat dumplings(pork - beef) - 1"}}, {"added": {"name": "order item", "object": "Shuba salad - 2"}}, {"added": {"name": "order item", "object": "Aubergine rolls stuffed with cream cheese and garlic - 1"}}, {"added": {"name": "order item", "object": "Borsch with beef - 2"}}, {"added": {"name": "order item", "object": "Meat soup Solyanka - 1"}}]	11	12
1390	2025-08-24 22:05:49.319023+00	208	Diana Lyubavskaya	1	[{"added": {}}]	7	12
1391	2025-08-24 22:08:31.566983+00	263	Order #263 by Diana Lyubavskaya	1	[{"added": {}}, {"added": {"name": "order item", "object": "Meat dumplings(pork - beef) - 1"}}, {"added": {"name": "order item", "object": "Chicken dumplings - 1"}}, {"added": {"name": "order item", "object": "Sweet cottage cheese and blueberries crepes - 1"}}, {"added": {"name": "order item", "object": "Crepes stuffed with apple and cinnamon - 1"}}, {"added": {"name": "order item", "object": "Vanilla cheesecakes - 1"}}, {"added": {"name": "order item", "object": "Eggs and spring onions crepes - 1"}}, {"added": {"name": "order item", "object": "Mini quiche with salmon, toms and broccoli - 1"}}, {"added": {"name": "order item", "object": "Orange cottage cheese casserole - 1"}}, {"added": {"name": "order item", "object": "Pies stuffed with cabbage - 1"}}]	11	12
1392	2025-08-24 22:09:56.121575+00	209	Vladyslav Shevchenko	1	[{"added": {}}]	7	12
1393	2025-08-24 22:12:21.901862+00	264	Order #264 by Vladyslav Shevchenko	1	[{"added": {}}, {"added": {"name": "order item", "object": "Cherry dumplings - 1"}}, {"added": {"name": "order item", "object": "Chicken cutlets - 1"}}, {"added": {"name": "order item", "object": "Crepes stuffed with chicken and cheese - 1"}}, {"added": {"name": "order item", "object": "Meat chebureks(pork - beef) - 1"}}, {"added": {"name": "order item", "object": "Potato and mushrooms dumplings - 1"}}]	11	12
1394	2025-08-24 22:14:18.761872+00	210	Ed Hall	1	[{"added": {}}]	7	12
1395	2025-08-25 08:48:47.594043+00	234	Order #234 by Ksenia Antonova	2	[{"changed": {"fields": ["Status"]}}]	11	12
1396	2025-08-25 08:50:24.66321+00	226	Order #226 by Mariya Lavruk	2	[{"changed": {"fields": ["Status"]}}]	11	12
1397	2025-08-25 08:51:16.730634+00	224	Order #224 by Tetiana Avramchuk	2	[{"changed": {"fields": ["Status"]}}]	11	12
1398	2025-08-25 08:55:53.220634+00	213	Order #213 by Suzanna Levina	2	[{"changed": {"fields": ["Status"]}}]	11	12
1399	2025-08-25 09:02:53.884618+00	211	Order #211 by Elizaveta Slyva	2	[{"changed": {"fields": ["Status"]}}]	11	12
1400	2025-08-25 09:11:22.184973+00	229	Order #229 by Rudenko Vitali	2	[{"changed": {"fields": ["Status"]}}]	11	12
1401	2025-08-25 11:18:42.273591+00	216	Order #216 by Ksenia Blake	2	[{"changed": {"fields": ["Status"]}}]	11	12
1402	2025-08-25 14:08:19.901184+00	176	Order #176 by Pavlenko Yuliia	2	[{"changed": {"fields": ["Status"]}}]	11	12
1403	2025-08-25 14:09:11.855289+00	265	Order #265 by Ira Golan	1	[{"added": {}}, {"added": {"name": "order item", "object": "Vanilla cheesecakes - 1"}}]	11	12
1404	2025-08-25 14:13:39.930121+00	266	Order #266 by Evgeniya Doroshek	1	[{"added": {}}, {"added": {"name": "order item", "object": "Turkey dumplings - 1"}}, {"added": {"name": "order item", "object": "Meat cabbage rolls(pork - beef) - 1"}}, {"added": {"name": "order item", "object": "Vanilla cheesecakes with raisins - 1"}}, {"added": {"name": "order item", "object": "Vanilla cheesecakes - 1"}}, {"added": {"name": "order item", "object": "Potato dumplings - 1"}}, {"added": {"name": "order item", "object": "Meat dumplings(pork - beef) varenyky - 1"}}]	11	12
1405	2025-08-25 14:42:21.212596+00	177	Order #177 by Tetiana Kostenko	2	[{"changed": {"fields": ["Status"]}}]	11	12
1406	2025-08-25 16:05:15.929335+00	267	Order #267 by Ed Hall	1	[{"added": {}}, {"added": {"name": "order item", "object": "Vanilla cheesecakes - 3"}}]	11	12
1407	2025-08-25 16:05:49.526045+00	210	Ed Hall	2	[{"changed": {"fields": ["Address Line"]}}]	7	12
1408	2025-08-25 16:09:21.490862+00	211	Yevheniia Parkhomets	1	[{"added": {}}]	7	12
1409	2025-08-25 16:10:52.196082+00	268	Order #268 by Yevheniia Parkhomets	1	[{"added": {}}, {"added": {"name": "order item", "object": "Meat dumplings(pork - beef) - 1"}}, {"added": {"name": "order item", "object": "Cherry dumplings - 1"}}, {"added": {"name": "order item", "object": "Vanilla cheesecakes - 1"}}]	11	12
1410	2025-08-25 16:13:17.172821+00	212	Lesia Bodnaruc	1	[{"added": {}}]	7	12
1411	2025-08-25 16:15:11.487482+00	269	Order #269 by Lesia Bodnaruc	1	[{"added": {}}, {"added": {"name": "order item", "object": "Cherry dumplings - 1"}}, {"added": {"name": "order item", "object": "Pork dumplings - 1"}}, {"added": {"name": "order item", "object": "Salted cottage cheese dumplings - 1"}}, {"added": {"name": "order item", "object": "Vanilla cheesecakes with raisins - 1"}}, {"added": {"name": "order item", "object": "Potatoes and cottage cheese dumplings - 1"}}, {"added": {"name": "order item", "object": "Fish cutlets - 1"}}]	11	12
1412	2025-08-25 16:26:36.385845+00	256	Order #256 by Olga Berdnikova	2	[{"changed": {"fields": ["Status"]}}]	11	12
1413	2025-08-25 16:26:58.438526+00	269	Order #269 by Lesia Bodnaruc	2	[{"changed": {"fields": ["Status"]}}]	11	12
1414	2025-08-25 16:28:44.741971+00	213	Julia Dovgal	1	[{"added": {}}]	7	12
1416	2025-08-25 16:37:08.30824+00	214	Inna Ptashnyk	1	[{"added": {}}]	7	12
1417	2025-08-25 16:39:04.051078+00	42	Potato and cottage cheese dumplings	2	[{"changed": {"fields": ["Name", "Categories"]}}]	9	12
1418	2025-08-25 16:39:19.4673+00	271	Order #271 by Inna Ptashnyk	1	[{"added": {}}, {"added": {"name": "order item", "object": "Cherry dumplings - 1"}}, {"added": {"name": "order item", "object": "Turkey dumplings - 1"}}, {"added": {"name": "order item", "object": "Salted cottage cheese dumplings - 1"}}, {"added": {"name": "order item", "object": "Potato and fried onion dumplings - 1"}}, {"added": {"name": "order item", "object": "Potato and cottage cheese dumplings - 1"}}]	11	12
1419	2025-08-25 20:42:57.333121+00	215	Tetiana Korsun	1	[{"added": {}}]	7	12
1420	2025-08-25 20:46:02.29938+00	272	Order #272 by Tetiana Korsun	1	[{"added": {}}, {"added": {"name": "order item", "object": "Chicken dumplings - 1"}}, {"added": {"name": "order item", "object": "Cabbage rolls stuffed with chicken - 1"}}, {"added": {"name": "order item", "object": "Stuffed pepper with chicken - 1"}}, {"added": {"name": "order item", "object": "Chicken cutlets - 1"}}, {"added": {"name": "order item", "object": "Meat dumplings(pork - beef) varenyky - 1"}}, {"added": {"name": "order item", "object": "Turkey Jerky - 1"}}, {"added": {"name": "order item", "object": "Liver pancakes - 1"}}, {"added": {"name": "order item", "object": "Hake in tomato sauce - 1"}}, {"added": {"name": "order item", "object": "Chicken liver pate - 1"}}, {"added": {"name": "order item", "object": "Coconut condensed milk 200 g - 1"}}]	11	12
1421	2025-08-25 20:47:04.605856+00	272	Order #272 by Tetiana Korsun	2	[{"added": {"name": "order item", "object": "Turkey Jerky - 1"}}, {"changed": {"name": "order item", "object": "Chicken chebureks - 1.00", "fields": ["Product"]}}]	11	12
1422	2025-08-26 09:55:20.760255+00	216	Yuliia Fedorchenko	1	[{"added": {}}]	7	12
1423	2025-08-26 09:57:45.011527+00	273	Order #273 by Yuliia Fedorchenko	1	[{"added": {}}, {"added": {"name": "order item", "object": "Beef Jerky - 1"}}, {"added": {"name": "order item", "object": "Zucchini pancakes with garlic sour cream sauce. - 1"}}, {"added": {"name": "order item", "object": "Prepared cabbage rolls with stuffing - 2"}}, {"added": {"name": "order item", "object": "Ukrainian lard - 1"}}, {"added": {"name": "order item", "object": "Mushrooms and fried onions crepes - 1"}}, {"added": {"name": "order item", "object": "Vanilla cheesecakes - 1"}}, {"added": {"name": "order item", "object": "Meat dumplings(pork - beef) - 1"}}]	11	12
1424	2025-08-26 10:00:37.210083+00	217	Sergey Palchin	1	[{"added": {}}]	7	12
1425	2025-08-26 10:07:00.278698+00	273	Order #273 by Yuliia Fedorchenko	2	[{"changed": {"fields": ["Notes", "Delivery fee manual", "Delivery fee"]}}]	11	12
1426	2025-08-26 10:09:07.834195+00	274	Order #274 by Sergey Palchin	1	[{"added": {}}, {"added": {"name": "order item", "object": "Strawberry Tiramisu(No alcohol) - 1"}}, {"added": {"name": "order item", "object": "Chicken aspic holodez - 2"}}, {"added": {"name": "order item", "object": "Salmon crepes with cream cheese - 1"}}, {"added": {"name": "order item", "object": "Borsch with beef - 1"}}]	11	12
1427	2025-08-26 10:09:09.442265+00	275	Order #275 by Sergey Palchin	1	[{"added": {}}, {"added": {"name": "order item", "object": "Strawberry Tiramisu(No alcohol) - 1"}}, {"added": {"name": "order item", "object": "Chicken aspic holodez - 2"}}, {"added": {"name": "order item", "object": "Salmon crepes with cream cheese - 1"}}, {"added": {"name": "order item", "object": "Borsch with beef - 1"}}]	11	12
1428	2025-08-26 10:09:21.632781+00	275	Order #275 by Sergey Palchin	3		11	12
1429	2025-08-26 10:09:35.010121+00	274	Order #274 by Sergey Palchin	2	[{"changed": {"fields": ["Notes"]}}]	11	12
1430	2025-08-26 10:10:17.072277+00	274	Order #274 by Sergey Palchin	2	[{"changed": {"fields": ["Notes", "Home Delivery", "Delivery fee manual", "Delivery fee"]}}]	11	12
1431	2025-08-26 10:49:33.561308+00	218	Maryna Kornieienkova	1	[{"added": {}}]	7	12
1432	2025-08-26 10:51:05.553514+00	218	Maryna Kornieienkova	2	[{"changed": {"fields": ["Address Line", "Postal Code"]}}]	7	12
1433	2025-08-26 11:09:09.326637+00	276	Order #276 by Maryna Kornieienkova	1	[{"added": {}}, {"added": {"name": "order item", "object": "Beef cutlets - 1"}}, {"added": {"name": "order item", "object": "Turkey dumplings - 1"}}, {"added": {"name": "order item", "object": "Meat cabbage rolls(pork - beef) - 2"}}, {"added": {"name": "order item", "object": "Cherry dumplings - 1"}}, {"added": {"name": "order item", "object": "Meat dumplings(pork - beef) - 2"}}]	11	12
1434	2025-08-26 11:13:29.866522+00	219	Myroslava Shchavynska	1	[{"added": {}}]	7	12
1435	2025-08-26 11:15:22.377555+00	277	Order #277 by Myroslava Shchavynska	1	[{"added": {}}, {"added": {"name": "order item", "object": "Meat dumplings(pork - beef) - 4"}}]	11	12
1436	2025-08-26 11:43:30.836404+00	220	Viktoriia Busakhina	1	[{"added": {}}]	7	12
1437	2025-08-26 11:44:21.98219+00	278	Order #278 by Viktoriia Busakhina	1	[{"added": {}}, {"added": {"name": "order item", "object": "Potato dumplings - 1"}}, {"added": {"name": "order item", "object": "Cherry dumplings - 1"}}, {"added": {"name": "order item", "object": "Meat cabbage rolls(pork - beef) - 1"}}]	11	12
1438	2025-08-26 11:49:01.069059+00	221	Natalia Fedorova	1	[{"added": {}}]	7	12
1439	2025-08-26 11:50:43.351131+00	202	Prepared vanilla cheesecakes with raisins	1	[{"added": {}}]	9	12
1440	2025-08-26 11:51:44.962661+00	279	Order #279 by Natalia Fedorova	1	[{"added": {}}, {"added": {"name": "order item", "object": "Prepared vanilla cheesecakes with raisins - 1"}}, {"added": {"name": "order item", "object": "Prepared chicken and cheese cutlets - 1"}}, {"added": {"name": "order item", "object": "Crepes stuffed with beef and fried onions - 1"}}, {"added": {"name": "order item", "object": "Fish cutlets - 1"}}, {"added": {"name": "order item", "object": "Chicken dumplings - 1"}}]	11	12
1441	2025-08-26 11:53:02.561877+00	278	Order #278 by Viktoriia Busakhina	2	[{"changed": {"fields": ["Status"]}}]	11	12
1442	2025-08-26 11:53:02.564187+00	274	Order #274 by Sergey Palchin	2	[{"changed": {"fields": ["Status"]}}]	11	12
1443	2025-08-26 12:33:45.411293+00	221	Natalia Fedorova	2	[{"changed": {"fields": ["Address Line", "Postal Code"]}}]	7	12
1444	2025-08-26 16:49:17.471898+00	222	Ganna Kondratenko	1	[{"added": {}}]	7	12
1445	2025-08-26 16:53:58.005659+00	280	Order #280 by Ganna Kondratenko	1	[{"added": {}}, {"added": {"name": "order item", "object": "Honey cake with sour cream - 1"}}, {"added": {"name": "order item", "object": "Cookie Nuts with condensed cream and hazelnut - 1"}}, {"added": {"name": "order item", "object": "Sausage in dough - 1"}}, {"added": {"name": "order item", "object": "Chicken soup with meatballs - 1"}}, {"added": {"name": "order item", "object": "Pies with apple - 1"}}, {"added": {"name": "order item", "object": "Lasagna - 1"}}, {"added": {"name": "order item", "object": "Pork and fried onions crepes - 1"}}, {"added": {"name": "order item", "object": "Cherry dumplings - 1"}}, {"added": {"name": "order item", "object": "Pork dumplings - 1"}}, {"added": {"name": "order item", "object": "Vanilla cheesecakes - 1"}}, {"added": {"name": "order item", "object": "Chicken cutlets - 1"}}, {"added": {"name": "order item", "object": "Beef cutlets - 1"}}]	11	12
1446	2025-08-26 17:14:50.013654+00	223	Irina Kushper	1	[{"added": {}}]	7	12
1447	2025-08-26 17:16:34.580168+00	281	Order #281 by Irina Kushper	1	[{"added": {}}, {"added": {"name": "order item", "object": "Cherry dumplings - 2"}}, {"added": {"name": "order item", "object": "Crepes stuffed with apple and cinnamon - 2"}}, {"added": {"name": "order item", "object": "Crepes stuffed with chicken and mushrooms - 3"}}, {"added": {"name": "order item", "object": "Vanilla sweet cottage cheese crepes - 3"}}]	11	12
1448	2025-08-26 17:32:01.023663+00	282	Order #282 by Daria Babicheva	1	[{"added": {}}, {"added": {"name": "order item", "object": "Chicken dumplings - 3"}}, {"added": {"name": "order item", "object": "Potato dumplings - 1"}}, {"added": {"name": "order item", "object": "Sweet cottage cheese dumplings - 2"}}, {"added": {"name": "order item", "object": "Cabbage rolls stuffed with chicken - 1"}}]	11	12
1449	2025-08-26 17:38:54.129902+00	280	Order #280 by Ganna Kondratenko	2	[{"changed": {"name": "order item", "object": "Cookie Nuts with condensed cream and hazelnut - 0.5", "fields": ["Quantity"]}}, {"deleted": {"name": "order item", "object": "Chicken soup with meatballs - 1.00"}}]	11	12
1450	2025-08-26 17:40:42.523079+00	98	Cookie Nuts with condensed cream and hazelnut	2	[{"changed": {"fields": ["Categories", "Price"]}}]	9	12
1451	2025-08-26 17:40:46.523914+00	280	Order #280 by Ganna Kondratenko	2	[]	11	12
1452	2025-08-26 19:01:21.901399+00	224	Vladyslav Volkov	1	[{"added": {}}]	7	12
1453	2025-08-26 19:07:26.280113+00	283	Order #283 by Vladyslav Volkov	1	[{"added": {}}, {"added": {"name": "order item", "object": "Pork dumplings - 1"}}, {"added": {"name": "order item", "object": "Barbecue pork in ketchup and mayonnaise - 1"}}, {"added": {"name": "order item", "object": "Vanilla cheesecakes with raisins - 1"}}, {"added": {"name": "order item", "object": "Crepes stuffed with chicken liver - 1"}}, {"added": {"name": "order item", "object": "Vanilla sweet cottage cheese crepes - 1"}}, {"added": {"name": "order item", "object": "Homemade chicken sausage - 1"}}, {"added": {"name": "order item", "object": "Meat cabbage rolls(pork - beef) - 1"}}, {"added": {"name": "order item", "object": "Meat chebureks(pork - beef) - 1"}}, {"added": {"name": "order item", "object": "Salmon crepes with cream cheese - 1"}}, {"added": {"name": "order item", "object": "Prepared vanilla cheesecakes with raisins - 1"}}, {"added": {"name": "order item", "object": "Korean carrots - 1"}}]	11	12
1454	2025-08-26 19:35:41.581672+00	283	Order #283 by Vladyslav Volkov	2	[{"changed": {"fields": ["Status"]}}]	11	12
1455	2025-08-26 19:37:10.942222+00	274	Order #274 by Sergey Palchin	2	[{"changed": {"fields": ["Delivery date"]}}]	11	12
1456	2025-08-26 19:37:49.808883+00	273	Order #273 by Yuliia Fedorchenko	2	[{"changed": {"fields": ["Delivery date"]}}]	11	12
1457	2025-08-26 19:46:27.694819+00	272	Order #272 by Tetiana Korsun	2	[{"changed": {"fields": ["Status"]}}]	11	12
1458	2025-08-26 22:16:21.786411+00	225	Viktoriia Nykonorova	1	[{"added": {}}]	7	12
1459	2025-08-26 22:18:31.567246+00	284	Order #284 by Viktoriia Nykonorova	1	[{"added": {}}, {"added": {"name": "order item", "object": "Meat dumplings(pork - beef) - 2"}}, {"added": {"name": "order item", "object": "Turkey dumplings - 1"}}, {"added": {"name": "order item", "object": "Turkey cabbage rolls - 1"}}, {"added": {"name": "order item", "object": "Vanilla cheesecakes - 1"}}, {"added": {"name": "order item", "object": "Ukrainian lard - 1"}}]	11	12
1460	2025-08-26 22:20:30.149518+00	226	Uliana Leshchenko	1	[{"added": {}}]	7	12
1461	2025-08-26 22:22:30.228018+00	285	Order #285 by Uliana Leshchenko	1	[{"added": {}}, {"added": {"name": "order item", "object": "Beef dumplings - 3"}}, {"added": {"name": "order item", "object": "Potato and mushrooms dumplings - 1"}}, {"added": {"name": "order item", "object": "Cabbage rolls stuffed with beef - 1"}}]	11	12
1462	2025-08-26 22:55:56.298174+00	285	Order #285 by Uliana Leshchenko	2	[{"changed": {"fields": ["Status"]}}]	11	12
1463	2025-08-27 11:48:38.261948+00	227	Nadya Belova	1	[{"added": {}}]	7	12
1464	2025-08-27 11:50:37.236018+00	286	Order #286 by Nadya Belova	1	[{"added": {}}, {"added": {"name": "order item", "object": "Meat dumplings(pork - beef) - 1"}}, {"added": {"name": "order item", "object": "Potato and fried onion dumplings - 1"}}, {"added": {"name": "order item", "object": "Vanilla cheesecakes - 1"}}, {"added": {"name": "order item", "object": "Turkey cutlets - 1"}}]	11	12
1465	2025-08-27 11:58:11.146085+00	228	Svitlana Yavtushenko	1	[{"added": {}}]	7	12
1466	2025-08-27 12:00:22.378939+00	287	Order #287 by Svitlana Yavtushenko	1	[{"added": {}}, {"added": {"name": "order item", "object": "Cherry dumplings - 1"}}, {"added": {"name": "order item", "object": "Meat cabbage rolls(pork - beef) - 1"}}, {"added": {"name": "order item", "object": "Meat chebureks(pork - beef) - 1"}}, {"added": {"name": "order item", "object": "Stuffed pepper with meat(pork - beef) - 1"}}]	11	12
1467	2025-08-27 12:02:24.463916+00	229	Anastasiia Banatska	1	[{"added": {}}]	7	12
1468	2025-08-27 12:06:21.151908+00	203	Chicken Jerky	1	[{"added": {}}]	9	12
1469	2025-08-27 12:06:49.580632+00	288	Order #288 by Anastasiia Banatska	1	[{"added": {}}, {"added": {"name": "order item", "object": "Vanilla cheesecakes - 1"}}, {"added": {"name": "order item", "object": "Turkey dumplings - 3"}}, {"added": {"name": "order item", "object": "Potato and fried onion dumplings - 2"}}, {"added": {"name": "order item", "object": "Ukrainian lard - 1"}}, {"added": {"name": "order item", "object": "Kyiv smoked sausage - 1"}}, {"added": {"name": "order item", "object": "Turkey Jerky - 2"}}, {"added": {"name": "order item", "object": "Chicken Jerky - 2"}}]	11	12
1470	2025-08-27 12:08:43.819156+00	230	Jana Vladimirova	1	[{"added": {}}]	7	12
1471	2025-08-27 12:10:13.46854+00	289	Order #289 by Jana Vladimirova	1	[{"added": {}}, {"added": {"name": "order item", "object": "Beef dumplings - 3"}}, {"added": {"name": "order item", "object": "Salted cottage cheese dumplings - 1"}}, {"added": {"name": "order item", "object": "Potato and fried onion dumplings - 1"}}, {"added": {"name": "order item", "object": "Potato and cottage cheese dumplings - 1"}}]	11	12
1472	2025-08-27 12:13:32.913973+00	231	Diana Komka	1	[{"added": {}}]	7	12
1473	2025-08-27 12:17:46.570488+00	290	Order #290 by Diana Komka	1	[{"added": {}}, {"added": {"name": "order item", "object": "Meat dumplings(pork - beef) - 2"}}, {"added": {"name": "order item", "object": "Meat cabbage rolls(pork - beef) - 1"}}]	11	12
1474	2025-08-27 12:21:03.065024+00	232	Yuzkiv Oleksandr	1	[{"added": {}}]	7	12
1475	2025-08-27 12:22:42.271809+00	105	Deruny (potato pancakes with mushroom sauce)	2	[{"changed": {"fields": ["Name", "Categories"]}}]	9	12
1476	2025-08-27 12:23:01.621423+00	291	Order #291 by Yuzkiv Oleksandr	1	[{"added": {}}, {"added": {"name": "order item", "object": "Salmon soup with cream cheese - 1"}}, {"added": {"name": "order item", "object": "Deruny (potato pancakes with mushroom sauce) - 1"}}, {"added": {"name": "order item", "object": "Vanilla sweet cottage cheese crepes - 1"}}]	11	12
1477	2025-08-27 12:26:18.615783+00	233	Daria Melnikova	1	[{"added": {}}]	7	12
1508	2025-08-27 21:33:07.384111+00	256	Order #256 by Olga Berdnikova	2	[{"changed": {"fields": ["Delivery date"]}}]	11	12
1582	2025-08-31 15:30:01.957753+00	316	Order #316 by Ina Pulford	1	[{"added": {}}, {"added": {"name": "order item", "object": "Prepared cheesecakes - 2"}}]	11	12
1478	2025-08-27 12:29:57.886026+00	292	Order #292 by Daria Melnikova	1	[{"added": {}}, {"added": {"name": "order item", "object": "Honey cake with sour cream - 1"}}, {"added": {"name": "order item", "object": "Cookie Nuts with condensed cream and hazelnut - 1"}}, {"added": {"name": "order item", "object": "Pies stuffed with cabbage - 1"}}, {"added": {"name": "order item", "object": "Meat chebureks(pork - beef) - 1"}}, {"added": {"name": "order item", "object": "Pork dumplings - 1"}}, {"added": {"name": "order item", "object": "Blueberry dumplings - 1"}}]	11	12
1479	2025-08-27 12:30:12.348164+00	292	Order #292 by Daria Melnikova	2	[]	11	12
1480	2025-08-27 12:30:38.008017+00	290	Order #290 by Diana Komka	2	[{"changed": {"fields": ["Notes"]}}]	11	12
1481	2025-08-27 12:40:45.308061+00	289	Order #289 by Jana Vladimirova	2	[{"changed": {"fields": ["Status"]}}]	11	12
1482	2025-08-27 13:05:04.819414+00	291	Order #291 by Yuzkiv Oleksandr	3		11	12
1483	2025-08-27 13:36:12.105842+00	234	Edite Klevinska	1	[{"added": {}}]	7	12
1484	2025-08-27 13:58:37.152012+00	293	Order #293 by Edite Klevinska	1	[{"added": {}}, {"added": {"name": "order item", "object": "Meat chebureks(pork - beef) - 2"}}, {"added": {"name": "order item", "object": "Prepared vanilla cheesecakes with raisins - 1"}}, {"added": {"name": "order item", "object": "Prepared cabbage rolls with stuffing - 1"}}, {"added": {"name": "order item", "object": "Cottage cheese raspberries casserole - 1"}}, {"added": {"name": "order item", "object": "Cherry cottage cheese casserole - 1"}}, {"added": {"name": "order item", "object": "Sausage in dough - 1"}}]	11	12
1485	2025-08-27 14:04:25.875769+00	294	Order #294 by Marina Buch	1	[{"added": {}}, {"added": {"name": "order item", "object": "Pies stuffed with cabbage - 1"}}, {"added": {"name": "order item", "object": "Sausage in dough - 1"}}, {"added": {"name": "order item", "object": "Prepared vanilla cheesecakes with raisins - 1"}}, {"added": {"name": "order item", "object": "Prepared chicken and cheese cutlets - 1"}}, {"added": {"name": "order item", "object": "Borsch with beef - 1"}}, {"added": {"name": "order item", "object": "Zucchini pancakes with garlic sour cream sauce. - 1"}}, {"added": {"name": "order item", "object": "Prepared meat cutlets(pork - beef) - 1"}}, {"added": {"name": "order item", "object": "Salted cottage cheese dumplings - 2"}}]	11	12
1486	2025-08-27 14:04:40.908167+00	294	Order #294 by Marina Buch	2	[{"changed": {"fields": ["Delivery fee manual", "Delivery fee"]}}]	11	12
1487	2025-08-27 14:06:32.115035+00	235	Svitlana Harris	1	[{"added": {}}]	7	12
1488	2025-08-27 14:09:24.159076+00	295	Order #295 by Svitlana Harris	1	[{"added": {}}, {"added": {"name": "order item", "object": "Cherry dumplings - 1"}}, {"added": {"name": "order item", "object": "Meat cabbage rolls(pork - beef) - 1"}}, {"added": {"name": "order item", "object": "Vanilla cheesecakes - 1"}}, {"added": {"name": "order item", "object": "Meat chebureks(pork - beef) - 1"}}, {"added": {"name": "order item", "object": "Potato dumplings - 1"}}, {"added": {"name": "order item", "object": "Ukrainian lard - 1"}}]	11	12
1489	2025-08-27 14:46:22.411584+00	295	Order #295 by Svitlana Harris	2	[{"changed": {"fields": ["Status"]}}]	11	12
1490	2025-08-27 18:42:04.829695+00	286	Order #286 by Nadya Belova	2	[{"changed": {"fields": ["Status"]}}]	11	12
1491	2025-08-27 18:49:17.904233+00	236	Yuliya Raphael	1	[{"added": {}}]	7	12
1492	2025-08-27 18:53:59.266563+00	296	Order #296 by Yuliya Raphael	1	[{"added": {}}, {"added": {"name": "order item", "object": "Napoleon cake - 1"}}, {"added": {"name": "order item", "object": "Beef goulash(stewed beef with vegetables) - 1"}}, {"added": {"name": "order item", "object": "Salmon crepes with cream cheese - 1"}}, {"added": {"name": "order item", "object": "Chicken aspic holodez - 1"}}, {"added": {"name": "order item", "object": "Deruny (potato pancakes with mushroom sauce) - 1"}}, {"added": {"name": "order item", "object": "Sweet cottage cheese and blueberries crepes - 1"}}, {"added": {"name": "order item", "object": "Stuffed pepper with turkey - 1"}}, {"added": {"name": "order item", "object": "Vanilla cheesecakes - 1"}}]	11	12
1493	2025-08-27 19:00:20.380248+00	237	Olga	1	[{"added": {}}]	7	12
1494	2025-08-27 19:03:04.263785+00	297	Order #297 by Olga	1	[{"added": {}}, {"added": {"name": "order item", "object": "Cherry dumplings - 1"}}, {"added": {"name": "order item", "object": "Meat dumplings(pork - beef) - 1"}}, {"added": {"name": "order item", "object": "Prepared cheesecakes - 1"}}, {"added": {"name": "order item", "object": "Vegetable salad Vinaigrette - 1"}}, {"added": {"name": "order item", "object": "Pies stuffed with cabbage - 1"}}]	11	12
1495	2025-08-27 19:10:57.014979+00	298	Order #298 by Tetiana Liubasiuk	1	[{"added": {}}, {"added": {"name": "order item", "object": "Turkey Jerky - 2"}}, {"added": {"name": "order item", "object": "Kyiv smoked sausage - 1"}}, {"added": {"name": "order item", "object": "Prepared chicken and cheese cutlets - 1"}}, {"added": {"name": "order item", "object": "Coffee Tiramisu(No alcohol) - 1"}}, {"added": {"name": "order item", "object": "Meat cabbage rolls(pork - beef) - 1"}}, {"added": {"name": "order item", "object": "Beef dumplings - 1"}}, {"added": {"name": "order item", "object": "Vanilla cheesecakes - 1"}}]	11	12
1496	2025-08-27 19:13:09.597324+00	238	Anastasiia Horbatova	1	[{"added": {}}]	7	12
1497	2025-08-27 19:16:29.030051+00	299	Order #299 by Anastasiia Horbatova	1	[{"added": {}}, {"added": {"name": "order item", "object": "Cherry dumplings - 1"}}, {"added": {"name": "order item", "object": "Vanilla cheesecakes - 1"}}, {"added": {"name": "order item", "object": "Chicken dumplings - 2"}}, {"added": {"name": "order item", "object": "Potato dumplings - 1"}}, {"added": {"name": "order item", "object": "Smoked sausages Okhotnichye - 1"}}, {"added": {"name": "order item", "object": "Beef basturma in spices - 1"}}]	11	12
1498	2025-08-27 19:17:48.946137+00	237	Olha Haponenko	2	[{"changed": {"fields": ["name"]}}]	7	12
1499	2025-08-27 19:29:13.848179+00	239	Maria Balyiska	1	[{"added": {}}]	7	12
1500	2025-08-27 19:32:15.101779+00	300	Order #300 by Maria Balyiska	1	[{"added": {}}, {"added": {"name": "order item", "object": "Cherry dumplings - 1"}}, {"added": {"name": "order item", "object": "Salmon crepes with cream cheese - 1"}}, {"added": {"name": "order item", "object": "Turkey cutlets - 1"}}, {"added": {"name": "order item", "object": "Prepared cheesecakes - 1"}}]	11	12
1501	2025-08-27 21:26:55.884412+00	175	Order #175 by Alex Ternovoy	2	[{"changed": {"fields": ["Status"]}}]	11	12
1502	2025-08-27 21:29:20.061294+00	298	Order #298 by Tetiana Liubasiuk	2	[{"added": {"name": "order item", "object": "Deruny (potato pancakes with mushroom sauce) - 1"}}]	11	12
1503	2025-08-27 21:31:20.220211+00	298	Order #298 by Tetiana Liubasiuk	2	[{"changed": {"fields": ["Delivery date"]}}]	11	12
1504	2025-08-27 21:31:39.36958+00	177	Order #177 by Tetiana Kostenko	2	[{"changed": {"fields": ["Delivery date"]}}]	11	12
1505	2025-08-27 21:32:00.645624+00	269	Order #269 by Lesia Bodnaruc	2	[{"changed": {"fields": ["Delivery date"]}}]	11	12
1506	2025-08-27 21:32:23.685979+00	261	Order #261 by Svitlana Lushnikova	2	[{"changed": {"fields": ["Delivery date"]}}]	11	12
1507	2025-08-27 21:32:39.449095+00	286	Order #286 by Nadya Belova	2	[{"changed": {"fields": ["Delivery date"]}}]	11	12
1583	2025-08-31 15:30:45.781877+00	265	Order #265 by Ira Golan	2	[{"changed": {"fields": ["Delivery date"]}}]	11	12
1509	2025-08-27 21:59:50.551934+00	268	Order #268 by Yevheniia Parkhomets	2	[{"changed": {"fields": ["Delivery date"]}}, {"added": {"name": "order item", "object": "Dry-cured sausage Cervelat - 1"}}]	11	12
1510	2025-08-27 23:23:57.995042+00	273	Order #273 by Yuliia Fedorchenko	2	[{"changed": {"fields": ["Status"]}}]	11	12
1511	2025-08-28 09:48:40.362847+00	298	Order #298 by Tetiana Liubasiuk	2	[{"changed": {"fields": ["Status"]}}]	11	12
1512	2025-08-28 09:51:27.574186+00	240	Artem Malakchy	1	[{"added": {}}]	7	12
1513	2025-08-28 10:18:02.331935+00	301	Order #301 by Artem Malakchy	1	[{"added": {}}, {"added": {"name": "order item", "object": "Cherry dumplings - 1"}}, {"added": {"name": "order item", "object": "Pork dumplings - 1"}}, {"added": {"name": "order item", "object": "Potato and mushrooms dumplings - 1"}}, {"added": {"name": "order item", "object": "Meat cabbage rolls(pork - beef) - 1"}}, {"added": {"name": "order item", "object": "Crepes stuffed with chicken and mushrooms - 1"}}, {"added": {"name": "order item", "object": "Borsch sauce(frozen) - 1"}}, {"added": {"name": "order item", "object": "Meat chebureks(pork - beef) - 1"}}, {"added": {"name": "order item", "object": "Pies stuffed with cabbage - 1"}}, {"added": {"name": "order item", "object": "Chocolate condensed milk 200 g - 1"}}]	11	12
1514	2025-08-28 10:20:49.067516+00	293	Order #293 by Edite Klevinska	2	[{"changed": {"fields": ["Status"]}}]	11	12
1515	2025-08-28 10:44:26.818237+00	292	Order #292 by Daria Melnikova	2	[{"changed": {"fields": ["Delivery date"]}}]	11	12
1516	2025-08-28 10:44:46.061565+00	287	Order #287 by Svitlana Yavtushenko	2	[{"changed": {"fields": ["Delivery date"]}}]	11	12
1517	2025-08-28 10:45:35.483495+00	274	Order #274 by Sergey Palchin	2	[{"changed": {"fields": ["Delivery date"]}}]	11	12
1518	2025-08-28 10:46:55.221807+00	283	Order #283 by Vladyslav Volkov	2	[{"changed": {"fields": ["Delivery date"]}}]	11	12
1519	2025-08-28 10:47:20.443598+00	301	Order #301 by Artem Malakchy	2	[{"changed": {"fields": ["Delivery date"]}}]	11	12
1520	2025-08-28 12:56:16.179093+00	302	Order #302 by Valentina Elizarova	1	[{"added": {}}, {"added": {"name": "order item", "object": "Liver cake - 1"}}, {"added": {"name": "order item", "object": "Shuba salad - 2"}}, {"added": {"name": "order item", "object": "Potato roast with beef, mushrooms and cheese - 1"}}, {"added": {"name": "order item", "object": "Butter crepes - 1"}}, {"added": {"name": "order item", "object": "Vegetable salad Vinaigrette - 1"}}, {"added": {"name": "order item", "object": "Cookies nuts with condensed milk - 1"}}, {"added": {"name": "order item", "object": "Sausage in dough - 1"}}, {"added": {"name": "order item", "object": "Pies stuffed with cabbage - 1"}}, {"added": {"name": "order item", "object": "Chicken and cheese chebureks - 3"}}, {"added": {"name": "order item", "object": "Sweet cottage cheese and blueberries crepes - 1"}}]	11	12
1521	2025-08-28 13:01:41.86733+00	260	Order #260 by Alexandra Tarchenko	2	[{"added": {"name": "order item", "object": "Potato dumplings - 1"}}]	11	12
1522	2025-08-28 13:07:37.707775+00	241	Svetlana Abelene	1	[{"added": {}}]	7	12
1523	2025-08-28 13:09:26.71232+00	303	Order #303 by Svetlana Abelene	1	[{"added": {}}, {"added": {"name": "order item", "object": "Crepes stuffed with apple and cinnamon - 1"}}, {"added": {"name": "order item", "object": "Vanilla cheesecakes - 3"}}, {"added": {"name": "order item", "object": "Beef dumplings - 1"}}]	11	12
1524	2025-08-28 19:38:50.029348+00	242	Andrei Ponomarev	1	[{"added": {}}]	7	12
1525	2025-08-28 19:41:04.731503+00	304	Order #304 by Andrei Ponomarev	1	[{"added": {}}, {"added": {"name": "order item", "object": "Vanilla cheesecakes - 1"}}, {"added": {"name": "order item", "object": "Vanilla cheesecakes with raisins - 1"}}, {"added": {"name": "order item", "object": "Crepes stuffed with chicken and mushrooms - 1"}}, {"added": {"name": "order item", "object": "Vanilla sweet cottage cheese crepes - 1"}}, {"added": {"name": "order item", "object": "Chicken cutlets - 1"}}, {"added": {"name": "order item", "object": "Turkey cutlets - 1"}}, {"added": {"name": "order item", "object": "Meat pies(pork - beef) - 1"}}]	11	12
1526	2025-08-28 19:45:44.667707+00	305	Order #305 by Anastasia Maximova	1	[{"added": {}}, {"added": {"name": "order item", "object": "Borsch with beef - 2"}}, {"added": {"name": "order item", "object": "Shuba salad - 2"}}, {"added": {"name": "order item", "object": "Cottage cheese raspberries casserole - 1"}}]	11	12
1527	2025-08-28 19:48:40.087448+00	270	Order #270 by Julia Dovgal	2	[{"changed": {"fields": ["Status"]}}]	11	12
1528	2025-08-28 19:50:46.330297+00	243	Vitalii Avramenko	1	[{"added": {}}]	7	12
1529	2025-08-28 19:56:30.83526+00	306	Order #306 by Vitalii Avramenko	1	[{"added": {}}, {"added": {"name": "order item", "object": "Cherry dumplings - 1"}}, {"added": {"name": "order item", "object": "Prepared vanilla cheesecakes with raisins - 1"}}, {"added": {"name": "order item", "object": "Meat dumplings(pork - beef) - 1"}}, {"added": {"name": "order item", "object": "Turkey dumplings - 1"}}, {"added": {"name": "order item", "object": "Potato and fried onion dumplings - 1"}}, {"added": {"name": "order item", "object": "Chicken dumplings - 1"}}, {"added": {"name": "order item", "object": "Shuba salad - 1"}}]	11	12
1530	2025-08-28 19:59:31.465409+00	225	Viktoriia Nykonorova	2	[{"changed": {"fields": ["phone"]}}]	7	12
1531	2025-08-28 20:02:30.691825+00	244	Ina Pulford	1	[{"added": {}}]	7	12
1532	2025-08-28 20:04:34.135188+00	307	Order #307 by Ina Pulford	1	[{"added": {}}, {"added": {"name": "order item", "object": "Prepared cheesecakes - 1"}}, {"added": {"name": "order item", "object": "Napoleon cake - 1"}}, {"added": {"name": "order item", "object": "Korean carrots - 1"}}, {"added": {"name": "order item", "object": "Pies stuffed with cabbage - 1"}}, {"added": {"name": "order item", "object": "Potato and mushrooms dumplings - 1"}}, {"added": {"name": "order item", "object": "Chicken meatballs and tomato sauce - 1"}}]	11	12
1533	2025-08-28 20:04:35.850143+00	308	Order #308 by Ina Pulford	1	[{"added": {}}, {"added": {"name": "order item", "object": "Prepared cheesecakes - 1"}}, {"added": {"name": "order item", "object": "Napoleon cake - 1"}}, {"added": {"name": "order item", "object": "Korean carrots - 1"}}, {"added": {"name": "order item", "object": "Pies stuffed with cabbage - 1"}}, {"added": {"name": "order item", "object": "Potato and mushrooms dumplings - 1"}}, {"added": {"name": "order item", "object": "Chicken meatballs and tomato sauce - 1"}}]	11	12
1534	2025-08-28 20:04:56.132064+00	308	Order #308 by Ina Pulford	3		11	12
1535	2025-08-28 20:06:22.567322+00	306	Order #306 by Vitalii Avramenko	2	[{"changed": {"fields": ["Status"]}}]	11	12
1536	2025-08-29 10:49:36.217732+00	292	Order #292 by Daria Melnikova	2	[{"changed": {"fields": ["Status"]}}]	11	12
1537	2025-08-29 10:50:52.303326+00	304	Order #304 by Andrei Ponomarev	2	[{"changed": {"fields": ["Status"]}}]	11	12
1538	2025-08-29 10:51:39.227099+00	287	Order #287 by Svitlana Yavtushenko	2	[{"changed": {"fields": ["Delivery date"]}}]	11	12
1539	2025-08-29 11:33:29.526303+00	245	Rassokhina Ganna	1	[{"added": {}}]	7	12
1581	2025-08-31 15:28:38.134328+00	315	Order #315 by Lana Kravchenko	1	[{"added": {}}, {"added": {"name": "order item", "object": "Pies stuffed with cabbage - 2"}}, {"added": {"name": "order item", "object": "Sausage in dough - 1"}}]	11	12
1540	2025-08-29 11:35:36.284631+00	309	Order #309 by Rassokhina Ganna	1	[{"added": {}}, {"added": {"name": "order item", "object": "Vanilla cheesecakes - 1"}}, {"added": {"name": "order item", "object": "Turkey dumplings - 1"}}, {"added": {"name": "order item", "object": "Meat cabbage rolls(pork - beef) - 1"}}, {"added": {"name": "order item", "object": "Blueberry dumplings - 1"}}, {"added": {"name": "order item", "object": "Chicken aspic holodez - 1"}}]	11	12
1541	2025-08-29 11:47:33.848425+00	246	Natalia Grigoryak	1	[{"added": {}}]	7	12
1542	2025-08-29 11:49:37.751263+00	310	Order #310 by Natalia Grigoryak	1	[{"added": {}}, {"added": {"name": "order item", "object": "Crepes stuffed with chicken and mushrooms - 1"}}, {"added": {"name": "order item", "object": "Crepes stuffed with chicken liver - 1"}}, {"added": {"name": "order item", "object": "Vanilla cheesecakes - 1"}}, {"added": {"name": "order item", "object": "Potato and mushrooms dumplings - 1"}}, {"added": {"name": "order item", "object": "Potato and fried onion dumplings - 1"}}, {"added": {"name": "order item", "object": "Chicken dumplings - 1"}}, {"added": {"name": "order item", "object": "Turkey dumplings - 1"}}]	11	12
1543	2025-08-29 20:22:58.369377+00	301	Order #301 by Artem Malakchy	2	[{"changed": {"fields": ["Status"]}}]	11	12
1544	2025-08-30 09:48:41.196483+00	310	Order #310 by Natalia Grigoryak	2	[{"changed": {"fields": ["Status"]}}]	11	12
1545	2025-08-30 09:49:31.076118+00	305	Order #305 by Anastasia Maximova	2	[{"changed": {"fields": ["Status"]}}]	11	12
1546	2025-08-30 09:49:31.080138+00	266	Order #266 by Evgeniya Doroshek	2	[{"changed": {"fields": ["Status"]}}]	11	12
1547	2025-08-30 09:49:31.083805+00	244	Order #244 by Alyona Tkachenko	2	[{"changed": {"fields": ["Status"]}}]	11	12
1548	2025-08-30 09:50:23.299565+00	276	Order #276 by Maryna Kornieienkova	2	[{"changed": {"fields": ["Status"]}}]	11	12
1549	2025-08-30 09:50:23.303531+00	263	Order #263 by Diana Lyubavskaya	2	[{"changed": {"fields": ["Status"]}}]	11	12
1550	2025-08-30 09:50:49.216689+00	307	Order #307 by Ina Pulford	2	[{"changed": {"fields": ["Status"]}}]	11	12
1551	2025-08-30 09:50:49.220395+00	141	Order #141 by Vitalii Tomashevskyi	2	[{"changed": {"fields": ["Status"]}}]	11	12
1552	2025-08-30 09:52:44.148695+00	247	Elena Melnik	1	[{"added": {}}]	7	12
1553	2025-08-30 09:54:02.692967+00	311	Order #311 by Elena Melnik	1	[{"added": {}}, {"added": {"name": "order item", "object": "Potato and fried onion dumplings - 2"}}, {"added": {"name": "order item", "object": "Meat dumplings(pork - beef) varenyky - 2"}}, {"added": {"name": "order item", "object": "Vanilla cheesecakes - 1"}}, {"added": {"name": "order item", "object": "Chicken aspic holodez - 1"}}]	11	12
1554	2025-08-30 10:05:09.143512+00	264	Order #264 by Vladyslav Shevchenko	2	[{"changed": {"fields": ["Status"]}}]	11	12
1555	2025-08-30 10:06:40.78963+00	309	Order #309 by Rassokhina Ganna	2	[{"changed": {"fields": ["Status"]}}]	11	12
1556	2025-08-30 10:14:01.639808+00	277	Order #277 by Myroslava Shchavynska	2	[{"changed": {"fields": ["Status"]}}]	11	12
1557	2025-08-30 10:34:09.721496+00	300	Order #300 by Maria Balyiska	2	[{"changed": {"fields": ["Status"]}}]	11	12
1558	2025-08-30 10:34:09.725309+00	296	Order #296 by Yuliya Raphael	2	[{"changed": {"fields": ["Status"]}}]	11	12
1559	2025-08-30 20:44:52.590797+00	288	Order #288 by Anastasiia Banatska	2	[{"changed": {"fields": ["Status"]}}]	11	12
1560	2025-08-30 20:46:05.741696+00	262	Order #262 by Megan McManners	2	[{"changed": {"fields": ["Status"]}}]	11	12
1561	2025-08-30 20:46:29.184096+00	271	Order #271 by Inna Ptashnyk	2	[{"changed": {"fields": ["Status"]}}]	11	12
1562	2025-08-30 20:47:50.561207+00	259	Order #259 by Anna Lokoglu	2	[{"changed": {"fields": ["Status"]}}]	11	12
1563	2025-08-30 20:47:50.56502+00	255	Order #255 by Ganna Semenenko	2	[{"changed": {"fields": ["Status"]}}]	11	12
1564	2025-08-30 20:52:40.439493+00	290	Order #290 by Diana Komka	2	[{"changed": {"fields": ["Status"]}}]	11	12
1565	2025-08-31 13:31:17.490613+00	261	Order #261 by Svitlana Lushnikova	2	[{"changed": {"fields": ["Status"]}}]	11	12
1566	2025-08-31 13:33:54.047481+00	294	Order #294 by Marina Buch	2	[{"changed": {"fields": ["Status"]}}]	11	12
1567	2025-08-31 13:33:54.05156+00	281	Order #281 by Irina Kushper	2	[{"changed": {"fields": ["Status"]}}]	11	12
1568	2025-08-31 13:33:54.05503+00	280	Order #280 by Ganna Kondratenko	2	[{"changed": {"fields": ["Status"]}}]	11	12
1569	2025-08-31 13:34:31.909982+00	223	Irina Kushper	2	[{"changed": {"fields": ["Address Line"]}}]	7	12
1570	2025-08-31 13:35:18.819765+00	302	Order #302 by Valentina Elizarova	2	[{"changed": {"fields": ["Status"]}}]	11	12
1571	2025-08-31 14:54:23.353754+00	297	Order #297 by Olha Haponenko	2	[{"changed": {"fields": ["Status"]}}]	11	12
1572	2025-08-31 14:54:23.357744+00	284	Order #284 by Viktoriia Nykonorova	2	[{"changed": {"fields": ["Status"]}}]	11	12
1573	2025-08-31 15:06:23.876017+00	287	Order #287 by Svitlana Yavtushenko	2	[{"changed": {"fields": ["Delivery date"]}}]	11	12
1574	2025-08-31 15:06:39.737524+00	311	Order #311 by Elena Melnik	2	[{"changed": {"fields": ["Delivery date"]}}]	11	12
1575	2025-08-31 15:08:48.683983+00	205	Belan Maria	2	[{"changed": {"fields": ["phone"]}}]	7	12
1576	2025-08-31 15:11:45.553605+00	248	Liudmyla Starobor	1	[{"added": {}}]	7	12
1577	2025-08-31 15:14:51.815777+00	312	Order #312 by Liudmyla Starobor	1	[{"added": {}}, {"added": {"name": "order item", "object": "Chicken aspic holodez - 1"}}, {"added": {"name": "order item", "object": "Olivie salad - 1"}}, {"added": {"name": "order item", "object": "Crab salad - 1"}}, {"added": {"name": "order item", "object": "Vegetable salad Vinaigrette - 1"}}, {"added": {"name": "order item", "object": "Prepared chicken and cheese cutlets - 2"}}, {"added": {"name": "order item", "object": "Homemade fried pork sausage - 2"}}, {"added": {"name": "order item", "object": "Pies stuffed with cabbage - 3"}}]	11	12
1578	2025-08-31 15:22:10.572615+00	313	Order #313 by Ksenia Antonova	1	[{"added": {}}, {"added": {"name": "order item", "object": "Meat chebureks(pork - beef) - 1"}}, {"added": {"name": "order item", "object": "Turkey dumplings - 1"}}, {"added": {"name": "order item", "object": "Crepes stuffed with chicken and mushrooms - 1"}}, {"added": {"name": "order item", "object": "Potato dumplings - 1"}}, {"added": {"name": "order item", "object": "Vanilla cheesecakes - 1"}}, {"added": {"name": "order item", "object": "Borsch with beef - 1"}}, {"added": {"name": "order item", "object": "Chicken soup with meatballs - 1"}}, {"added": {"name": "order item", "object": "Vegetable salad Vinaigrette - 1"}}, {"added": {"name": "order item", "object": "Blueberries cottage cheese casserole - 1"}}]	11	12
1579	2025-08-31 15:24:50.545552+00	249	Uliana Peresenchuk	1	[{"added": {}}]	7	12
1580	2025-08-31 15:26:01.890376+00	314	Order #314 by Uliana Peresenchuk	1	[{"added": {}}, {"added": {"name": "order item", "object": "Meat dumplings(pork - beef) - 2"}}, {"added": {"name": "order item", "object": "Sweet cottage cheese dumplings - 1"}}, {"added": {"name": "order item", "object": "Potato and mushrooms dumplings - 2"}}]	11	12
1584	2025-08-31 15:33:03.118162+00	250	Natalie Johnson	1	[{"added": {}}]	7	12
1585	2025-08-31 15:37:40.151675+00	317	Order #317 by Natalie Johnson	1	[{"added": {}}, {"added": {"name": "order item", "object": "Borsch with beef - 1"}}, {"added": {"name": "order item", "object": "Salmon crepes with cream cheese - 1"}}, {"added": {"name": "order item", "object": "Prepared chicken and cheese cutlets - 1"}}, {"added": {"name": "order item", "object": "Prepared vanilla cheesecakes with raisins - 1"}}, {"added": {"name": "order item", "object": "Strawberry Tiramisu(No alcohol) - 1"}}, {"added": {"name": "order item", "object": "Meat soup Solyanka - 1"}}, {"added": {"name": "order item", "object": "Poppy seeds buns - 1"}}, {"added": {"name": "order item", "object": "Cabbage rolls stuffed with chicken - 1"}}, {"added": {"name": "order item", "object": "Meat chebureks(pork - beef) - 1"}}, {"added": {"name": "order item", "object": "Stuffed pepper with meat(pork - beef) - 1"}}, {"added": {"name": "order item", "object": "Crepes stuffed with apple and cinnamon - 1"}}]	11	12
1586	2025-08-31 15:42:52.392284+00	251	Hlushko Oksana	1	[{"added": {}}]	7	12
1587	2025-08-31 15:46:00.809347+00	318	Order #318 by Hlushko Oksana	1	[{"added": {}}, {"added": {"name": "order item", "object": "Potato dumplings - 1"}}, {"added": {"name": "order item", "object": "Meat dumplings(pork - beef) varenyky - 1"}}, {"added": {"name": "order item", "object": "Salted cottage cheese dumplings - 1"}}, {"added": {"name": "order item", "object": "Meat cabbage rolls(pork - beef) - 1"}}, {"added": {"name": "order item", "object": "Vanilla cheesecakes with raisins - 1"}}, {"added": {"name": "order item", "object": "Crepes stuffed with chicken and cheese - 1"}}, {"added": {"name": "order item", "object": "Meat chebureks(pork - beef) - 1"}}, {"added": {"name": "order item", "object": "Liver pancakes - 1"}}]	11	12
1588	2025-08-31 16:20:34.619248+00	267	Order #267 by Ed Hall	2	[{"changed": {"fields": ["Status"]}}]	11	12
1589	2025-08-31 16:20:34.623942+00	252	Order #252 by Kritchyna Oksana	2	[{"changed": {"fields": ["Status"]}}]	11	12
1590	2025-08-31 18:09:12.684289+00	279	Order #279 by Natalia Fedorova	2	[{"changed": {"fields": ["Status"]}}]	11	12
1591	2025-08-31 18:14:32.403733+00	260	Order #260 by Alexandra Tarchenko	2	[{"changed": {"fields": ["Status"]}}]	11	12
1592	2025-08-31 20:02:48.091647+00	252	Ekaterina Bulatova	1	[{"added": {}}]	7	12
1593	2025-08-31 20:06:59.623921+00	319	Order #319 by Ekaterina Bulatova	1	[{"added": {}}, {"added": {"name": "order item", "object": "Prepared vanilla cheesecakes with raisins - 1"}}, {"added": {"name": "order item", "object": "Korean carrots - 1"}}, {"added": {"name": "order item", "object": "Olivie salad - 1"}}, {"added": {"name": "order item", "object": "Shuba salad - 1"}}, {"added": {"name": "order item", "object": "Turkey meatballs and tomato sauce - 1"}}, {"added": {"name": "order item", "object": "Blueberries cottage cheese casserole - 1"}}]	11	12
1594	2025-08-31 21:48:55.090692+00	317	Order #317 by Natalie Johnson	2	[{"changed": {"fields": ["Status"]}}]	11	12
1595	2025-09-01 11:00:24.178178+00	282	Order #282 by Daria Babicheva	2	[{"changed": {"fields": ["Status"]}}]	11	12
1596	2025-09-01 19:44:54.783619+00	311	Order #311 by Elena Melnik	2	[{"changed": {"fields": ["Status"]}}]	11	12
1597	2025-09-01 19:44:54.787717+00	287	Order #287 by Svitlana Yavtushenko	2	[{"changed": {"fields": ["Status"]}}]	11	12
1598	2025-09-01 19:44:54.79132+00	258	Order #258 by Belan Maria	2	[{"changed": {"fields": ["Status"]}}]	11	12
1599	2025-09-01 19:46:41.912296+00	231	Order #231 by Kate Bohomolova	2	[{"changed": {"fields": ["Status"]}}]	11	12
1600	2025-09-01 19:47:36.133381+00	190	"Ukraine Response Team with. Attention of Sam Connor"	2	[{"changed": {"fields": ["name"]}}]	7	12
1601	2025-09-01 19:51:24.051189+00	320	Order #320 by Elena Yushko	1	[{"added": {}}, {"added": {"name": "order item", "object": "Liver pancakes - 1"}}, {"added": {"name": "order item", "object": "Zucchini pancakes with garlic sour cream sauce. - 1"}}, {"added": {"name": "order item", "object": "Mimosa salad - 1"}}, {"added": {"name": "order item", "object": "Shuba salad - 1"}}, {"added": {"name": "order item", "object": "Chicken soup with meatballs - 1"}}, {"added": {"name": "order item", "object": "Meat soup Solyanka - 1"}}, {"added": {"name": "order item", "object": "Chicken liver pate - 1"}}, {"added": {"name": "order item", "object": "Kyiv smoked sausage - 1"}}]	11	12
1602	2025-09-01 19:51:25.906634+00	321	Order #321 by Elena Yushko	1	[{"added": {}}, {"added": {"name": "order item", "object": "Liver pancakes - 1"}}, {"added": {"name": "order item", "object": "Zucchini pancakes with garlic sour cream sauce. - 1"}}, {"added": {"name": "order item", "object": "Mimosa salad - 1"}}, {"added": {"name": "order item", "object": "Shuba salad - 1"}}, {"added": {"name": "order item", "object": "Chicken soup with meatballs - 1"}}, {"added": {"name": "order item", "object": "Meat soup Solyanka - 1"}}, {"added": {"name": "order item", "object": "Chicken liver pate - 1"}}, {"added": {"name": "order item", "object": "Kyiv smoked sausage - 1"}}]	11	12
1603	2025-09-01 19:51:38.472579+00	320	Order #320 by Elena Yushko	3		11	12
1604	2025-09-01 19:53:44.58205+00	253	Natalia Shevchuk	1	[{"added": {}}]	7	12
1605	2025-09-01 19:55:56.642484+00	322	Order #322 by Natalia Shevchuk	1	[{"added": {}}, {"added": {"name": "order item", "object": "Chicken dumplings - 1"}}, {"added": {"name": "order item", "object": "Potato dumplings - 1"}}, {"added": {"name": "order item", "object": "Chicken meatballs and tomato sauce - 2"}}, {"added": {"name": "order item", "object": "Cabbage rolls stuffed with chicken - 1"}}, {"added": {"name": "order item", "object": "Crepes stuffed with chicken and cheese - 1"}}, {"added": {"name": "order item", "object": "Prepared beef cutlets - 1"}}]	11	12
1606	2025-09-01 20:00:19.382246+00	96	Pies stuffed with meat (pork - beef)	2	[{"changed": {"fields": ["Name", "Categories"]}}]	9	12
1607	2025-09-01 20:00:34.828508+00	323	Order #323 by Tetiana Liubasiuk	1	[{"added": {}}, {"added": {"name": "order item", "object": "Crepes stuffed with chicken and mushrooms - 1"}}, {"added": {"name": "order item", "object": "Crepes stuffed with beef and fried onions - 1"}}, {"added": {"name": "order item", "object": "Turkey meatballs and tomato sauce - 1"}}, {"added": {"name": "order item", "object": "Pies stuffed with cabbage - 1"}}, {"added": {"name": "order item", "object": "Pies stuffed with meat (pork - beef) - 1"}}]	11	12
1608	2025-09-02 09:47:08.381101+00	254	Yuliana Kuzemko	1	[{"added": {}}]	7	12
1609	2025-09-02 09:48:28.417084+00	324	Order #324 by Yuliana Kuzemko	1	[{"added": {}}, {"added": {"name": "order item", "object": "Beef dumplings - 1"}}, {"added": {"name": "order item", "object": "Meat dumplings(pork - beef) - 1"}}, {"added": {"name": "order item", "object": "Potato dumplings - 1"}}]	11	12
1610	2025-09-02 09:49:40.352173+00	253	Natalia Shevchuk	2	[{"changed": {"fields": ["phone"]}}]	7	12
1631	2025-09-03 16:39:48.215935+00	333	Order #333 by Victoria McClurg	1	[{"added": {}}, {"added": {"name": "order item", "object": "Potato and fried onion dumplings - 2"}}, {"added": {"name": "order item", "object": "Pork and fried onions crepes - 1"}}, {"added": {"name": "order item", "object": "Fish cutlets - 1"}}, {"added": {"name": "order item", "object": "Liver pancakes - 1"}}, {"added": {"name": "order item", "object": "Chicken aspic holodez - 1"}}, {"added": {"name": "order item", "object": "Shuba salad - 1"}}]	11	12
1611	2025-09-02 09:53:30.571937+00	325	Order #325 by Daria Melnikova	1	[{"added": {}}, {"added": {"name": "order item", "object": "Meat dumplings(pork - beef) - 1"}}, {"added": {"name": "order item", "object": "Chicken and cheese chebureks - 1"}}, {"added": {"name": "order item", "object": "Korean carrots - 1"}}, {"added": {"name": "order item", "object": "Chicken aspic holodez - 1"}}, {"added": {"name": "order item", "object": "Chicken liver pate - 1"}}, {"added": {"name": "order item", "object": "Poppy seeds buns - 1"}}, {"added": {"name": "order item", "object": "Sausage in dough - 1"}}, {"added": {"name": "order item", "object": "Honey cake with sour cream - 1"}}]	11	12
1612	2025-09-02 09:54:45.274044+00	115	Korean carrots	2	[{"changed": {"fields": ["Description", "Categories", "Price"]}}]	9	12
1613	2025-09-02 09:54:48.294953+00	325	Order #325 by Daria Melnikova	2	[]	11	12
1614	2025-09-02 12:59:41.874798+00	322	Order #322 by Natalia Shevchuk	2	[{"added": {"name": "order item", "object": "Prepared fish cutlets - 1"}}]	11	12
1615	2025-09-03 11:35:13.495179+00	204	Herring forshmak	1	[{"added": {}}]	9	12
1616	2025-09-03 11:36:24.518558+00	205	Homemade sauerkraut	1	[{"added": {}}]	9	12
1617	2025-09-03 11:43:29.53293+00	326	Order #326 by Vladyslav Volkov	1	[{"added": {}}, {"added": {"name": "order item", "object": "Crepes stuffed with beef and fried onions - 1"}}, {"added": {"name": "order item", "object": "Crepes stuffed with chicken and mushrooms - 1"}}, {"added": {"name": "order item", "object": "Herring forshmak - 1"}}, {"added": {"name": "order item", "object": "Homemade sauerkraut - 2"}}, {"added": {"name": "order item", "object": "Homemade meat grill sausages - 3"}}, {"added": {"name": "order item", "object": "Dry-cured turkey - 1"}}, {"added": {"name": "order item", "object": "Tongue delicacy - 1"}}, {"added": {"name": "order item", "object": "Dry-cured sausage Cervelat - 2"}}, {"added": {"name": "order item", "object": "Grilled baby potatoes - 1"}}, {"added": {"name": "order item", "object": "Mimosa salad - 1"}}, {"added": {"name": "order item", "object": "Pork chops baked with tomatoes and cheese - 1"}}, {"added": {"name": "order item", "object": "Aubergine rolls stuffed with cream cheese and garlic - 2"}}, {"added": {"name": "order item", "object": "Shuba salad - 2"}}, {"added": {"name": "order item", "object": "Chicken and mushroom salad - 1"}}, {"added": {"name": "order item", "object": "Pheasant nest salad - 1"}}, {"added": {"name": "order item", "object": "Salmon crepes with cream cheese - 1"}}, {"added": {"name": "order item", "object": "Liver cake - 1"}}]	11	12
1618	2025-09-03 11:43:51.92586+00	326	Order #326 by Vladyslav Volkov	2	[{"changed": {"fields": ["Home Delivery", "Delivery fee manual", "Delivery fee"]}}]	11	12
1619	2025-09-03 12:37:44.273778+00	327	Order #327 by Oksana Nedashkivska	1	[{"added": {}}, {"added": {"name": "order item", "object": "Turkey dumplings - 5"}}]	11	12
1620	2025-09-03 12:43:37.361719+00	328	Order #328 by Olha Pohribniak	1	[{"added": {}}, {"added": {"name": "order item", "object": "Cherry dumplings - 1"}}, {"added": {"name": "order item", "object": "Chicken dumplings - 1"}}, {"added": {"name": "order item", "object": "Potato and fried onion dumplings - 1"}}, {"added": {"name": "order item", "object": "Crepes stuffed with apple and cinnamon - 1"}}, {"added": {"name": "order item", "object": "Vanilla sweet cottage cheese crepes - 1"}}, {"added": {"name": "order item", "object": "Beef cutlets - 1"}}, {"added": {"name": "order item", "object": "Turkey meatballs and tomato sauce - 1"}}, {"added": {"name": "order item", "object": "Lasagna - 1"}}, {"added": {"name": "order item", "object": "Salami smoked sausage - 1"}}]	11	12
1621	2025-09-03 12:47:40.158439+00	206	Korean carrots 500 g	1	[{"added": {}}]	9	12
1622	2025-09-03 12:50:25.338036+00	316	Order #316 by Ina Pulford	2	[{"added": {"name": "order item", "object": "Olivie salad - 1"}}, {"added": {"name": "order item", "object": "Korean carrots 500 g - 1"}}, {"added": {"name": "order item", "object": "Prepared chicken and cheese cutlets - 1"}}, {"added": {"name": "order item", "object": "Grudinka(baked pork brisket) - 1"}}, {"added": {"name": "order item", "object": "Pies stuffed with cabbage - 1"}}, {"added": {"name": "order item", "object": "Coconut condensed milk 200 g - 1"}}, {"added": {"name": "order item", "object": "Cabbage rolls stuffed with beef - 1"}}, {"added": {"name": "order item", "object": "Vanilla cheesecakes with raisins - 1"}}, {"added": {"name": "order item", "object": "Crepes stuffed with beef and fried onions - 1"}}, {"added": {"name": "order item", "object": "Crepes stuffed with chicken and mushrooms - 1"}}, {"added": {"name": "order item", "object": "Vanilla sweet cottage cheese crepes - 1"}}, {"changed": {"name": "order item", "object": "Prepared cheesecakes - 1", "fields": ["Quantity"]}}]	11	12
1623	2025-09-03 16:09:18.562029+00	255	Tatyana Chmyhal	1	[{"added": {}}]	7	12
1624	2025-09-03 16:12:37.425554+00	329	Order #329 by Tatyana Chmyhal	1	[{"added": {}}, {"added": {"name": "order item", "object": "Strawberry Tiramisu(No alcohol) - 1"}}, {"added": {"name": "order item", "object": "Homemade fried pork sausage - 1"}}, {"added": {"name": "order item", "object": "Meat dumplings(pork - beef) - 1"}}, {"added": {"name": "order item", "object": "Turkey dumplings - 1"}}, {"added": {"name": "order item", "object": "Turkey cabbage rolls - 2"}}, {"added": {"name": "order item", "object": "Sweet cottage cheese and blueberries crepes - 1"}}, {"added": {"name": "order item", "object": "Crepes stuffed with beef and fried onions - 1"}}]	11	12
1625	2025-09-03 16:18:56.120007+00	256	Olena Bondarchuk	1	[{"added": {}}]	7	12
1626	2025-09-03 16:23:11.0111+00	330	Order #330 by Olena Bondarchuk	1	[{"added": {}}, {"added": {"name": "order item", "object": "Pork dumplings - 1"}}, {"added": {"name": "order item", "object": "Potato dumplings - 1"}}, {"added": {"name": "order item", "object": "Cabbage rolls stuffed with chicken - 1"}}, {"added": {"name": "order item", "object": "Chicken chebureks - 1"}}, {"added": {"name": "order item", "object": "Meat chebureks(pork - beef) - 1"}}, {"added": {"name": "order item", "object": "Homemade pork and beef sausage - 1"}}, {"added": {"name": "order item", "object": "Blueberry dumplings - 1"}}, {"added": {"name": "order item", "object": "Baked pork(buzhenina) - 1"}}]	11	12
1627	2025-09-03 16:32:06.920584+00	257	Tatiana Gapontseva	1	[{"added": {}}]	7	12
1628	2025-09-03 16:33:26.899105+00	331	Order #331 by Tatiana Gapontseva	1	[{"added": {}}, {"added": {"name": "order item", "object": "Beef dumplings - 1"}}, {"added": {"name": "order item", "object": "Crepes stuffed with beef and fried onions - 1"}}, {"added": {"name": "order item", "object": "Sweet cottage cheese dumplings - 1"}}, {"added": {"name": "order item", "object": "Shuba salad - 1"}}, {"added": {"name": "order item", "object": "Olivie salad - 1"}}]	11	12
1629	2025-09-03 16:33:28.618286+00	332	Order #332 by Tatiana Gapontseva	1	[{"added": {}}, {"added": {"name": "order item", "object": "Beef dumplings - 1"}}, {"added": {"name": "order item", "object": "Crepes stuffed with beef and fried onions - 1"}}, {"added": {"name": "order item", "object": "Sweet cottage cheese dumplings - 1"}}, {"added": {"name": "order item", "object": "Shuba salad - 1"}}, {"added": {"name": "order item", "object": "Olivie salad - 1"}}]	11	12
1630	2025-09-03 16:37:25.681652+00	258	Victoria McClurg	1	[{"added": {}}]	7	12
1632	2025-09-03 16:43:45.641109+00	332	Order #332 by Tatiana Gapontseva	2	[{"changed": {"fields": ["Status"]}}]	11	12
1633	2025-09-03 16:44:03.91507+00	326	Order #326 by Vladyslav Volkov	2	[{"changed": {"fields": ["Status"]}}]	11	12
1634	2025-09-03 17:07:15.238028+00	333	Order #333 by Victoria McClurg	2	[{"changed": {"fields": ["Status"]}}]	11	12
1635	2025-09-03 17:26:00.488563+00	259	Ella Gasan-Zade	1	[{"added": {}}]	7	12
1636	2025-09-03 17:29:08.115144+00	334	Order #334 by Ella Gasan-Zade	1	[{"added": {}}, {"added": {"name": "order item", "object": "Chicken dumplings - 1"}}, {"added": {"name": "order item", "object": "Potato and mushrooms dumplings - 1"}}, {"added": {"name": "order item", "object": "Sweet cottage cheese dumplings - 1"}}, {"added": {"name": "order item", "object": "Vanilla cheesecakes - 1"}}, {"added": {"name": "order item", "object": "Chicken cutlets - 1"}}]	11	12
1637	2025-09-03 20:18:05.013821+00	329	Order #329 by Tatyana Chmyhal	2	[{"changed": {"fields": ["Status"]}}]	11	12
1638	2025-09-03 20:58:15.724057+00	260	Kseniia Osetrova	1	[{"added": {}}]	7	12
1639	2025-09-03 21:02:51.703155+00	87	Cottage cheese casserole with raspberries	2	[{"changed": {"fields": ["Name", "Categories"]}}]	9	12
1640	2025-09-03 21:04:27.264652+00	335	Order #335 by Kseniia Osetrova	1	[{"added": {}}, {"added": {"name": "order item", "object": "Pies stuffed with cabbage - 1"}}, {"added": {"name": "order item", "object": "Prepared beef cutlets - 1"}}, {"added": {"name": "order item", "object": "Prepared cheesecakes - 1"}}, {"added": {"name": "order item", "object": "Prepared meat cutlets(pork - beef) - 1"}}, {"added": {"name": "order item", "object": "Prepared cabbage rolls with stuffing - 1"}}, {"added": {"name": "order item", "object": "Mashed potatoes - 1"}}, {"added": {"name": "order item", "object": "Cottage cheese casserole with raspberries - 1"}}, {"added": {"name": "order item", "object": "Butter crepes - 1"}}, {"added": {"name": "order item", "object": "Cherry dumplings - 1"}}, {"added": {"name": "order item", "object": "Meat dumplings(pork - beef) - 1"}}, {"added": {"name": "order item", "object": "Meat cabbage rolls(pork - beef) - 1"}}, {"added": {"name": "order item", "object": "Vanilla cheesecakes - 1"}}]	11	12
1641	2025-09-04 09:57:13.530746+00	335	Order #335 by Kseniia Osetrova	2	[{"added": {"name": "order item", "object": "Prepared chicken and cheese cutlets - 1"}}]	11	12
1642	2025-09-04 09:59:28.249017+00	335	Order #335 by Kseniia Osetrova	2	[{"changed": {"name": "order item", "object": "Prepared meat cutlets(pork - beef) - 1.00", "fields": ["Product"]}}]	11	12
1643	2025-09-04 10:00:45.893858+00	335	Order #335 by Kseniia Osetrova	2	[{"deleted": {"name": "order item", "object": "Prepared meat cutlets(pork - beef) - 1.00"}}]	11	12
1644	2025-09-04 10:02:40.316096+00	335	Order #335 by Kseniia Osetrova	2	[]	11	12
1645	2025-09-04 10:47:09.080757+00	336	Order #336 by Alex Ternovoy	1	[{"added": {}}, {"added": {"name": "order item", "object": "Cherry dumplings - 1"}}, {"added": {"name": "order item", "object": "Blueberry dumplings - 1"}}, {"added": {"name": "order item", "object": "Vanilla cheesecakes - 3"}}, {"added": {"name": "order item", "object": "Crepes stuffed with apple and cinnamon - 1"}}, {"added": {"name": "order item", "object": "Crepes stuffed with beef and fried onions - 1"}}, {"added": {"name": "order item", "object": "Chicken and cheese chebureks - 1"}}, {"added": {"name": "order item", "object": "Crepes stuffed with chicken and cheese - 1"}}, {"added": {"name": "order item", "object": "Salmon crepes with cream cheese - 1"}}, {"added": {"name": "order item", "object": "Coffee Tiramisu(No alcohol) - 1"}}, {"added": {"name": "order item", "object": "Carrot cake with sour cream and almond - 1"}}]	11	12
1646	2025-09-04 10:49:22.937134+00	261	Viktoriia Povoroznyk	1	[{"added": {}}]	7	12
1647	2025-09-04 10:50:53.581224+00	337	Order #337 by Viktoriia Povoroznyk	1	[{"added": {}}, {"added": {"name": "order item", "object": "Turkey dumplings - 1"}}, {"added": {"name": "order item", "object": "Potato and fried onion dumplings - 2"}}, {"added": {"name": "order item", "object": "Potato dumplings - 1"}}, {"added": {"name": "order item", "object": "Potato and cottage cheese dumplings - 1"}}]	11	12
1648	2025-09-04 10:52:41.592314+00	262	Larysa Taranenko	1	[{"added": {}}]	7	12
1649	2025-09-04 11:46:16.984894+00	338	Order #338 by Larysa Taranenko	1	[{"added": {}}, {"added": {"name": "order item", "object": "Pork dumplings - 1"}}, {"added": {"name": "order item", "object": "Meat cabbage rolls(pork - beef) - 1"}}, {"added": {"name": "order item", "object": "Crepes stuffed with chicken and cheese - 1"}}, {"added": {"name": "order item", "object": "Vanilla sweet cottage cheese crepes - 1"}}, {"added": {"name": "order item", "object": "Quiche pie with chicken, mushrooms and cheese - 1"}}, {"added": {"name": "order item", "object": "Lard with red pepper and spices - 1"}}, {"added": {"name": "order item", "object": "Homemade fried pork sausage - 1"}}]	11	12
1650	2025-09-04 11:49:46.324975+00	336	Order #336 by Alex Ternovoy	2	[{"changed": {"fields": ["Status"]}}]	11	12
1651	2025-09-04 11:49:46.329395+00	335	Order #335 by Kseniia Osetrova	2	[{"changed": {"fields": ["Status"]}}]	11	12
1652	2025-09-04 11:52:06.806797+00	339	Order #339 by Svetlana Ivanova	1	[{"added": {}}, {"added": {"name": "order item", "object": "Potato and mushrooms dumplings - 1"}}, {"added": {"name": "order item", "object": "Stuffed pepper with chicken - 1"}}, {"added": {"name": "order item", "object": "Blueberry dumplings - 1"}}, {"added": {"name": "order item", "object": "Pork and fried onions crepes - 1"}}]	11	12
1653	2025-09-04 11:58:12.360311+00	263	Veronika Ponomareva	1	[{"added": {}}]	7	12
1654	2025-09-04 12:00:32.293123+00	340	Order #340 by Veronika Ponomareva	1	[{"added": {}}, {"added": {"name": "order item", "object": "Stuffed pepper with meat(pork - beef) - 1"}}, {"added": {"name": "order item", "object": "Vanilla cheesecakes - 1"}}, {"added": {"name": "order item", "object": "Crepes stuffed with beef and fried onions - 1"}}, {"added": {"name": "order item", "object": "Meat cutlets(pork - beef) - 1"}}, {"added": {"name": "order item", "object": "Homemade sauerkraut - 1"}}]	11	12
1655	2025-09-04 12:04:36.697467+00	332	Order #332 by Tatiana Gapontseva	3		11	12
1656	2025-09-04 12:38:54.984441+00	341	Order #341 by Zalevska Tetiana	1	[{"added": {}}, {"added": {"name": "order item", "object": "Crepes stuffed with apple and cinnamon - 1"}}, {"added": {"name": "order item", "object": "Chicken dumplings - 1"}}, {"added": {"name": "order item", "object": "Meat dumplings(pork - beef) - 1"}}]	11	12
1657	2025-09-04 14:25:38.530823+00	264	Inna Bondarenko	1	[{"added": {}}]	7	12
1658	2025-09-04 14:28:12.155793+00	342	Order #342 by Inna Bondarenko	1	[{"added": {}}, {"added": {"name": "order item", "object": "Beef dumplings - 2"}}, {"added": {"name": "order item", "object": "Crepes stuffed with chicken and mushrooms - 1"}}, {"added": {"name": "order item", "object": "Beef Jerky - 1"}}, {"added": {"name": "order item", "object": "Poppy seeds buns - 1"}}, {"added": {"name": "order item", "object": "Olivie salad - 1"}}, {"added": {"name": "order item", "object": "Vegetable salad Vinaigrette - 1"}}, {"added": {"name": "order item", "object": "Liver pancakes - 1"}}]	11	12
1691	2025-09-05 20:10:40.079916+00	346	Order #346 by Natalya Gudanich	2	[{"changed": {"fields": ["Status"]}}]	11	12
1692	2025-09-05 21:28:43.793638+00	271	Olesya Kiseleva	1	[{"added": {}}]	7	12
1814	2025-09-08 22:30:52.898697+00	294	Hanna	2	[{"changed": {"fields": ["phone"]}}]	7	12
1659	2025-09-04 14:28:13.990153+00	343	Order #343 by Inna Bondarenko	1	[{"added": {}}, {"added": {"name": "order item", "object": "Beef dumplings - 2"}}, {"added": {"name": "order item", "object": "Crepes stuffed with chicken and mushrooms - 1"}}, {"added": {"name": "order item", "object": "Beef Jerky - 1"}}, {"added": {"name": "order item", "object": "Poppy seeds buns - 1"}}, {"added": {"name": "order item", "object": "Olivie salad - 1"}}, {"added": {"name": "order item", "object": "Vegetable salad Vinaigrette - 1"}}, {"added": {"name": "order item", "object": "Liver pancakes - 1"}}]	11	12
1660	2025-09-04 14:37:17.599767+00	265	Yulia	1	[{"added": {}}]	7	12
1661	2025-09-04 14:38:11.673168+00	344	Order #344 by Yulia	1	[{"added": {}}, {"added": {"name": "order item", "object": "Chicken cutlets - 3"}}, {"added": {"name": "order item", "object": "Vanilla sweet cottage cheese crepes - 2"}}, {"added": {"name": "order item", "object": "Vanilla cheesecakes with raisins - 1"}}]	11	12
1662	2025-09-04 16:00:08.540659+00	266	Elena Semenenko	1	[{"added": {}}]	7	12
1663	2025-09-04 16:02:14.583466+00	115	Korean carrots 1 kg	2	[{"changed": {"fields": ["Name", "Categories"]}}]	9	12
1664	2025-09-04 16:03:32.951971+00	345	Order #345 by Elena Semenenko	1	[{"added": {}}, {"added": {"name": "order item", "object": "Orange cottage cheese casserole - 1"}}, {"added": {"name": "order item", "object": "Prepared cheesecakes - 1"}}, {"added": {"name": "order item", "object": "Vegetable salad Vinaigrette - 1"}}, {"added": {"name": "order item", "object": "Korean carrots 1 kg - 1"}}, {"added": {"name": "order item", "object": "Homemade sauerkraut - 1"}}, {"added": {"name": "order item", "object": "Beef goulash(stewed beef with vegetables) - 1"}}, {"added": {"name": "order item", "object": "Pies stuffed with meat (pork - beef) - 1"}}]	11	12
1665	2025-09-04 16:03:53.688233+00	266	Elena Semenenko	2	[{"changed": {"fields": ["phone"]}}]	7	12
1666	2025-09-04 17:31:46.577159+00	267	Natalya Gudanich	1	[{"added": {}}]	7	12
1667	2025-09-04 17:35:54.580135+00	346	Order #346 by Natalya Gudanich	1	[{"added": {}}, {"added": {"name": "order item", "object": "Meat dumplings(pork - beef) - 3"}}, {"added": {"name": "order item", "object": "Turkey dumplings - 1"}}, {"added": {"name": "order item", "object": "Ukrainian lard - 1"}}]	11	12
1668	2025-09-04 17:35:56.255011+00	347	Order #347 by Natalya Gudanich	1	[{"added": {}}, {"added": {"name": "order item", "object": "Meat dumplings(pork - beef) - 3"}}, {"added": {"name": "order item", "object": "Turkey dumplings - 1"}}, {"added": {"name": "order item", "object": "Ukrainian lard - 1"}}]	11	12
1669	2025-09-04 18:00:52.662088+00	268	Anastassija Johnson	1	[{"added": {}}]	7	12
1670	2025-09-04 18:05:14.409399+00	188	Cookie Nuts with condensed milk	2	[{"changed": {"fields": ["Name", "Categories", "Price"]}}]	9	12
1671	2025-09-04 18:05:47.855597+00	348	Order #348 by Anastassija Johnson	1	[{"added": {}}, {"added": {"name": "order item", "object": "Meat dumplings(pork - beef) - 2"}}, {"added": {"name": "order item", "object": "Cherry dumplings - 1"}}, {"added": {"name": "order item", "object": "Meat chebureks(pork - beef) - 1"}}, {"added": {"name": "order item", "object": "Homemade pork and beef sausage - 1"}}, {"added": {"name": "order item", "object": "Borsch sauce(frozen) - 1"}}, {"added": {"name": "order item", "object": "Chicken cutlets - 1"}}, {"added": {"name": "order item", "object": "Pork and beef meatballs and tomato sauce - 1"}}, {"added": {"name": "order item", "object": "Vanilla cheesecakes - 1"}}, {"added": {"name": "order item", "object": "Cookie Nuts with condensed milk - 1"}}]	11	12
1672	2025-09-04 18:14:44.522399+00	348	Order #348 by Anastassija Johnson	2	[{"changed": {"name": "order item", "object": "Meat chebureks(pork - beef) - 2", "fields": ["Quantity"]}}]	11	12
1673	2025-09-05 10:30:42.936353+00	339	Order #339 by Svetlana Ivanova	2	[{"changed": {"fields": ["Status"]}}]	11	12
1674	2025-09-05 10:31:16.784519+00	336	Order #336 by Alex Ternovoy	2	[{"changed": {"fields": ["Notes"]}}]	11	12
1675	2025-09-05 11:53:54.893398+00	269	Olessya Labutina	1	[{"added": {}}]	7	12
1676	2025-09-05 11:54:32.971446+00	349	Order #349 by Olessya Labutina	1	[{"added": {}}, {"added": {"name": "order item", "object": "Beef dumplings - 3"}}]	11	12
1677	2025-09-05 12:24:48.942928+00	347	Order #347 by Natalya Gudanich	3		11	12
1678	2025-09-05 13:50:43.490882+00	350	Order #350 by Antipova Tetiana	1	[{"added": {}}, {"added": {"name": "order item", "object": "Pork dumplings - 1"}}, {"added": {"name": "order item", "object": "Meat cabbage rolls(pork - beef) - 1"}}, {"added": {"name": "order item", "object": "Prepared meat cutlets(pork - beef) - 1"}}, {"added": {"name": "order item", "object": "Korean carrots 500 g - 1"}}]	11	12
1679	2025-09-05 13:51:44.313263+00	270	Anastasia Kuznetsova	1	[{"added": {}}]	7	12
1680	2025-09-05 13:54:17.298503+00	95	Pies stuffed with apple	2	[{"changed": {"fields": ["Name", "Categories"]}}]	9	12
1681	2025-09-05 13:54:45.232093+00	351	Order #351 by Anastasia Kuznetsova	1	[{"added": {}}, {"added": {"name": "order item", "object": "Cherry dumplings - 2"}}, {"added": {"name": "order item", "object": "Meat dumplings(pork - beef) - 2"}}, {"added": {"name": "order item", "object": "Stuffed pepper with chicken - 1"}}, {"added": {"name": "order item", "object": "Turkey dumplings - 1"}}, {"added": {"name": "order item", "object": "Beef dumplings - 1"}}, {"added": {"name": "order item", "object": "Vanilla cheesecakes - 1"}}, {"added": {"name": "order item", "object": "Ukrainian lard - 1"}}, {"added": {"name": "order item", "object": "Pies stuffed with cabbage - 1"}}, {"added": {"name": "order item", "object": "Pies stuffed with apple - 1"}}, {"added": {"name": "order item", "object": "Korean carrots 1 kg - 1"}}]	11	12
1682	2025-09-05 13:54:46.956883+00	352	Order #352 by Anastasia Kuznetsova	1	[{"added": {}}, {"added": {"name": "order item", "object": "Cherry dumplings - 2"}}, {"added": {"name": "order item", "object": "Meat dumplings(pork - beef) - 2"}}, {"added": {"name": "order item", "object": "Stuffed pepper with chicken - 1"}}, {"added": {"name": "order item", "object": "Turkey dumplings - 1"}}, {"added": {"name": "order item", "object": "Beef dumplings - 1"}}, {"added": {"name": "order item", "object": "Vanilla cheesecakes - 1"}}, {"added": {"name": "order item", "object": "Ukrainian lard - 1"}}, {"added": {"name": "order item", "object": "Pies stuffed with cabbage - 1"}}, {"added": {"name": "order item", "object": "Pies stuffed with apple - 1"}}, {"added": {"name": "order item", "object": "Korean carrots 1 kg - 1"}}]	11	12
1683	2025-09-05 13:55:03.912326+00	352	Order #352 by Anastasia Kuznetsova	3		11	12
1684	2025-09-05 13:57:19.076911+00	318	Order #318 by Hlushko Oksana	2	[{"changed": {"fields": ["Status"]}}]	11	12
1685	2025-09-05 14:43:36.814023+00	325	Order #325 by Daria Melnikova	2	[{"changed": {"fields": ["Status"]}}]	11	12
1686	2025-09-05 14:44:38.824179+00	334	Order #334 by Ella Gasan-Zade	2	[{"changed": {"fields": ["Status"]}}]	11	12
1687	2025-09-05 14:56:44.016647+00	343	Order #343 by Inna Bondarenko	3		11	12
1688	2025-09-05 15:01:39.437814+00	299	Order #299 by Anastasiia Horbatova	2	[{"changed": {"fields": ["Delivery date"]}}]	11	12
1689	2025-09-05 15:41:20.61126+00	253	Order #253 by Iryna Tsahelnik	2	[{"changed": {"fields": ["Delivery date"]}}]	11	12
1690	2025-09-05 20:10:40.076343+00	351	Order #351 by Anastasia Kuznetsova	2	[{"changed": {"fields": ["Status"]}}]	11	12
1693	2025-09-05 21:31:05.886162+00	353	Order #353 by Olesya Kiseleva	1	[{"added": {}}, {"added": {"name": "order item", "object": "Liver pancakes - 1"}}, {"added": {"name": "order item", "object": "Beef dumplings - 1"}}, {"added": {"name": "order item", "object": "Turkey dumplings - 1"}}, {"added": {"name": "order item", "object": "Crepes stuffed with chicken and cheese - 2"}}, {"added": {"name": "order item", "object": "Crepes stuffed with chicken liver - 1"}}, {"added": {"name": "order item", "object": "Meat dumplings(pork - beef) - 1"}}, {"added": {"name": "order item", "object": "Crepes stuffed with chicken and mushrooms - 1"}}, {"added": {"name": "order item", "object": "Chicken meatballs and tomato sauce - 1"}}]	11	12
1694	2025-09-05 21:33:19.499464+00	354	Order #354 by Journeys J&C Limited	1	[{"added": {}}, {"added": {"name": "order item", "object": "Potato and mushrooms dumplings - 5"}}, {"added": {"name": "order item", "object": "Chicken dumplings - 10"}}]	11	12
1695	2025-09-06 16:54:11.040325+00	322	Order #322 by Natalia Shevchuk	2	[{"changed": {"fields": ["Status"]}}]	11	12
1696	2025-09-06 16:54:30.29805+00	344	Order #344 by Yulia	2	[{"changed": {"fields": ["Delivery date"]}}]	11	12
1697	2025-09-06 16:55:04.3151+00	349	Order #349 by Olessya Labutina	2	[{"changed": {"fields": ["Delivery date"]}}]	11	12
1698	2025-09-06 16:55:23.982561+00	114	Zalevska Tetiana	2	[]	7	12
1699	2025-09-06 16:55:41.401003+00	114	Zalevska Tetiana	2	[{"changed": {"fields": ["Address Line"]}}]	7	12
1700	2025-09-06 17:01:48.316018+00	355	Order #355 by Oleksandr Tymoshchuk	1	[{"added": {}}, {"added": {"name": "order item", "object": "Sweet cottage cheese dumplings - 2"}}, {"added": {"name": "order item", "object": "Potato and mushrooms dumplings - 2"}}, {"added": {"name": "order item", "object": "Cherry dumplings - 2"}}]	11	12
1701	2025-09-06 17:04:58.595545+00	272	Iaroslav Leventir	1	[{"added": {}}]	7	12
1702	2025-09-06 17:07:46.215699+00	356	Order #356 by Iaroslav Leventir	1	[{"added": {}}, {"added": {"name": "order item", "object": "Beef Jerky - 1"}}, {"added": {"name": "order item", "object": "Pork Jerky - 1"}}, {"added": {"name": "order item", "object": "Turkey Jerky - 1"}}, {"added": {"name": "order item", "object": "Pork dumplings - 1"}}, {"added": {"name": "order item", "object": "Meat dumplings(pork - beef) - 1"}}, {"added": {"name": "order item", "object": "Cherry dumplings - 1"}}, {"added": {"name": "order item", "object": "Meat dumplings(pork - beef) varenyky - 1"}}, {"added": {"name": "order item", "object": "Meat cabbage rolls(pork - beef) - 1"}}, {"added": {"name": "order item", "object": "Potato and fried onion dumplings - 1"}}]	11	12
1703	2025-09-06 17:08:37.746221+00	69	Pork Jerky	2	[{"changed": {"fields": ["Categories", "Price"]}}]	9	12
1704	2025-09-06 17:08:40.339294+00	356	Order #356 by Iaroslav Leventir	2	[]	11	12
1705	2025-09-06 17:08:48.662875+00	356	Order #356 by Iaroslav Leventir	2	[{"changed": {"fields": ["Status"]}}]	11	12
1706	2025-09-06 17:10:08.663036+00	253	Order #253 by Iryna Tsahelnik	2	[{"changed": {"fields": ["Delivery date"]}}]	11	12
1707	2025-09-06 17:10:19.081989+00	299	Order #299 by Anastasiia Horbatova	2	[{"changed": {"fields": ["Delivery date"]}}]	11	12
1708	2025-09-06 17:10:58.929354+00	349	Order #349 by Olessya Labutina	2	[{"changed": {"fields": ["Status"]}}]	11	12
1709	2025-09-06 17:10:58.933032+00	344	Order #344 by Yulia	2	[{"changed": {"fields": ["Status"]}}]	11	12
1710	2025-09-06 17:13:02.526456+00	338	Order #338 by Larysa Taranenko	2	[{"changed": {"fields": ["Status"]}}]	11	12
1711	2025-09-06 17:13:02.528557+00	316	Order #316 by Ina Pulford	2	[{"changed": {"fields": ["Status"]}}]	11	12
1712	2025-09-06 17:13:57.775784+00	315	Order #315 by Lana Kravchenko	2	[{"changed": {"fields": ["Status"]}}]	11	12
1713	2025-09-06 17:14:17.543451+00	303	Order #303 by Svetlana Abelene	2	[{"changed": {"fields": ["Status"]}}]	11	12
1714	2025-09-06 17:14:31.597559+00	265	Order #265 by Ira Golan	2	[{"changed": {"fields": ["Status"]}}]	11	12
1715	2025-09-06 17:15:18.351864+00	328	Order #328 by Olha Pohribniak	2	[{"changed": {"fields": ["Status"]}}]	11	12
1716	2025-09-06 17:15:53.990234+00	321	Order #321 by Elena Yushko	2	[{"changed": {"fields": ["Status"]}}]	11	12
1717	2025-09-06 17:17:14.761985+00	353	Order #353 by Olesya Kiseleva	2	[{"changed": {"fields": ["Status"]}}]	11	12
1718	2025-09-06 17:18:13.604406+00	331	Order #331 by Tatiana Gapontseva	2	[{"changed": {"fields": ["Status"]}}]	11	12
1719	2025-09-06 17:18:40.370863+00	312	Order #312 by Liudmyla Starobor	2	[{"changed": {"fields": ["Status"]}}]	11	12
1720	2025-09-06 17:19:53.779072+00	341	Order #341 by Zalevska Tetiana	2	[{"changed": {"fields": ["Status"]}}]	11	12
1721	2025-09-06 17:22:00.926384+00	273	Natalia Moskaleva	1	[{"added": {}}]	7	12
1722	2025-09-06 17:23:11.010433+00	357	Order #357 by Natalia Moskaleva	1	[{"added": {}}, {"added": {"name": "order item", "object": "Turkey cabbage rolls - 1"}}, {"added": {"name": "order item", "object": "Vanilla cheesecakes with raisins - 1"}}, {"added": {"name": "order item", "object": "Chicken aspic holodez - 1"}}]	11	12
1723	2025-09-06 17:33:28.296901+00	358	Order #358 by Oleksandra Volkova	1	[{"added": {}}, {"added": {"name": "order item", "object": "Meat dumplings(pork - beef) - 1"}}, {"added": {"name": "order item", "object": "Potato and fried onion dumplings - 1"}}, {"added": {"name": "order item", "object": "Salted cottage cheese dumplings - 1"}}, {"added": {"name": "order item", "object": "Vanilla sweet cottage cheese crepes - 1"}}, {"added": {"name": "order item", "object": "Crepes stuffed with apple and cinnamon - 1"}}, {"added": {"name": "order item", "object": "Sweet cottage cheese and blueberries crepes - 1"}}, {"added": {"name": "order item", "object": "Chicken aspic holodez - 1"}}, {"added": {"name": "order item", "object": "Aubergine rolls stuffed with cream cheese and garlic - 2"}}, {"added": {"name": "order item", "object": "Homemade sauerkraut - 1"}}, {"added": {"name": "order item", "object": "Ukrainian lard - 1"}}]	11	12
1724	2025-09-06 17:37:27.928917+00	274	Larissa Dasenko	1	[{"added": {}}]	7	12
1725	2025-09-06 17:39:48.567437+00	359	Order #359 by Larissa Dasenko	1	[{"added": {}}, {"added": {"name": "order item", "object": "Meat dumplings(pork - beef) - 2"}}, {"added": {"name": "order item", "object": "Cherry dumplings - 1"}}, {"added": {"name": "order item", "object": "Meat dumplings(pork - beef) varenyky - 1"}}, {"added": {"name": "order item", "object": "Vanilla cheesecakes - 1"}}, {"added": {"name": "order item", "object": "Potato dumplings - 1"}}, {"added": {"name": "order item", "object": "Homemade sauerkraut - 1"}}]	11	12
1726	2025-09-06 17:43:03.750431+00	105	Rimma Tertytska	2	[{"changed": {"fields": ["Address Line", "Postal Code"]}}]	7	12
1727	2025-09-06 17:43:45.919658+00	360	Order #360 by Rimma Tertytska	1	[{"added": {}}, {"added": {"name": "order item", "object": "Potato dumplings - 21"}}, {"added": {"name": "order item", "object": "Cherry dumplings - 7"}}]	11	12
1728	2025-09-06 17:44:18.479777+00	360	Order #360 by Rimma Tertytska	2	[{"changed": {"fields": ["Home Delivery", "Delivery fee manual", "Delivery fee"]}}]	11	12
1729	2025-09-06 18:03:15.272252+00	314	Order #314 by Uliana Peresenchuk	2	[{"changed": {"fields": ["Status"]}}]	11	12
1730	2025-09-07 10:41:24.286144+00	275	Angelina Vlasenko	1	[{"added": {}}]	7	12
1731	2025-09-07 10:43:23.988931+00	361	Order #361 by Angelina Vlasenko	1	[{"added": {}}, {"added": {"name": "order item", "object": "Meat dumplings(pork - beef) - 1"}}, {"added": {"name": "order item", "object": "Cherry dumplings - 1"}}, {"added": {"name": "order item", "object": "Crepes stuffed with beef and fried onions - 1"}}, {"added": {"name": "order item", "object": "Chicken meatballs and tomato sauce - 1"}}, {"added": {"name": "order item", "object": "Meat cabbage rolls(pork - beef) - 1"}}, {"added": {"name": "order item", "object": "Chicken cutlets - 1"}}, {"added": {"name": "order item", "object": "Turkey dumplings - 1"}}]	11	12
1732	2025-09-07 10:49:41.099516+00	362	Order #362 by Uliana Leshchenko	1	[{"added": {}}, {"added": {"name": "order item", "object": "Beef dumplings - 8"}}, {"added": {"name": "order item", "object": "Chicken dumplings - 2"}}, {"added": {"name": "order item", "object": "Borsch sauce(frozen) - 1"}}]	11	12
1733	2025-09-07 21:21:02.40874+00	276	Irina Leskevica Nottingem	1	[{"added": {}}]	7	12
1734	2025-09-07 21:23:04.377449+00	363	Order #363 by Irina Leskevica Nottingem	1	[{"added": {}}, {"added": {"name": "order item", "object": "Vanilla cheesecakes - 1"}}, {"added": {"name": "order item", "object": "Crepes stuffed with chicken and mushrooms - 1"}}, {"added": {"name": "order item", "object": "Chicken dumplings - 1"}}, {"added": {"name": "order item", "object": "Cherry dumplings - 1"}}]	11	12
1735	2025-09-07 21:23:31.642083+00	276	Irina Leskevica	2	[{"changed": {"fields": ["name", "City"]}}]	7	12
1736	2025-09-07 21:27:31.987904+00	277	Tetiana Rudkovska	1	[{"added": {}}]	7	12
1737	2025-09-07 21:28:53.441592+00	364	Order #364 by Tetiana Rudkovska	1	[{"added": {}}, {"added": {"name": "order item", "object": "Cherry dumplings - 1"}}, {"added": {"name": "order item", "object": "Potato and fried onion dumplings - 1"}}, {"added": {"name": "order item", "object": "Potato dumplings - 2"}}]	11	12
1738	2025-09-07 21:35:38.026458+00	278	Ruslana Nesterovska	1	[{"added": {}}]	7	12
1739	2025-09-07 21:37:21.290927+00	365	Order #365 by Ruslana Nesterovska	1	[{"added": {}}, {"added": {"name": "order item", "object": "Beef Jerky - 1"}}, {"added": {"name": "order item", "object": "Ukrainian lard - 1"}}, {"added": {"name": "order item", "object": "Royal ham boiled (vetchyna) - 1"}}, {"added": {"name": "order item", "object": "Pork dumplings - 1"}}, {"added": {"name": "order item", "object": "Meat dumplings(pork - beef) varenyky - 1"}}, {"added": {"name": "order item", "object": "Cherry dumplings - 1"}}]	11	12
1740	2025-09-07 21:41:19.868982+00	363	Order #363 by Irina Leskevica	2	[{"changed": {"fields": ["Delivery date"]}}]	11	12
1741	2025-09-07 21:42:20.998296+00	360	Order #360 by Rimma Tertytska	2	[{"changed": {"fields": ["Delivery date"]}}]	11	12
1742	2025-09-07 21:45:22.407161+00	279	Svetlana Dudkina	1	[{"added": {}}]	7	12
1743	2025-09-07 21:50:49.172748+00	366	Order #366 by Svetlana Dudkina	1	[{"added": {}}, {"added": {"name": "order item", "object": "Stuffed pepper with turkey - 1"}}, {"added": {"name": "order item", "object": "Fish cutlets - 1"}}, {"added": {"name": "order item", "object": "Cabbage rolls stuffed with beef - 1"}}, {"added": {"name": "order item", "object": "Beef dumplings - 1"}}, {"added": {"name": "order item", "object": "Turkey cutlets - 1"}}, {"added": {"name": "order item", "object": "Dry-cured turkey - 1"}}, {"added": {"name": "order item", "object": "Beef basturma in spices - 1"}}]	11	12
1744	2025-09-07 21:56:47.490206+00	280	Pogorielova Olga	1	[{"added": {}}]	7	12
1745	2025-09-07 22:04:32.316017+00	98	Cookies nuts with condensed cream and hazelnut	2	[{"changed": {"fields": ["Name", "Categories"]}}]	9	12
1746	2025-09-07 22:06:56.990417+00	188	Strawberry condensed milk 200 g	2	[{"changed": {"fields": ["Name", "Description", "Categories", "Price"]}}]	9	12
1747	2025-09-07 22:07:34.556714+00	367	Order #367 by Pogorielova Olga	1	[{"added": {}}, {"added": {"name": "order item", "object": "Cherry dumplings - 1"}}, {"added": {"name": "order item", "object": "Turkey dumplings - 1"}}, {"added": {"name": "order item", "object": "Potato and fried onion dumplings - 1"}}, {"added": {"name": "order item", "object": "Potato and mushrooms dumplings - 1"}}, {"added": {"name": "order item", "object": "Vanilla cheesecakes with raisins - 1"}}, {"added": {"name": "order item", "object": "Chicken cutlets - 1"}}, {"added": {"name": "order item", "object": "Meat cutlets(pork - beef) - 1"}}, {"added": {"name": "order item", "object": "Fish cutlets - 1"}}, {"added": {"name": "order item", "object": "Beef dumplings - 1"}}, {"added": {"name": "order item", "object": "Chocolate condensed milk 200 g - 1"}}, {"added": {"name": "order item", "object": "Strawberry condensed milk 200 g - 1"}}, {"added": {"name": "order item", "object": "Pies stuffed with meat (pork - beef) - 1"}}]	11	12
1748	2025-09-07 22:07:36.240544+00	368	Order #368 by Pogorielova Olga	1	[{"added": {}}, {"added": {"name": "order item", "object": "Cherry dumplings - 1"}}, {"added": {"name": "order item", "object": "Turkey dumplings - 1"}}, {"added": {"name": "order item", "object": "Potato and fried onion dumplings - 1"}}, {"added": {"name": "order item", "object": "Potato and mushrooms dumplings - 1"}}, {"added": {"name": "order item", "object": "Vanilla cheesecakes with raisins - 1"}}, {"added": {"name": "order item", "object": "Chicken cutlets - 1"}}, {"added": {"name": "order item", "object": "Meat cutlets(pork - beef) - 1"}}, {"added": {"name": "order item", "object": "Fish cutlets - 1"}}, {"added": {"name": "order item", "object": "Beef dumplings - 1"}}, {"added": {"name": "order item", "object": "Chocolate condensed milk 200 g - 1"}}, {"added": {"name": "order item", "object": "Strawberry condensed milk 200 g - 1"}}, {"added": {"name": "order item", "object": "Pies stuffed with meat (pork - beef) - 1"}}]	11	12
1749	2025-09-07 22:13:23.422055+00	281	Tetiana Ivanchuk	1	[{"added": {}}]	7	12
1750	2025-09-07 22:16:12.074207+00	369	Order #369 by Tetiana Ivanchuk	1	[{"added": {}}, {"added": {"name": "order item", "object": "Chicken dumplings - 1"}}, {"added": {"name": "order item", "object": "Beef dumplings - 1"}}, {"added": {"name": "order item", "object": "Sweet cottage cheese dumplings - 1"}}, {"added": {"name": "order item", "object": "Cabbage rolls stuffed with chicken - 1"}}, {"added": {"name": "order item", "object": "Vanilla cheesecakes - 1"}}, {"added": {"name": "order item", "object": "Crepes stuffed with chicken and cheese - 1"}}, {"added": {"name": "order item", "object": "Chicken chebureks - 1"}}, {"added": {"name": "order item", "object": "Potato and fried onion dumplings - 1"}}]	11	12
1751	2025-09-07 22:25:49.895267+00	282	Borshchenko Iryna	1	[{"added": {}}]	7	12
1752	2025-09-07 22:32:43.178781+00	18	Cabbage rolls stuffed with mushrooms	2	[{"changed": {"fields": ["Name", "Categories"]}}]	9	12
1810	2025-09-08 22:23:06.200786+00	384	Order #384 by Ljudmila Pavljuk	1	[{"added": {}}, {"added": {"name": "order item", "object": "Salmon crepes with cream cheese - 1"}}, {"added": {"name": "order item", "object": "Vegetable salad Vinaigrette - 1"}}, {"added": {"name": "order item", "object": "Crab salad - 1"}}, {"added": {"name": "order item", "object": "Aubergine rolls stuffed with cream cheese and garlic - 1"}}]	11	12
1811	2025-09-08 22:24:00.951813+00	292	Valery Lawyer	2	[{"changed": {"fields": ["phone"]}}]	7	12
1812	2025-09-08 22:28:29.293061+00	294	Hanna	1	[{"added": {}}]	7	12
1815	2025-09-09 11:32:44.470654+00	295	Irina Potieieva	1	[{"added": {}}]	7	12
1753	2025-09-07 22:35:59.089132+00	370	Order #370 by Borshchenko Iryna	1	[{"added": {}}, {"added": {"name": "order item", "object": "Meat dumplings(pork - beef) - 5"}}, {"added": {"name": "order item", "object": "Cherry dumplings - 5"}}, {"added": {"name": "order item", "object": "Pork dumplings - 2"}}, {"added": {"name": "order item", "object": "Turkey dumplings - 1"}}, {"added": {"name": "order item", "object": "Potato dumplings - 3"}}, {"added": {"name": "order item", "object": "Crepes stuffed with chicken and mushrooms - 7"}}, {"added": {"name": "order item", "object": "Vanilla cheesecakes with raisins - 10"}}, {"added": {"name": "order item", "object": "Salted cottage cheese dumplings - 2"}}, {"added": {"name": "order item", "object": "Sweet cottage cheese and blueberries crepes - 2"}}, {"added": {"name": "order item", "object": "Chicken dumplings - 2"}}, {"added": {"name": "order item", "object": "Vanilla sweet cottage cheese crepes - 5"}}, {"added": {"name": "order item", "object": "Sweet cottage cheese dumplings - 2"}}, {"added": {"name": "order item", "object": "Crepes stuffed with chicken and cheese - 2"}}, {"added": {"name": "order item", "object": "Cabbage rolls stuffed with mushrooms - 2"}}, {"added": {"name": "order item", "object": "Korean carrots 1 kg - 1"}}, {"added": {"name": "order item", "object": "Korean carrots 500 g - 1"}}, {"added": {"name": "order item", "object": "Aubergine rolls stuffed with cream cheese and garlic - 1"}}, {"added": {"name": "order item", "object": "Aubergine saut\\u00e9 - 1"}}]	11	12
1754	2025-09-07 22:36:36.052469+00	368	Order #368 by Pogorielova Olga	3		11	12
1755	2025-09-07 23:35:41.768509+00	283	Solomiia Kuts	1	[{"added": {}}]	7	12
1756	2025-09-07 23:37:53.178821+00	371	Order #371 by Solomiia Kuts	1	[{"added": {}}, {"added": {"name": "order item", "object": "Potato and fried onion dumplings - 1"}}, {"added": {"name": "order item", "object": "Potato and mushrooms dumplings - 1"}}, {"added": {"name": "order item", "object": "Vanilla cheesecakes - 1"}}]	11	12
1757	2025-09-07 23:41:00.067602+00	284	Oksana Lubane	1	[{"added": {}}]	7	12
1758	2025-09-07 23:42:05.092765+00	372	Order #372 by Oksana Lubane	1	[{"added": {}}, {"added": {"name": "order item", "object": "Meat dumplings(pork - beef) - 1"}}, {"added": {"name": "order item", "object": "Vanilla cheesecakes - 1"}}, {"added": {"name": "order item", "object": "Meat chebureks(pork - beef) - 1"}}, {"added": {"name": "order item", "object": "Baked pork(buzhenina) - 1"}}]	11	12
1759	2025-09-07 23:44:25.02665+00	285	Lana	1	[{"added": {}}]	7	12
1760	2025-09-07 23:46:00.645742+00	373	Order #373 by Lana	1	[{"added": {}}, {"added": {"name": "order item", "object": "Chicken aspic holodez - 1"}}, {"added": {"name": "order item", "object": "Homemade sauerkraut - 1"}}, {"added": {"name": "order item", "object": "Baked pork(buzhenina) - 1"}}, {"added": {"name": "order item", "object": "Prepared fish cutlets - 1"}}, {"added": {"name": "order item", "object": "Zucchini pancakes with garlic sour cream sauce. - 1"}}, {"added": {"name": "order item", "object": "Cabbage rolls stuffed with beef - 1"}}]	11	12
1761	2025-09-07 23:46:02.355954+00	374	Order #374 by Lana	1	[{"added": {}}, {"added": {"name": "order item", "object": "Chicken aspic holodez - 1"}}, {"added": {"name": "order item", "object": "Homemade sauerkraut - 1"}}, {"added": {"name": "order item", "object": "Baked pork(buzhenina) - 1"}}, {"added": {"name": "order item", "object": "Prepared fish cutlets - 1"}}, {"added": {"name": "order item", "object": "Zucchini pancakes with garlic sour cream sauce. - 1"}}, {"added": {"name": "order item", "object": "Cabbage rolls stuffed with beef - 1"}}]	11	12
1762	2025-09-07 23:46:16.632665+00	374	Order #374 by Lana	3		11	12
1763	2025-09-07 23:51:04.619421+00	286	Sofia Isakova	1	[{"added": {}}]	7	12
1764	2025-09-07 23:53:28.565526+00	21	Cabbage rolls stuffed with pork and beef	2	[{"changed": {"fields": ["Name", "Categories"]}}]	9	12
1765	2025-09-07 23:59:38.997067+00	375	Order #375 by Sofia Isakova	1	[{"added": {}}, {"added": {"name": "order item", "object": "Cherry dumplings - 1"}}, {"added": {"name": "order item", "object": "Cabbage rolls stuffed with pork and beef - 1"}}, {"added": {"name": "order item", "object": "Vanilla cheesecakes - 1"}}, {"added": {"name": "order item", "object": "Crepes stuffed with apple and cinnamon - 1"}}, {"added": {"name": "order item", "object": "Stuffed pepper with chicken - 1"}}, {"added": {"name": "order item", "object": "Homemade meat grill sausages - 1"}}, {"added": {"name": "order item", "object": "Homemade fried pork sausage - 1"}}, {"added": {"name": "order item", "object": "Baked pork(buzhenina) - 1"}}]	11	12
1766	2025-09-08 00:02:20.583131+00	376	Order #376 by Sofia Chirsenblat	1	[{"added": {}}, {"added": {"name": "order item", "object": "Pork dumplings - 5"}}, {"added": {"name": "order item", "object": "Meat cutlets(pork - beef) - 2"}}, {"added": {"name": "order item", "object": "Potato and fried onion dumplings - 1"}}, {"added": {"name": "order item", "object": "Salted cottage cheese dumplings - 1"}}, {"added": {"name": "order item", "object": "Liver pancakes - 1"}}]	11	12
1767	2025-09-08 00:02:49.167482+00	375	Order #375 by Sofia Isakova	2	[{"changed": {"fields": ["Delivery date"]}}]	11	12
1768	2025-09-08 00:10:27.587353+00	287	Ludmila Nikolenko	1	[{"added": {}}]	7	12
1769	2025-09-08 00:16:05.353179+00	377	Order #377 by Ludmila Nikolenko	1	[{"added": {}}, {"added": {"name": "order item", "object": "Meat dumplings(pork - beef) - 2"}}, {"added": {"name": "order item", "object": "Turkey dumplings - 2"}}, {"added": {"name": "order item", "object": "Turkey cabbage rolls - 2"}}, {"added": {"name": "order item", "object": "Crepes stuffed with chicken liver - 1"}}, {"added": {"name": "order item", "object": "Crepes stuffed with chicken and mushrooms - 2"}}, {"added": {"name": "order item", "object": "Turkey cutlets - 2"}}, {"added": {"name": "order item", "object": "Meat cutlets(pork - beef) - 1"}}, {"added": {"name": "order item", "object": "Grudinka(baked pork brisket) - 1"}}, {"added": {"name": "order item", "object": "Liver pancakes - 1"}}, {"added": {"name": "order item", "object": "Liver cake - 1"}}, {"added": {"name": "order item", "object": "Chicken liver pate - 1"}}, {"added": {"name": "order item", "object": "Aubergine rolls stuffed with cream cheese and garlic - 2"}}, {"added": {"name": "order item", "object": "Aubergine saut\\u00e9 - 2"}}, {"added": {"name": "order item", "object": "Herring forshmak - 1"}}]	11	12
1770	2025-09-08 00:17:09.913442+00	362	Order #362 by Uliana Leshchenko	2	[{"changed": {"fields": ["Status"]}}]	11	12
1771	2025-09-08 00:19:07.141073+00	288	Oxana Trevisan	1	[{"added": {}}]	7	12
1772	2025-09-08 00:20:33.223287+00	19	Cabbage rolls stuffed with turkey	2	[{"changed": {"fields": ["Name", "Categories"]}}]	9	12
1773	2025-09-08 00:21:58.181166+00	378	Order #378 by Oxana Trevisan	1	[{"added": {}}, {"added": {"name": "order item", "object": "Turkey dumplings - 1"}}, {"added": {"name": "order item", "object": "Cabbage rolls stuffed with turkey - 1"}}, {"added": {"name": "order item", "object": "Potato and mushrooms dumplings - 1"}}, {"added": {"name": "order item", "object": "Chicken cutlets - 1"}}, {"added": {"name": "order item", "object": "Borsch sauce(frozen) - 1"}}, {"added": {"name": "order item", "object": "Dry-cured turkey - 1"}}]	11	12
1774	2025-09-08 00:25:04.544561+00	155	Solyanka meat soup	2	[{"changed": {"fields": ["Name", "Categories"]}}]	9	12
1775	2025-09-08 00:25:54.379154+00	130	Roast potato with beef, mushrooms and cheese	2	[{"changed": {"fields": ["Name", "Categories"]}}]	9	12
1776	2025-09-08 00:27:11.998618+00	379	Order #379 by Stacy Jarvis	1	[{"added": {}}, {"added": {"name": "order item", "object": "Homemade sauerkraut - 1"}}, {"added": {"name": "order item", "object": "Borsch with beef - 1"}}, {"added": {"name": "order item", "object": "Salmon soup with cream cheese - 1"}}, {"added": {"name": "order item", "object": "Aubergine rolls stuffed with cream cheese and garlic - 1"}}, {"added": {"name": "order item", "object": "Vegetable salad Vinaigrette - 1"}}, {"added": {"name": "order item", "object": "Cottage cheese casserole with raspberries - 1"}}, {"added": {"name": "order item", "object": "Solyanka meat soup - 1"}}, {"added": {"name": "order item", "object": "Roast potato with beef, mushrooms and cheese - 1"}}, {"added": {"name": "order item", "object": "Sweet cottage cheese and blueberries crepes - 1"}}, {"added": {"name": "order item", "object": "Pies stuffed with cabbage - 1"}}]	11	12
1777	2025-09-08 00:28:11.332944+00	323	Order #323 by Tetiana Liubasiuk	2	[{"changed": {"fields": ["Status"]}}]	11	12
1778	2025-09-08 00:30:50.290494+00	289	Kaminska Oleksandra	1	[{"added": {}}]	7	12
1779	2025-09-08 00:34:43.89647+00	380	Order #380 by Kaminska Oleksandra	1	[{"added": {}}, {"added": {"name": "order item", "object": "Meat dumplings(pork - beef) - 1"}}, {"added": {"name": "order item", "object": "Salted cottage cheese dumplings - 1"}}, {"added": {"name": "order item", "object": "Cabbage rolls stuffed with pork and beef - 1"}}, {"added": {"name": "order item", "object": "Vanilla cheesecakes - 1"}}, {"added": {"name": "order item", "object": "Crepes stuffed with chicken and mushrooms - 1"}}, {"added": {"name": "order item", "object": "Potato and cottage cheese dumplings - 1"}}, {"added": {"name": "order item", "object": "Tomato vegetable sauce(frozen) - 1"}}, {"added": {"name": "order item", "object": "Chicken and cheese chebureks - 1"}}, {"added": {"name": "order item", "object": "Korean carrots 500 g - 1"}}, {"added": {"name": "order item", "object": "Chicken liver pate - 1"}}, {"added": {"name": "order item", "object": "Kyiv smoked sausage - 2"}}]	11	12
1780	2025-09-08 00:36:43.40615+00	361	Order #361 by Angelina Vlasenko	2	[{"changed": {"fields": ["Status"]}}]	11	12
1781	2025-09-08 00:38:29.02545+00	355	Order #355 by Oleksandr Tymoshchuk	2	[{"changed": {"fields": ["Status"]}}]	11	12
1782	2025-09-08 00:39:08.458116+00	345	Order #345 by Elena Semenenko	2	[{"changed": {"fields": ["Status"]}}]	11	12
1783	2025-09-08 00:42:58.657041+00	313	Order #313 by Ksenia Antonova	2	[{"changed": {"fields": ["Status"]}}]	11	12
1784	2025-09-08 00:43:24.12646+00	268	Order #268 by Yevheniia Parkhomets	2	[{"changed": {"fields": ["Status"]}}]	11	12
1785	2025-09-08 00:44:19.126698+00	348	Order #348 by Anastassija Johnson	2	[{"changed": {"fields": ["Status"]}}]	11	12
1786	2025-09-08 00:44:49.72457+00	340	Order #340 by Veronika Ponomareva	2	[{"changed": {"fields": ["Status"]}}]	11	12
1787	2025-09-08 00:46:02.032866+00	350	Order #350 by Antipova Tetiana	2	[{"changed": {"fields": ["Status"]}}]	11	12
1788	2025-09-08 00:47:15.426178+00	330	Order #330 by Olena Bondarchuk	2	[{"changed": {"fields": ["Status"]}}]	11	12
1789	2025-09-08 00:47:54.551699+00	324	Order #324 by Yuliana Kuzemko	2	[{"changed": {"fields": ["Status"]}}]	11	12
1790	2025-09-08 00:48:41.34674+00	327	Order #327 by Oksana Nedashkivska	2	[{"changed": {"fields": ["Status"]}}]	11	12
1791	2025-09-08 00:48:41.350753+00	319	Order #319 by Ekaterina Bulatova	2	[{"changed": {"fields": ["Status"]}}]	11	12
1792	2025-09-08 00:49:13.597098+00	342	Order #342 by Inna Bondarenko	2	[{"changed": {"fields": ["Status"]}}]	11	12
1793	2025-09-08 11:46:15.602694+00	364	Order #364 by Tetiana Rudkovska	2	[{"changed": {"fields": ["Status"]}}]	11	12
1794	2025-09-08 11:49:54.456595+00	375	Order #375 by Sofia Isakova	2	[{"added": {"name": "order item", "object": "Vanilla cheesecakes - 1"}}, {"added": {"name": "order item", "object": "Meat chebureks(pork - beef) - 1"}}, {"changed": {"name": "order item", "object": "Meat dumplings(pork - beef) varenyky - 1.00", "fields": ["Product"]}}]	11	12
1795	2025-09-08 11:54:15.60583+00	199	Cashew condensed milk 200 g	2	[{"changed": {"fields": ["Name", "Categories"]}}]	9	12
1796	2025-09-08 11:54:55.227657+00	370	Order #370 by Borshchenko Iryna	2	[{"added": {"name": "order item", "object": "Cashew condensed milk 200 g - 1"}}, {"added": {"name": "order item", "object": "Strawberry condensed milk 200 g - 1"}}]	11	12
1797	2025-09-08 12:03:57.79255+00	371	Order #371 by Solomiia Kuts	2	[{"changed": {"fields": ["Status"]}}]	11	12
1798	2025-09-08 14:20:48.293316+00	290	Kestutis Grigoravicius	1	[{"added": {}}]	7	12
1799	2025-09-08 14:21:56.580996+00	381	Order #381 by Kestutis Grigoravicius	1	[{"added": {}}, {"added": {"name": "order item", "object": "Chicken Jerky - 1"}}, {"added": {"name": "order item", "object": "Potato and cottage cheese dumplings - 1"}}, {"added": {"name": "order item", "object": "Pork dumplings - 1"}}, {"added": {"name": "order item", "object": "Crepes stuffed with chicken liver - 1"}}]	11	12
1800	2025-09-08 14:24:04.768376+00	378	Order #378 by Oxana Trevisan	2	[{"changed": {"fields": ["Status"]}}]	11	12
1801	2025-09-08 14:41:14.950877+00	381	Order #381 by Kestutis Grigoravicius	2	[{"changed": {"fields": ["Status"]}}]	11	12
1802	2025-09-08 14:49:44.852757+00	285	Lana Zion	2	[{"changed": {"fields": ["name"]}}]	7	12
1803	2025-09-08 16:01:58.698607+00	375	Order #375 by Sofia Isakova	2	[{"changed": {"fields": ["Status"]}}]	11	12
1804	2025-09-08 16:13:21.993872+00	291	Olga Szombathelyi	1	[{"added": {}}]	7	12
1805	2025-09-08 16:15:44.673598+00	382	Order #382 by Olga Szombathelyi	1	[{"added": {}}, {"added": {"name": "order item", "object": "Meat dumplings(pork - beef) - 1"}}, {"added": {"name": "order item", "object": "Cabbage rolls stuffed with pork and beef - 2"}}, {"added": {"name": "order item", "object": "Vanilla cheesecakes - 1"}}, {"added": {"name": "order item", "object": "Borsch sauce(frozen) - 1"}}, {"added": {"name": "order item", "object": "Prepared meat cutlets(pork - beef) - 1"}}]	11	12
1806	2025-09-08 22:13:22.392456+00	292	Valery Lawyer	1	[{"added": {}}]	7	12
1807	2025-09-08 22:16:46.049716+00	35	Crepes stuffed with sweet cottage cheese	2	[{"changed": {"fields": ["Name", "Categories"]}}]	9	12
1808	2025-09-08 22:19:09.337039+00	383	Order #383 by Valery Lawyer	1	[{"added": {}}, {"added": {"name": "order item", "object": "Meat dumplings(pork - beef) - 1"}}, {"added": {"name": "order item", "object": "Meat dumplings(pork - beef) varenyky - 1"}}, {"added": {"name": "order item", "object": "Stuffed pepper with chicken - 1"}}, {"added": {"name": "order item", "object": "Crepes stuffed with sweet cottage cheese - 1"}}, {"added": {"name": "order item", "object": "Tomato vegetable sauce(frozen) - 1"}}, {"added": {"name": "order item", "object": "Salmon crepes with cream cheese - 1"}}, {"added": {"name": "order item", "object": "Premium beef sausages - 1"}}]	11	12
1809	2025-09-08 22:21:54.212223+00	293	Ljudmila Pavljuk	1	[{"added": {}}]	7	12
1813	2025-09-08 22:30:39.568073+00	385	Order #385 by Hanna	1	[{"added": {}}, {"added": {"name": "order item", "object": "Meat dumplings(pork - beef) - 2"}}, {"added": {"name": "order item", "object": "Vanilla cheesecakes - 1"}}, {"added": {"name": "order item", "object": "Lamb dumplings - 2"}}, {"added": {"name": "order item", "object": "Dry-cured lard - 1"}}]	11	12
1816	2025-09-09 11:35:33.271682+00	386	Order #386 by Irina Potieieva	1	[{"added": {}}, {"added": {"name": "order item", "object": "Meat chebureks(pork - beef) - 1"}}, {"added": {"name": "order item", "object": "Pork dumplings - 1"}}, {"added": {"name": "order item", "object": "Cherry dumplings - 1"}}, {"added": {"name": "order item", "object": "Homemade pork and beef sausage - 1"}}, {"added": {"name": "order item", "object": "Crepes stuffed with chicken and mushrooms - 1"}}, {"added": {"name": "order item", "object": "Crepes stuffed with sweet cottage cheese - 1"}}, {"added": {"name": "order item", "object": "Potato dumplings - 1"}}, {"added": {"name": "order item", "object": "Aubergine rolls stuffed with cream cheese and garlic - 1"}}, {"added": {"name": "order item", "object": "Dry-cured sausage Cervelat - 1"}}, {"added": {"name": "order item", "object": "Cabbage rolls stuffed with pork and beef - 1"}}, {"added": {"name": "order item", "object": "Chicken cutlets - 1"}}]	11	12
1817	2025-09-09 11:38:05.125126+00	29	Crepes stuffed with apple and cinnamon	2	[{"changed": {"fields": ["Categories"]}}]	9	12
1818	2025-09-09 11:40:17.531266+00	387	Order #387 by Anna Sundieva	1	[{"added": {}}, {"added": {"name": "order item", "object": "Potato and mushrooms dumplings - 1"}}, {"added": {"name": "order item", "object": "Crepes stuffed with apple and cinnamon - 2"}}, {"added": {"name": "order item", "object": "Crepes stuffed with chicken and cheese - 2"}}, {"added": {"name": "order item", "object": "Vanilla cheesecakes - 1"}}, {"added": {"name": "order item", "object": "Crepes stuffed with sweet cottage cheese - 1"}}]	11	12
1819	2025-09-09 11:50:06.359967+00	386	Order #386 by Irina Potieieva	2	[{"changed": {"fields": ["Status"]}}]	11	12
1820	2025-09-09 11:54:28.769279+00	296	Lia Lapouridi	1	[{"added": {}}]	7	12
1821	2025-09-09 11:55:45.358002+00	388	Order #388 by Lia Lapouridi	1	[{"added": {}}, {"added": {"name": "order item", "object": "Meat dumplings(pork - beef) - 6"}}, {"added": {"name": "order item", "object": "Cherry dumplings - 1"}}]	11	12
1822	2025-09-09 11:58:57.783012+00	297	Boroy Ludmila	1	[{"added": {}}]	7	12
1823	2025-09-09 12:00:52.976888+00	389	Order #389 by Boroy Ludmila	1	[{"added": {}}, {"added": {"name": "order item", "object": "Meat dumplings(pork - beef) - 1"}}, {"added": {"name": "order item", "object": "Cabbage rolls stuffed with pork and beef - 1"}}, {"added": {"name": "order item", "object": "Crepes stuffed with sweet cottage cheese - 1"}}, {"added": {"name": "order item", "object": "Kyiv smoked sausage - 1"}}]	11	12
1824	2025-09-09 12:04:52.548948+00	298	Edita Sersniova	1	[{"added": {}}]	7	12
1825	2025-09-09 12:06:15.230611+00	390	Order #390 by Edita Sersniova	1	[{"added": {}}, {"added": {"name": "order item", "object": "Crepes stuffed with beef and fried onions - 1"}}, {"added": {"name": "order item", "object": "Deruny (potato pancakes with mushroom sauce) - 1"}}, {"added": {"name": "order item", "object": "Meat cutlets(pork - beef) - 1"}}, {"added": {"name": "order item", "object": "Meat chebureks(pork - beef) - 1"}}]	11	12
1826	2025-09-09 12:06:16.917336+00	391	Order #391 by Edita Sersniova	1	[{"added": {}}, {"added": {"name": "order item", "object": "Crepes stuffed with beef and fried onions - 1"}}, {"added": {"name": "order item", "object": "Deruny (potato pancakes with mushroom sauce) - 1"}}, {"added": {"name": "order item", "object": "Meat cutlets(pork - beef) - 1"}}, {"added": {"name": "order item", "object": "Meat chebureks(pork - beef) - 1"}}]	11	12
1827	2025-09-09 12:13:59.885841+00	388	Order #388 by Lia Lapouridi	2	[{"changed": {"name": "order item", "object": "Meat dumplings(pork - beef) - 3", "fields": ["Quantity"]}}, {"deleted": {"name": "order item", "object": "Cherry dumplings - 1.00"}}]	11	12
1828	2025-09-09 12:15:07.999169+00	391	Order #391 by Edita Sersniova	3		11	12
1829	2025-09-09 12:17:05.072609+00	299	Darya Senchenko	1	[{"added": {}}]	7	12
1830	2025-09-09 12:18:04.496976+00	392	Order #392 by Darya Senchenko	1	[{"added": {}}, {"added": {"name": "order item", "object": "Meat dumplings(pork - beef) - 5"}}]	11	12
1831	2025-09-09 12:20:45.167265+00	337	Order #337 by Viktoriia Povoroznyk	2	[{"changed": {"fields": ["Status"]}}]	11	12
1832	2025-09-09 12:21:24.023621+00	204	Natalia Kremen Ballet School	2	[{"changed": {"fields": ["name"]}}]	7	12
1833	2025-09-09 15:26:33.404586+00	389	Order #389 by Boroy Ludmila	2	[{"changed": {"fields": ["Status"]}}]	11	12
1834	2025-09-09 18:42:57.475954+00	300	Tatiana Artemeva	1	[{"added": {}}]	7	12
1835	2025-09-09 18:44:35.305476+00	393	Order #393 by Tatiana Artemeva	1	[{"added": {}}, {"added": {"name": "order item", "object": "Cabbage rolls stuffed with pork and beef - 1"}}, {"added": {"name": "order item", "object": "Stuffed pepper with chicken - 1"}}, {"added": {"name": "order item", "object": "Beef dumplings - 2"}}, {"added": {"name": "order item", "object": "Vanilla cheesecakes with raisins - 1"}}, {"added": {"name": "order item", "object": "Beef cutlets - 1"}}]	11	12
1836	2025-09-09 18:45:20.910054+00	300	Tatiana Artemeva	2	[{"changed": {"fields": ["phone"]}}]	7	12
1837	2025-09-09 21:25:07.565641+00	393	Order #393 by Tatiana Artemeva	2	[{"changed": {"fields": ["Status"]}}]	11	12
1838	2025-09-10 13:58:58.427258+00	387	Order #387 by Anna Sundieva	2	[{"changed": {"fields": ["Status"]}}]	11	12
1839	2025-09-10 16:34:01.29713+00	301	Alina Romanenko	1	[{"added": {}}]	7	12
1840	2025-09-10 16:34:52.132922+00	394	Order #394 by Alina Romanenko	1	[{"added": {}}, {"added": {"name": "order item", "object": "Cabbage rolls stuffed with pork and beef - 2"}}, {"added": {"name": "order item", "object": "Homemade pork and beef sausage - 2"}}]	11	12
1841	2025-09-10 16:35:23.120419+00	382	Order #382 by Olga Szombathelyi	2	[{"changed": {"fields": ["Status"]}}]	11	12
1842	2025-09-10 16:42:33.989988+00	395	Order #395 by Elena Semenenko	1	[{"added": {}}, {"added": {"name": "order item", "object": "Buckwheat with mushrooms and onions - 1"}}, {"added": {"name": "order item", "object": "Beef goulash(stewed beef with vegetables) - 1"}}, {"added": {"name": "order item", "object": "Roast potato with beef, mushrooms and cheese - 1"}}, {"added": {"name": "order item", "object": "Premium beef sausages - 1"}}, {"added": {"name": "order item", "object": "Dry-cured pork balyk - 1"}}, {"added": {"name": "order item", "object": "Poppy seeds buns - 1"}}]	11	12
1843	2025-09-10 16:45:22.905327+00	302	Ruslana Davydchuk	1	[{"added": {}}]	7	12
1844	2025-09-10 16:47:01.968272+00	396	Order #396 by Ruslana Davydchuk	1	[{"added": {}}, {"added": {"name": "order item", "object": "Cherry dumplings - 1"}}, {"added": {"name": "order item", "object": "Potato dumplings - 1"}}, {"added": {"name": "order item", "object": "Cabbage rolls stuffed with pork and beef - 1"}}, {"added": {"name": "order item", "object": "Crepes stuffed with chicken and mushrooms - 1"}}, {"added": {"name": "order item", "object": "Meat chebureks(pork - beef) - 1"}}]	11	12
1845	2025-09-10 17:01:29.03969+00	303	Nikoletta Dorogij	1	[{"added": {}}]	7	12
1870	2025-09-11 02:13:24.741263+00	407	Order #407 by Inna Platonova	1	[{"added": {}}, {"added": {"name": "order item", "object": "Chicken dumplings - 2"}}, {"added": {"name": "order item", "object": "Fish cutlets - 1"}}, {"added": {"name": "order item", "object": "Aubergine saut\\u00e9 - 1"}}, {"added": {"name": "order item", "object": "Baked pork(buzhenina) - 2"}}]	11	12
1846	2025-09-10 17:05:26.127198+00	397	Order #397 by Nikoletta Dorogij	1	[{"added": {}}, {"added": {"name": "order item", "object": "Cherry dumplings - 1"}}, {"added": {"name": "order item", "object": "Cabbage rolls stuffed with pork and beef - 1"}}, {"added": {"name": "order item", "object": "Meat chebureks(pork - beef) - 1"}}, {"added": {"name": "order item", "object": "Meat dumplings(pork - beef) - 1"}}, {"added": {"name": "order item", "object": "Aubergine saut\\u00e9 - 1"}}, {"added": {"name": "order item", "object": "Chicken aspic holodez - 1"}}, {"added": {"name": "order item", "object": "Aubergine saut\\u00e9 - 1"}}]	11	12
1847	2025-09-10 17:10:16.180774+00	93	Cottage cheese casserole with cherry	2	[{"changed": {"fields": ["Name", "Categories"]}}]	9	12
1848	2025-09-10 17:10:52.87771+00	90	Cottage cheese casserole with blueberries	2	[{"changed": {"fields": ["Name", "Categories"]}}]	9	12
1849	2025-09-10 17:11:21.123416+00	398	Order #398 by Ina Pulford	1	[{"added": {}}, {"added": {"name": "order item", "object": "Baked pork(buzhenina) - 2"}}, {"added": {"name": "order item", "object": "Dry-cured sausage Cervelat - 1"}}, {"added": {"name": "order item", "object": "Korean carrots 500 g - 1"}}, {"added": {"name": "order item", "object": "Homemade sauerkraut - 1"}}, {"added": {"name": "order item", "object": "Cottage cheese casserole with cherry - 1"}}, {"added": {"name": "order item", "object": "Cottage cheese casserole with blueberries - 1"}}, {"added": {"name": "order item", "object": "Pies stuffed with cabbage - 1"}}, {"added": {"name": "order item", "object": "Poppy seeds buns - 1"}}]	11	12
1850	2025-09-10 17:12:34.136942+00	146	Svetlana Derby	2	[{"changed": {"fields": ["name"]}}]	7	12
1851	2025-09-10 17:12:45.020241+00	146	Svetlana Derby	2	[]	7	12
1852	2025-09-10 17:12:50.044431+00	146	Svetlana Derby	2	[]	7	12
1853	2025-09-10 17:14:59.548462+00	399	Order #399 by Svetlana Derby	1	[{"added": {}}, {"added": {"name": "order item", "object": "Borsch with beef - 1"}}, {"added": {"name": "order item", "object": "Chicken soup with meatballs - 1"}}, {"added": {"name": "order item", "object": "Chicken aspic holodez - 1"}}, {"added": {"name": "order item", "object": "Olivie salad - 1"}}, {"added": {"name": "order item", "object": "Cottage cheese casserole with raspberries - 1"}}, {"added": {"name": "order item", "object": "Baked pork(buzhenina) - 1"}}, {"added": {"name": "order item", "object": "Grudinka(baked pork brisket) - 1"}}]	11	12
1854	2025-09-10 17:21:27.488396+00	192	Cookies nuts with condensed milk 0,5 kg	2	[{"changed": {"fields": ["Name", "Categories", "Price"]}}]	9	12
1855	2025-09-10 17:21:46.162776+00	400	Order #400 by Sasha Korelska	1	[{"added": {}}, {"added": {"name": "order item", "object": "Crepes stuffed with beef and fried onions - 1"}}, {"added": {"name": "order item", "object": "Chicken chebureks - 1"}}, {"added": {"name": "order item", "object": "Beef dumplings - 1"}}, {"added": {"name": "order item", "object": "Potato and fried onion dumplings - 1"}}, {"added": {"name": "order item", "object": "Premium beef sausages - 1"}}, {"added": {"name": "order item", "object": "Cookies nuts with condensed milk 0,5 kg - 1"}}]	11	12
1856	2025-09-10 17:25:49.011802+00	304	Nataliia Doaga	1	[{"added": {}}]	7	12
1857	2025-09-10 17:28:04.976229+00	37	Crepes stuffed with pork and fried onions	2	[{"changed": {"fields": ["Name", "Categories"]}}]	9	12
1858	2025-09-10 17:28:22.054398+00	401	Order #401 by Nataliia Doaga	1	[{"added": {}}, {"added": {"name": "order item", "object": "Cherry dumplings - 1"}}, {"added": {"name": "order item", "object": "Pork dumplings - 1"}}, {"added": {"name": "order item", "object": "Meat dumplings(pork - beef) varenyky - 1"}}, {"added": {"name": "order item", "object": "Potato dumplings - 1"}}, {"added": {"name": "order item", "object": "Crepes stuffed with pork and fried onions - 1"}}]	11	12
1859	2025-09-10 17:34:45.281995+00	305	Kashchuk Natalia	1	[{"added": {}}]	7	12
1860	2025-09-10 17:36:18.189746+00	402	Order #402 by Kashchuk Natalia	1	[{"added": {}}, {"added": {"name": "order item", "object": "Turkey dumplings - 3"}}, {"added": {"name": "order item", "object": "Vanilla cheesecakes - 1"}}, {"added": {"name": "order item", "object": "Strawberry Tiramisu(No alcohol) - 1"}}]	11	12
1861	2025-09-11 00:13:16.297147+00	403	Order #403 by Maria Rozental	1	[{"added": {}}, {"added": {"name": "order item", "object": "Meat dumplings(pork - beef) - 3"}}, {"added": {"name": "order item", "object": "Crepes stuffed with chicken and cheese - 2"}}, {"added": {"name": "order item", "object": "Vanilla cheesecakes - 1"}}, {"added": {"name": "order item", "object": "Vanilla cheesecakes with raisins - 1"}}, {"added": {"name": "order item", "object": "Premium beef sausages - 1"}}, {"added": {"name": "order item", "object": "Pies stuffed with cabbage - 1"}}]	11	12
1862	2025-09-11 00:17:01.73348+00	306	Mila Plotkin	1	[{"added": {}}]	7	12
1863	2025-09-11 00:24:36.697338+00	404	Order #404 by Mila Plotkin	1	[{"added": {}}, {"added": {"name": "order item", "object": "Tomato vegetable sauce(frozen) - 3"}}, {"added": {"name": "order item", "object": "Borsch sauce(frozen) - 3"}}, {"added": {"name": "order item", "object": "Meat chebureks(pork - beef) - 1"}}, {"added": {"name": "order item", "object": "Stuffed pepper with meat(pork - beef) - 1"}}, {"added": {"name": "order item", "object": "Stuffed pepper with mushrooms - 1"}}, {"added": {"name": "order item", "object": "Cabbage rolls stuffed with pork and beef - 1"}}, {"added": {"name": "order item", "object": "Crepes stuffed with chicken and mushrooms - 1"}}, {"added": {"name": "order item", "object": "Meat dumplings(pork - beef) - 1"}}, {"added": {"name": "order item", "object": "Mushroom cream soup - 1"}}, {"added": {"name": "order item", "object": "Cashew condensed milk 200 g - 1"}}]	11	12
1864	2025-09-11 00:26:03.848434+00	307	Leister	1	[{"added": {}}]	7	12
1865	2025-09-11 01:55:28.036479+00	308	Jekaterina Petrovska	1	[{"added": {}}]	7	12
1866	2025-09-11 01:56:43.411223+00	405	Order #405 by Jekaterina Petrovska	1	[{"added": {}}, {"added": {"name": "order item", "object": "Cabbage rolls stuffed with pork and beef - 1"}}, {"added": {"name": "order item", "object": "Stuffed pepper with meat(pork - beef) - 1"}}, {"added": {"name": "order item", "object": "Chicken and cheese chebureks - 1"}}]	11	12
1867	2025-09-11 01:57:53.341446+00	309	Elena	1	[{"added": {}}]	7	12
1868	2025-09-11 02:04:06.823095+00	207	Lard spread	1	[{"added": {}}]	9	12
1869	2025-09-11 02:05:03.138987+00	406	Order #406 by Elena	1	[{"added": {}}, {"added": {"name": "order item", "object": "Meat dumplings(pork - beef) - 1"}}, {"added": {"name": "order item", "object": "Fish cutlets - 1"}}, {"added": {"name": "order item", "object": "Cabbage rolls stuffed with pork and beef - 1"}}, {"added": {"name": "order item", "object": "Homemade sauerkraut - 1"}}, {"added": {"name": "order item", "object": "Prepared beef cutlets - 1"}}, {"added": {"name": "order item", "object": "Herring forshmak - 1"}}, {"added": {"name": "order item", "object": "Prepared vanilla cheesecakes with raisins - 1"}}, {"added": {"name": "order item", "object": "Lard spread - 1"}}, {"added": {"name": "order item", "object": "Premium beef sausages - 1"}}, {"added": {"name": "order item", "object": "Grudinka(baked pork brisket) - 1"}}]	11	12
1871	2025-09-11 02:14:44.887459+00	310	Olga Mazurenko	1	[{"added": {}}]	7	12
2081	2025-09-17 16:33:33.889373+00	460	Order #460 by Kseniia Osetrova	2	[{"changed": {"fields": ["Status"]}}]	11	12
1872	2025-09-11 02:18:40.42783+00	408	Order #408 by Olga Mazurenko	1	[{"added": {}}, {"added": {"name": "order item", "object": "Meat dumplings(pork - beef) - 4"}}, {"added": {"name": "order item", "object": "Vanilla cheesecakes with raisins - 1"}}, {"added": {"name": "order item", "object": "Crepes stuffed with chicken liver - 2"}}, {"added": {"name": "order item", "object": "Sweet cottage cheese dumplings - 1"}}, {"added": {"name": "order item", "object": "Crepes stuffed with chicken and mushrooms - 1"}}, {"added": {"name": "order item", "object": "Cherry dumplings - 1"}}, {"added": {"name": "order item", "object": "Potato and fried onion dumplings - 1"}}, {"added": {"name": "order item", "object": "Sweet cottage cheese and blueberries crepes - 1"}}, {"added": {"name": "order item", "object": "Sweet cottage cheese dumplings - 1"}}]	11	12
1873	2025-09-11 02:19:40.576558+00	408	Order #408 by Olga Mazurenko	2	[{"added": {"name": "order item", "object": "Liver pancakes - 1"}}]	11	12
1874	2025-09-11 09:03:44.704901+00	311	Inga Bliudziute	1	[{"added": {}}]	7	12
1875	2025-09-11 09:06:11.012576+00	409	Order #409 by Inga Bliudziute	1	[{"added": {}}, {"added": {"name": "order item", "object": "Strawberry condensed milk 200 g - 1"}}, {"added": {"name": "order item", "object": "Beef Jerky - 1"}}, {"added": {"name": "order item", "object": "Pork Jerky - 1"}}, {"added": {"name": "order item", "object": "Turkey Jerky - 1"}}, {"added": {"name": "order item", "object": "Chicken Jerky - 1"}}, {"added": {"name": "order item", "object": "Meat dumplings(pork - beef) varenyky - 1"}}, {"added": {"name": "order item", "object": "Cherry dumplings - 1"}}, {"added": {"name": "order item", "object": "Blueberry dumplings - 1"}}]	11	12
1876	2025-09-11 09:09:42.099952+00	312	Diana Dudiak	1	[{"added": {}}]	7	12
1877	2025-09-11 09:10:21.560655+00	410	Order #410 by Diana Dudiak	1	[{"added": {}}, {"added": {"name": "order item", "object": "Strawberry Tiramisu(No alcohol) - 3"}}]	11	12
1878	2025-09-11 09:50:19.737856+00	411	Order #411 by Diana Komka	1	[{"added": {}}, {"added": {"name": "order item", "object": "Meat dumplings(pork - beef) - 2"}}, {"added": {"name": "order item", "object": "Cabbage rolls stuffed with pork and beef - 3"}}, {"added": {"name": "order item", "object": "Meat chebureks(pork - beef) - 1"}}, {"added": {"name": "order item", "object": "Pies stuffed with cabbage - 1"}}]	11	12
1879	2025-09-11 09:51:29.911403+00	411	Order #411 by Diana Komka	2	[{"changed": {"name": "order item", "object": "Meat dumplings(pork - beef) - 1", "fields": ["Quantity"]}}, {"changed": {"name": "order item", "object": "Meat chebureks(pork - beef) - 2", "fields": ["Quantity"]}}]	11	12
1880	2025-09-11 09:53:03.444407+00	411	Order #411 by Diana Komka	2	[{"changed": {"fields": ["Home Delivery", "Delivery fee manual", "Delivery fee"]}}]	11	12
1881	2025-09-11 09:54:20.252867+00	408	Order #408 by Olga Mazurenko	2	[{"changed": {"fields": ["Status"]}}]	11	12
1882	2025-09-11 09:56:11.895993+00	309	Elena Berezka	2	[{"changed": {"fields": ["name"]}}]	7	12
1883	2025-09-11 13:23:00.156977+00	412	Order #412 by Farida Aliyeva	1	[{"added": {}}, {"added": {"name": "order item", "object": "Meat dumplings(pork - beef) - 6"}}]	11	12
1884	2025-09-11 14:34:23.347001+00	412	Order #412 by Farida Aliyeva	3		11	12
1885	2025-09-11 14:36:30.325263+00	313	Copper kettle cafe	1	[{"added": {}}]	7	12
1886	2025-09-11 14:43:15.680725+00	413	Order #413 by Copper kettle cafe	1	[{"added": {}}, {"added": {"name": "order item", "object": "Meat dumplings(pork - beef) - 6"}}, {"added": {"name": "order item", "object": "Chicken dumplings - 7"}}, {"added": {"name": "order item", "object": "Beef dumplings - 1"}}, {"added": {"name": "order item", "object": "Cabbage rolls stuffed with beef - 1"}}, {"added": {"name": "order item", "object": "Zucchini pancakes with garlic sour cream sauce. - 1"}}]	11	12
1887	2025-09-11 15:06:42.26281+00	86	Cottage cheese casserole with orange	2	[{"changed": {"fields": ["Name", "Categories"]}}]	9	12
1888	2025-09-11 15:09:51.804376+00	414	Order #414 by Jenny Agarkova	1	[{"added": {}}, {"added": {"name": "order item", "object": "Cherry dumplings - 1"}}, {"added": {"name": "order item", "object": "Meat dumplings(pork - beef) - 1"}}, {"added": {"name": "order item", "object": "Meat dumplings(pork - beef) varenyky - 1"}}, {"added": {"name": "order item", "object": "Sweet cottage cheese dumplings - 1"}}, {"added": {"name": "order item", "object": "Vanilla cheesecakes - 1"}}, {"added": {"name": "order item", "object": "Crepes stuffed with apple and cinnamon - 1"}}, {"added": {"name": "order item", "object": "Crepes stuffed with beef and fried onions - 1"}}, {"added": {"name": "order item", "object": "Marinated chicken in soy-honey sauce - 1"}}, {"added": {"name": "order item", "object": "Dry-cured pork balyk - 1"}}, {"added": {"name": "order item", "object": "Kyiv smoked sausage - 1"}}, {"added": {"name": "order item", "object": "Cottage cheese casserole with orange - 1"}}, {"added": {"name": "order item", "object": "Zucchini pancakes with garlic sour cream sauce. - 1"}}, {"added": {"name": "order item", "object": "Liver cake - 1"}}, {"added": {"name": "order item", "object": "Marinated champignons - 1"}}, {"added": {"name": "order item", "object": "Olivie salad - 1"}}, {"added": {"name": "order item", "object": "Prepared chicken and cheese cutlets - 1"}}]	11	12
1889	2025-09-11 15:14:42.595205+00	192	Cookies nuts with condensed milk 1kg	2	[{"changed": {"fields": ["Name", "Categories", "Price"]}}]	9	12
1890	2025-09-11 15:14:52.86626+00	415	Order #415 by Inga Prilipko	1	[{"added": {}}, {"added": {"name": "order item", "object": "Meat dumplings(pork - beef) - 1"}}, {"added": {"name": "order item", "object": "Pork dumplings - 1"}}, {"added": {"name": "order item", "object": "Turkey dumplings - 1"}}, {"added": {"name": "order item", "object": "Chicken aspic holodez - 1"}}, {"added": {"name": "order item", "object": "Cookies nuts with condensed milk 1kg - 1"}}]	11	12
1891	2025-09-11 17:59:33.413654+00	407	Order #407 by Inna Platonova	2	[{"added": {"name": "order item", "object": "Ukrainian lard - 1"}}]	11	12
1892	2025-09-11 18:03:39.890214+00	314	Vitalii Konotop	1	[{"added": {}}]	7	12
1893	2025-09-11 18:06:46.773872+00	416	Order #416 by Vitalii Konotop	1	[{"added": {}}, {"added": {"name": "order item", "object": "Cherry dumplings - 4"}}, {"added": {"name": "order item", "object": "Meat dumplings(pork - beef) - 1"}}, {"added": {"name": "order item", "object": "Potato and mushrooms dumplings - 1"}}, {"added": {"name": "order item", "object": "Potato and fried onion dumplings - 2"}}, {"added": {"name": "order item", "object": "Homemade sauerkraut - 1"}}]	11	12
1894	2025-09-11 18:11:44.589869+00	315	Virsaviia  Ivanenko	1	[{"added": {}}]	7	12
1895	2025-09-11 18:14:07.480684+00	417	Order #417 by Virsaviia  Ivanenko	1	[{"added": {}}, {"added": {"name": "order item", "object": "Pork dumplings - 2"}}, {"added": {"name": "order item", "object": "Potato and fried onion dumplings - 1"}}, {"added": {"name": "order item", "object": "Potato and mushrooms dumplings - 1"}}, {"added": {"name": "order item", "object": "Homemade fried pork sausage - 1"}}]	11	12
2053	2025-09-16 23:46:54.301258+00	41	Mushrooms and fried onions crepes	2	[{"changed": {"fields": ["Categories"]}}]	9	12
2054	2025-09-17 07:27:00.731503+00	457	Order #457 by Iryna Stocks	2	[{"changed": {"fields": ["Notes"]}}]	11	12
2055	2025-09-17 07:33:11.336513+00	332	Reznikova Yulia	2	[{"changed": {"fields": ["Address Line"]}}]	7	12
1896	2025-09-11 18:19:13.928732+00	418	Order #418 by David Sottaev	1	[{"added": {}}, {"added": {"name": "order item", "object": "Beef cutlets - 3"}}, {"added": {"name": "order item", "object": "Beef dumplings - 2"}}, {"added": {"name": "order item", "object": "Cabbage rolls stuffed with beef - 1"}}, {"added": {"name": "order item", "object": "Premium beef sausages - 2"}}, {"added": {"name": "order item", "object": "Homemade fried chicken sausage - 4"}}]	11	12
1897	2025-09-12 01:42:05.715048+00	376	Order #376 by Sofia Chirsenblat	2	[{"changed": {"fields": ["Status"]}}]	11	12
1898	2025-09-12 01:43:44.026146+00	76	Dry-cured pork balyk	2	[{"changed": {"fields": ["Categories", "Price"]}}]	9	12
1899	2025-09-12 01:43:46.768141+00	414	Order #414 by Jenny Agarkova	2	[]	11	12
1900	2025-09-12 01:44:42.086866+00	414	Order #414 by Jenny Agarkova	2	[{"changed": {"fields": ["Status"]}}]	11	12
1901	2025-09-12 01:47:20.763769+00	397	Order #397 by Nikoletta Dorogij	2	[{"changed": {"name": "order item", "object": "Beef aspic holodez - 1.00", "fields": ["Product"]}}]	11	12
1902	2025-09-12 01:49:21.535216+00	315	Virsaviia  Ivanenko	2	[{"changed": {"fields": ["Address Line", "Postal Code"]}}]	7	12
1903	2025-09-12 01:51:02.864893+00	74	Kseniia Otych	2	[{"changed": {"fields": ["Address Line", "Address Line 2", "Postal Code"]}}]	7	12
1904	2025-09-12 01:53:12.267051+00	419	Order #419 by Kseniia Otych	1	[{"added": {}}, {"added": {"name": "order item", "object": "Meat dumplings(pork - beef) - 1"}}, {"added": {"name": "order item", "object": "Pork dumplings - 1"}}, {"added": {"name": "order item", "object": "Chicken liver pate - 1"}}, {"added": {"name": "order item", "object": "Grilled baby potatoes - 1"}}, {"added": {"name": "order item", "object": "Solyanka meat soup - 3"}}, {"added": {"name": "order item", "object": "Premium beef sausages - 1"}}]	11	12
1905	2025-09-12 01:57:42.531409+00	130	Baked potato with beef, mushrooms and cheese	2	[{"changed": {"fields": ["Name", "Description", "Categories", "Price"]}}]	9	12
1906	2025-09-12 01:58:43.497045+00	135	Baked pork chops with tomatoes and cheese	2	[{"changed": {"fields": ["Name", "Categories"]}}]	9	12
1907	2025-09-12 01:59:05.995577+00	420	Order #420 by Elena Yushko	1	[{"added": {}}, {"added": {"name": "order item", "object": "Crepes stuffed with chicken and cheese - 1"}}, {"added": {"name": "order item", "object": "Crepes stuffed with pork and fried onions - 1"}}, {"added": {"name": "order item", "object": "Barbecue chicken legs in soy-honey marinade - 1"}}, {"added": {"name": "order item", "object": "Dry-cured turkey - 1"}}, {"added": {"name": "order item", "object": "Kyiv smoked sausage - 1"}}, {"added": {"name": "order item", "object": "Aubergine rolls stuffed with cream cheese and garlic - 1"}}, {"added": {"name": "order item", "object": "Korean carrots 500 g - 1"}}, {"added": {"name": "order item", "object": "Chicken and mushroom salad - 1"}}, {"added": {"name": "order item", "object": "Baked potato with beef, mushrooms and cheese - 1"}}, {"added": {"name": "order item", "object": "Baked pork chops with tomatoes and cheese - 1"}}]	11	12
1908	2025-09-12 10:18:33.316342+00	400	Order #400 by Sasha Korelska	2	[{"deleted": {"name": "order item", "object": "Cookies nuts with condensed milk 1kg - 1.00"}}]	11	12
1909	2025-09-12 10:19:37.925686+00	208	Cookies nuts with condensed milk 0,5 kg	1	[{"added": {}}]	9	12
1910	2025-09-12 10:19:41.535661+00	400	Order #400 by Sasha Korelska	2	[{"added": {"name": "order item", "object": "Cookies nuts with condensed milk 0,5 kg - 1"}}]	11	12
1911	2025-09-12 10:43:10.437946+00	316	Oksana Stowe	1	[{"added": {}}]	7	12
1912	2025-09-12 10:44:27.220003+00	421	Order #421 by Oksana Stowe	1	[{"added": {}}, {"added": {"name": "order item", "object": "Meat dumplings(pork - beef) - 2"}}, {"added": {"name": "order item", "object": "Pork dumplings - 1"}}, {"added": {"name": "order item", "object": "Meat dumplings(pork - beef) varenyky - 1"}}, {"added": {"name": "order item", "object": "Cherry dumplings - 1"}}, {"added": {"name": "order item", "object": "Chicken and cheese chebureks - 1"}}]	11	12
1913	2025-09-12 12:45:26.130728+00	74	Kseniia Otych	2	[{"changed": {"fields": ["Address Line"]}}]	7	12
1914	2025-09-12 12:46:58.650752+00	306	Mila Plotkin	2	[]	7	12
1915	2025-09-12 14:32:13.05725+00	274	Larissa Dasenko	2	[{"changed": {"fields": ["Address Line", "Postal Code"]}}]	7	12
1916	2025-09-12 16:03:46.629451+00	317	Khrystyna Urbanovich	1	[{"added": {}}]	7	12
1917	2025-09-12 16:06:50.077889+00	54	Crepes stuffed with cottage cheese and blueberries	2	[{"changed": {"fields": ["Name", "Categories"]}}]	9	12
1918	2025-09-12 16:08:26.699321+00	422	Order #422 by Khrystyna Urbanovich	1	[{"added": {}}, {"added": {"name": "order item", "object": "Pork dumplings - 2"}}, {"added": {"name": "order item", "object": "Cherry dumplings - 2"}}, {"added": {"name": "order item", "object": "Cabbage rolls stuffed with pork and beef - 1"}}, {"added": {"name": "order item", "object": "Vanilla cheesecakes - 1"}}, {"added": {"name": "order item", "object": "Turkey meatballs and tomato sauce - 1"}}, {"added": {"name": "order item", "object": "Crepes stuffed with cottage cheese and blueberries - 1"}}, {"added": {"name": "order item", "object": "Fish cutlets - 1"}}, {"added": {"name": "order item", "object": "Crepes stuffed with sweet cottage cheese - 1"}}, {"added": {"name": "order item", "object": "Prepared vanilla cheesecakes with raisins - 1"}}, {"added": {"name": "order item", "object": "Olivie salad - 1"}}, {"added": {"name": "order item", "object": "Pies stuffed with apple - 1"}}]	11	12
1919	2025-09-12 16:10:00.964665+00	224	Vladyslav Volkov	2	[{"changed": {"fields": ["Address Line", "Address Line 2", "City", "Postal Code"]}}]	7	12
1920	2025-09-12 16:13:26.004014+00	417	Order #417 by Virsaviia  Ivanenko	3		11	12
1921	2025-09-12 16:24:11.163302+00	363	Order #363 by Irina Leskevica	3		11	12
1922	2025-09-12 16:28:19.055458+00	423	Order #423 by Tetiana Liubasiuk	1	[{"added": {}}, {"added": {"name": "order item", "object": "Crepes stuffed with chicken and mushrooms - 1"}}, {"added": {"name": "order item", "object": "Deruny (potato pancakes with mushroom sauce) - 1"}}, {"added": {"name": "order item", "object": "Prepared chicken and cheese cutlets - 1"}}]	11	12
1923	2025-09-12 16:51:19.880023+00	398	Order #398 by Ina Pulford	2	[{"changed": {"fields": ["Status"]}}]	11	12
1924	2025-09-12 16:52:01.331825+00	413	Order #413 by Copper kettle cafe	2	[{"changed": {"fields": ["Status"]}}]	11	12
1925	2025-09-12 17:28:35.517723+00	375	Order #375 by Sofia Isakova	2	[{"changed": {"name": "order item", "object": "Crepes stuffed with apple and cinnamon - 2", "fields": ["Quantity"]}}, {"changed": {"name": "order item", "object": "Homemade fried pork sausage - 2", "fields": ["Quantity"]}}]	11	12
1926	2025-09-12 17:53:39.397418+00	357	Order #357 by Natalia Moskaleva	3		11	12
1927	2025-09-12 17:56:06.944944+00	405	Order #405 by Jekaterina Petrovska	2	[{"changed": {"fields": ["Status"]}}]	11	12
1928	2025-09-12 22:54:52.202307+00	397	Order #397 by Nikoletta Dorogij	2	[{"changed": {"name": "order item", "object": "Ukrainian lard - 1.00", "fields": ["Product"]}}]	11	12
1929	2025-09-12 23:13:10.798098+00	318	Santa	1	[{"added": {}}]	7	12
2056	2025-09-17 07:36:07.81453+00	338	Lasma Smeiksta	1	[{"added": {}}]	7	12
1930	2025-09-12 23:14:36.269239+00	424	Order #424 by Santa	1	[{"added": {}}, {"added": {"name": "order item", "object": "Cabbage rolls stuffed with chicken - 1"}}, {"added": {"name": "order item", "object": "Chicken aspic holodez - 1"}}, {"added": {"name": "order item", "object": "Okroshka - 1"}}, {"added": {"name": "order item", "object": "Borsch with beef - 1"}}, {"added": {"name": "order item", "object": "Olivie salad - 1"}}]	11	12
1931	2025-09-12 23:17:34.815304+00	319	Maryna Korostelova	1	[{"added": {}}]	7	12
1932	2025-09-12 23:20:35.334274+00	209	Chocolate condensed milk 200 g	1	[{"added": {}}]	9	12
1933	2025-09-12 23:21:28.667757+00	425	Order #425 by Maryna Korostelova	1	[{"added": {}}, {"added": {"name": "order item", "object": "Meat dumplings(pork - beef) - 1"}}, {"added": {"name": "order item", "object": "Blueberry dumplings - 1"}}, {"added": {"name": "order item", "object": "Meat dumplings(pork - beef) varenyky - 1"}}, {"added": {"name": "order item", "object": "Salted cottage cheese dumplings - 1"}}, {"added": {"name": "order item", "object": "Crepes stuffed with chicken and cheese - 1"}}, {"added": {"name": "order item", "object": "Potato and cottage cheese dumplings - 1"}}, {"added": {"name": "order item", "object": "Chocolate condensed milk 200 g - 1"}}, {"added": {"name": "order item", "object": "Smoked sausage Cervelat - 1"}}, {"added": {"name": "order item", "object": "Premium beef sausages - 1"}}]	11	12
1934	2025-09-13 11:27:06.67514+00	404	Order #404 by Mila Plotkin	2	[{"changed": {"fields": ["Status"]}}]	11	12
1935	2025-09-13 11:27:06.679045+00	403	Order #403 by Maria Rozental	2	[{"changed": {"fields": ["Status"]}}]	11	12
1936	2025-09-13 11:27:06.681063+00	384	Order #384 by Ljudmila Pavljuk	2	[{"changed": {"fields": ["Status"]}}]	11	12
1937	2025-09-13 11:33:35.841633+00	326	Order #326 by Vladyslav Volkov	2	[{"changed": {"name": "order item", "object": "Homemade meat grill sausages - 4", "fields": ["Quantity"]}}, {"deleted": {"name": "order item", "object": "Tongue delicacy - 1.00"}}]	11	12
1938	2025-09-13 20:25:35.575238+00	383	Order #383 by Valery Lawyer	3		11	12
1939	2025-09-14 03:08:26.255769+00	399	Order #399 by Svetlana Derby	2	[{"changed": {"fields": ["Status"]}}]	11	12
1940	2025-09-14 03:09:23.752993+00	366	Order #366 by Svetlana Dudkina	2	[{"changed": {"fields": ["Status"]}}]	11	12
1941	2025-09-14 03:09:39.577823+00	425	Order #425 by Maryna Korostelova	2	[{"changed": {"fields": ["Status"]}}]	11	12
1942	2025-09-14 03:10:03.180307+00	392	Order #392 by Darya Senchenko	2	[{"changed": {"fields": ["Status"]}}]	11	12
1943	2025-09-14 03:10:38.333251+00	380	Order #380 by Kaminska Oleksandra	2	[{"changed": {"fields": ["Status"]}}]	11	12
1944	2025-09-14 03:10:38.337082+00	372	Order #372 by Oksana Lubane	2	[{"changed": {"fields": ["Status"]}}]	11	12
1945	2025-09-14 03:18:20.837242+00	370	Order #370 by Borshchenko Iryna	2	[{"changed": {"fields": ["Status"]}}]	11	12
1946	2025-09-14 11:59:24.142306+00	421	Order #421 by Oksana Stowe	2	[{"changed": {"fields": ["Status"]}}]	11	12
1947	2025-09-14 12:43:46.72813+00	418	Order #418 by David Sottaev	2	[{"changed": {"fields": ["Status"]}}]	11	12
1948	2025-09-14 12:45:16.340334+00	424	Order #424 by Santa	2	[{"changed": {"fields": ["Status"]}}]	11	12
1949	2025-09-14 12:46:39.004466+00	369	Order #369 by Tetiana Ivanchuk	2	[{"changed": {"fields": ["Status"]}}]	11	12
1950	2025-09-14 12:51:25.757786+00	379	Order #379 by Stacy Jarvis	2	[{"changed": {"fields": ["Status"]}}]	11	12
1951	2025-09-14 12:52:09.485005+00	422	Order #422 by Khrystyna Urbanovich	2	[{"changed": {"fields": ["Status"]}}]	11	12
1952	2025-09-14 12:53:59.648002+00	365	Order #365 by Ruslana Nesterovska	2	[{"changed": {"fields": ["Status"]}}]	11	12
1953	2025-09-14 13:00:30.801639+00	236	Order #236 by "Ukraine Response Team with. Attention of Sam Connor"	2	[{"changed": {"fields": ["Status"]}}]	11	12
1954	2025-09-14 13:04:15.409815+00	250	Order #250 by Ira Golan	2	[{"changed": {"fields": ["Status"]}}]	11	12
1955	2025-09-14 13:04:15.413461+00	249	Order #249 by Fetkulina Lilia	2	[{"changed": {"fields": ["Status"]}}]	11	12
1956	2025-09-14 13:05:17.822456+00	419	Order #419 by Kseniia Otych	3		11	12
1957	2025-09-14 13:05:45.134397+00	410	Order #410 by Diana Dudiak	3		11	12
1958	2025-09-14 13:06:45.749331+00	409	Order #409 by Inga Bliudziute	2	[{"changed": {"fields": ["Status"]}}]	11	12
1959	2025-09-14 13:07:56.21222+00	396	Order #396 by Ruslana Davydchuk	2	[{"changed": {"fields": ["Status"]}}]	11	12
1960	2025-09-14 13:11:04.474217+00	395	Order #395 by Elena Semenenko	2	[{"changed": {"fields": ["Status"]}}]	11	12
1961	2025-09-14 13:17:31.3228+00	253	Order #253 by Iryna Tsahelnik	2	[{"changed": {"fields": ["Delivery date"]}}]	11	12
1962	2025-09-14 13:18:15.110927+00	358	Order #358 by Oleksandra Volkova	2	[{"changed": {"fields": ["Status"]}}]	11	12
1963	2025-09-14 14:11:54.752522+00	320	Sergey Durov	1	[{"added": {}}]	7	12
1964	2025-09-14 14:13:04.1633+00	38	Frozen chicken cutlets	2	[{"changed": {"fields": ["Name", "Categories"]}}]	9	12
1965	2025-09-14 14:13:26.783753+00	53	Frozen beef cutlets	2	[{"changed": {"fields": ["Name", "Categories"]}}]	9	12
1966	2025-09-14 14:15:27.253636+00	426	Order #426 by Sergey Durov	1	[{"added": {}}, {"added": {"name": "order item", "object": "Chicken dumplings - 1"}}, {"added": {"name": "order item", "object": "Beef dumplings - 1"}}, {"added": {"name": "order item", "object": "Vanilla cheesecakes - 1"}}, {"added": {"name": "order item", "object": "Crepes stuffed with beef and fried onions - 1"}}, {"added": {"name": "order item", "object": "Frozen chicken cutlets - 1"}}, {"added": {"name": "order item", "object": "Frozen beef cutlets - 1"}}, {"added": {"name": "order item", "object": "Prepared cheesecakes - 1"}}, {"added": {"name": "order item", "object": "Aubergine rolls stuffed with cream cheese and garlic - 1"}}, {"added": {"name": "order item", "object": "Aubergine saut\\u00e9 - 1"}}, {"added": {"name": "order item", "object": "Prepared meat cutlets(pork - beef) - 1"}}, {"added": {"name": "order item", "object": "Sausage in dough - 1"}}, {"added": {"name": "order item", "object": "Coconut condensed milk 200 g - 1"}}]	11	12
1967	2025-09-14 14:16:25.272272+00	426	Order #426 by Sergey Durov	2	[{"changed": {"fields": ["Delivery fee manual", "Delivery fee"]}}]	11	12
1968	2025-09-14 14:20:06.063683+00	427	Order #427 by Valery Lawyer	1	[{"added": {}}, {"added": {"name": "order item", "object": "Premium beef sausages - 1"}}]	11	12
1969	2025-09-14 19:59:17.560809+00	416	Order #416 by Vitalii Konotop	2	[{"changed": {"fields": ["Status"]}}]	11	12
1970	2025-09-14 20:06:55.928738+00	321	Andrii Pyrozhenko	1	[{"added": {}}]	7	12
1971	2025-09-14 20:08:56.90047+00	428	Order #428 by Andrii Pyrozhenko	1	[{"added": {}}, {"added": {"name": "order item", "object": "Sweet cottage cheese dumplings - 1"}}, {"added": {"name": "order item", "object": "Crepes stuffed with chicken and mushrooms - 2"}}, {"added": {"name": "order item", "object": "Crepes stuffed with sweet cottage cheese - 2"}}, {"added": {"name": "order item", "object": "Coffee Tiramisu(No alcohol) - 1"}}, {"added": {"name": "order item", "object": "Deruny (potato pancakes with mushroom sauce) - 1"}}, {"added": {"name": "order item", "object": "Chicken liver pate - 1"}}, {"added": {"name": "order item", "object": "Premium beef sausages - 1"}}]	11	12
1972	2025-09-14 20:37:42.693182+00	429	Order #429 by Andrei Ponomarev	1	[{"added": {}}, {"added": {"name": "order item", "object": "Vanilla cheesecakes - 3"}}, {"added": {"name": "order item", "object": "Vanilla cheesecakes with raisins - 1"}}, {"added": {"name": "order item", "object": "Olivie salad - 1"}}, {"added": {"name": "order item", "object": "Salami smoked sausage - 1"}}, {"added": {"name": "order item", "object": "Sausage in dough - 1"}}]	11	12
1973	2025-09-14 22:59:54.413102+00	322	Valeriy Bakumenko	1	[{"added": {}}]	7	12
1974	2025-09-14 23:02:15.442231+00	430	Order #430 by Valeriy Bakumenko	1	[{"added": {}}, {"added": {"name": "order item", "object": "Homemade fried pork sausage - 1"}}, {"added": {"name": "order item", "object": "Dry-cured mini-sausages Salami - 1"}}, {"added": {"name": "order item", "object": "Premium beef sausages - 1"}}, {"added": {"name": "order item", "object": "Homemade pork and beef sausage. - 1"}}, {"added": {"name": "order item", "object": "Homemade sauerkraut - 1"}}]	11	12
1975	2025-09-14 23:05:08.665529+00	323	Neberekutina Larysa	1	[{"added": {}}]	7	12
1976	2025-09-14 23:07:51.627386+00	431	Order #431 by Neberekutina Larysa	1	[{"added": {}}, {"added": {"name": "order item", "object": "Meat dumplings(pork - beef) - 1"}}, {"added": {"name": "order item", "object": "Cherry dumplings - 1"}}, {"added": {"name": "order item", "object": "Crepes stuffed with apple and cinnamon - 1"}}, {"added": {"name": "order item", "object": "Cabbage rolls stuffed with pork and beef - 1"}}, {"added": {"name": "order item", "object": "Potato and fried onion dumplings - 1"}}, {"added": {"name": "order item", "object": "Chicken aspic holodez - 1"}}]	11	12
1977	2025-09-14 23:15:45.741287+00	432	Order #432 by Alina Prystynska	1	[{"added": {}}, {"added": {"name": "order item", "object": "Chicken dumplings - 4"}}, {"added": {"name": "order item", "object": "Vanilla cheesecakes - 1"}}, {"added": {"name": "order item", "object": "Chicken chebureks - 1"}}, {"added": {"name": "order item", "object": "Smoked sausages Okhotnichye - 1"}}, {"added": {"name": "order item", "object": "Premium beef sausages - 1"}}]	11	12
1978	2025-09-14 23:21:59.83212+00	324	Okervill Nataliia	1	[{"added": {}}]	7	12
1979	2025-09-15 11:16:34.787834+00	323	Neberekutina Larysa	2	[{"changed": {"fields": ["phone"]}}]	7	12
1980	2025-09-15 11:55:44.271402+00	325	Militchuk Maria	1	[{"added": {}}]	7	12
1981	2025-09-15 11:57:12.146908+00	433	Order #433 by Militchuk Maria	1	[{"added": {}}, {"added": {"name": "order item", "object": "Meat dumplings(pork - beef) - 1"}}, {"added": {"name": "order item", "object": "Liver pancakes - 1"}}, {"added": {"name": "order item", "object": "Meat chebureks(pork - beef) - 2"}}, {"added": {"name": "order item", "object": "Pork dumplings - 2"}}]	11	12
1982	2025-09-15 12:01:28.035954+00	434	Order #434 by Okervill Nataliia	1	[{"added": {}}, {"added": {"name": "order item", "object": "Barbecue chicken legs in soy-honey marinade - 1"}}, {"added": {"name": "order item", "object": "Cherry dumplings - 1"}}, {"added": {"name": "order item", "object": "Vanilla cheesecakes - 1"}}]	11	12
1983	2025-09-15 12:03:06.141227+00	326	Natalie Bukarina	1	[{"added": {}}]	7	12
1984	2025-09-15 12:06:43.540193+00	435	Order #435 by Natalie Bukarina	1	[{"added": {}}, {"added": {"name": "order item", "object": "Meat dumplings(pork - beef) - 1"}}, {"added": {"name": "order item", "object": "Crepes stuffed with apple and cinnamon - 1"}}, {"added": {"name": "order item", "object": "Cabbage rolls stuffed with pork and beef - 1"}}, {"added": {"name": "order item", "object": "Crepes stuffed with chicken and cheese - 2"}}, {"added": {"name": "order item", "object": "Potato and fried onion dumplings - 1"}}, {"added": {"name": "order item", "object": "Frozen chicken cutlets - 1"}}, {"added": {"name": "order item", "object": "Vanilla cheesecakes - 1"}}, {"added": {"name": "order item", "object": "Chicken and cheese chebureks - 1"}}, {"added": {"name": "order item", "object": "Chicken dumplings - 1"}}, {"added": {"name": "order item", "object": "Royal ham boiled (vetchyna) - 1"}}, {"added": {"name": "order item", "object": "Baked pork(buzhenina) - 1"}}, {"added": {"name": "order item", "object": "Beef Jerky - 1"}}]	11	12
1985	2025-09-15 12:11:21.637837+00	327	Yulia Sondore	1	[{"added": {}}]	7	12
1986	2025-09-15 12:12:41.396452+00	436	Order #436 by Yulia Sondore	1	[{"added": {}}, {"added": {"name": "order item", "object": "Pork dumplings - 1"}}, {"added": {"name": "order item", "object": "Potato and fried onion dumplings - 1"}}, {"added": {"name": "order item", "object": "Crepes stuffed with pork and fried onions - 1"}}, {"added": {"name": "order item", "object": "Pies stuffed with meat (pork - beef) - 1"}}]	11	12
1987	2025-09-15 12:12:43.256451+00	437	Order #437 by Yulia Sondore	1	[{"added": {}}, {"added": {"name": "order item", "object": "Pork dumplings - 1"}}, {"added": {"name": "order item", "object": "Potato and fried onion dumplings - 1"}}, {"added": {"name": "order item", "object": "Crepes stuffed with pork and fried onions - 1"}}, {"added": {"name": "order item", "object": "Pies stuffed with meat (pork - beef) - 1"}}]	11	12
1988	2025-09-15 12:12:54.280215+00	437	Order #437 by Yulia Sondore	3		11	12
1989	2025-09-15 12:16:50.879948+00	435	Order #435 by Natalie Bukarina	2	[{"changed": {"fields": ["Status"]}}]	11	12
1990	2025-09-15 19:20:31.170382+00	427	Order #427 by Valery Lawyer	2	[{"changed": {"fields": ["Discount"]}}]	11	12
1991	2025-09-15 20:02:53.586511+00	438	Order #438 by Ganna Semenenko	1	[{"added": {}}, {"added": {"name": "order item", "object": "Kyiv smoked sausage - 1"}}, {"added": {"name": "order item", "object": "Turkey dumplings - 1"}}, {"added": {"name": "order item", "object": "Crepes stuffed with beef and fried onions - 1"}}, {"added": {"name": "order item", "object": "Chicken and cheese chebureks - 1"}}]	11	12
1992	2025-09-15 20:10:44.090033+00	439	Order #439 by Andris Shemel	1	[{"added": {}}, {"added": {"name": "order item", "object": "Meat dumplings(pork - beef) - 1"}}, {"added": {"name": "order item", "object": "Borsch sauce(frozen) - 1"}}, {"added": {"name": "order item", "object": "Zucchini pancakes with garlic sour cream sauce. - 1"}}, {"added": {"name": "order item", "object": "Prepared vanilla cheesecakes with raisins - 1"}}, {"added": {"name": "order item", "object": "Lard spread - 1"}}]	11	12
1993	2025-09-15 21:06:36.703123+00	328	Danil Vasilenko	1	[{"added": {}}]	7	12
1994	2025-09-15 21:07:49.188558+00	440	Order #440 by Danil Vasilenko	1	[{"added": {}}, {"added": {"name": "order item", "object": "Pork dumplings - 1"}}, {"added": {"name": "order item", "object": "Crepes stuffed with sweet cottage cheese - 1"}}, {"added": {"name": "order item", "object": "Vanilla cheesecakes - 1"}}]	11	12
1995	2025-09-15 21:35:15.562351+00	329	Dariya Mykhaylyshyn	1	[{"added": {}}]	7	12
1996	2025-09-15 21:37:41.035112+00	441	Order #441 by Dariya Mykhaylyshyn	1	[{"added": {}}, {"added": {"name": "order item", "object": "Meat dumplings(pork - beef) - 1"}}, {"added": {"name": "order item", "object": "Cherry dumplings - 1"}}, {"added": {"name": "order item", "object": "Turkey dumplings - 1"}}, {"added": {"name": "order item", "object": "Lamb dumplings - 1"}}, {"added": {"name": "order item", "object": "Butter crepes - 1"}}, {"added": {"name": "order item", "object": "Cookies nuts with condensed milk 0,5 kg - 1"}}]	11	12
2080	2025-09-17 16:33:33.885634+00	463	Order #463 by Nagzhan Orynbek	2	[{"changed": {"fields": ["Status"]}}]	11	12
1997	2025-09-15 21:37:42.729273+00	442	Order #442 by Dariya Mykhaylyshyn	1	[{"added": {}}, {"added": {"name": "order item", "object": "Meat dumplings(pork - beef) - 1"}}, {"added": {"name": "order item", "object": "Cherry dumplings - 1"}}, {"added": {"name": "order item", "object": "Turkey dumplings - 1"}}, {"added": {"name": "order item", "object": "Lamb dumplings - 1"}}, {"added": {"name": "order item", "object": "Butter crepes - 1"}}, {"added": {"name": "order item", "object": "Cookies nuts with condensed milk 0,5 kg - 1"}}]	11	12
1998	2025-09-15 21:37:53.162629+00	442	Order #442 by Dariya Mykhaylyshyn	3		11	12
1999	2025-09-15 21:49:35.679578+00	443	Order #443 by Yaroslav Dmitriev	1	[{"added": {}}, {"added": {"name": "order item", "object": "Meat dumplings(pork - beef) - 3"}}, {"added": {"name": "order item", "object": "Crepes stuffed with apple and cinnamon - 2"}}, {"added": {"name": "order item", "object": "Frozen chicken cutlets - 1"}}, {"added": {"name": "order item", "object": "Turkey dumplings - 2"}}, {"added": {"name": "order item", "object": "Sweet cottage cheese dumplings - 2"}}, {"added": {"name": "order item", "object": "Potato and fried onion dumplings - 2"}}, {"added": {"name": "order item", "object": "Homemade chicken sausage - 1"}}, {"added": {"name": "order item", "object": "Homemade pork and beef sausage - 1"}}, {"added": {"name": "order item", "object": "Shuba salad - 1"}}, {"added": {"name": "order item", "object": "Strawberry Tiramisu(No alcohol) - 1"}}]	11	12
2000	2025-09-15 21:55:39.669637+00	444	Order #444 by Julia Dovgal	1	[{"added": {}}, {"added": {"name": "order item", "object": "Meat dumplings(pork - beef) - 4"}}, {"added": {"name": "order item", "object": "Cabbage rolls stuffed with pork and beef - 3"}}, {"added": {"name": "order item", "object": "Vanilla cheesecakes - 5"}}, {"added": {"name": "order item", "object": "Cherry dumplings - 1"}}, {"added": {"name": "order item", "object": "Premium beef sausages - 1"}}, {"added": {"name": "order item", "object": "Lard spread - 1"}}]	11	12
2001	2025-09-15 21:59:03.934779+00	330	Ianina Iegorova	1	[{"added": {}}]	7	12
2002	2025-09-15 22:03:17.577771+00	445	Order #445 by Ianina Iegorova	1	[{"added": {}}, {"added": {"name": "order item", "object": "Cherry dumplings - 1"}}, {"added": {"name": "order item", "object": "Turkey dumplings - 1"}}, {"added": {"name": "order item", "object": "Potato and fried onion dumplings - 1"}}, {"added": {"name": "order item", "object": "Salted cottage cheese dumplings - 1"}}, {"added": {"name": "order item", "object": "Potato and mushrooms dumplings - 1"}}, {"added": {"name": "order item", "object": "Cabbage rolls stuffed with mushrooms - 1"}}, {"added": {"name": "order item", "object": "Stuffed pepper with mushrooms - 1"}}]	11	12
2003	2025-09-15 22:30:40.088989+00	446	Order #446 by Valentina Elizarova	1	[{"added": {}}, {"added": {"name": "order item", "object": "Liver cake - 1"}}, {"added": {"name": "order item", "object": "Shuba salad - 1"}}, {"added": {"name": "order item", "object": "Vegetable salad Vinaigrette - 1"}}, {"added": {"name": "order item", "object": "Prepared chicken and cheese cutlets - 1"}}, {"added": {"name": "order item", "object": "Pilaf(rice) with beef - 1"}}, {"added": {"name": "order item", "object": "Prepared cheesecakes - 1"}}, {"added": {"name": "order item", "object": "Strawberry Tiramisu(No alcohol) - 1"}}, {"added": {"name": "order item", "object": "Barbecue chicken legs in soy-honey marinade - 1"}}, {"added": {"name": "order item", "object": "Crepes stuffed with chicken and mushrooms - 1"}}, {"added": {"name": "order item", "object": "Crepes stuffed with cottage cheese and blueberries - 1"}}, {"added": {"name": "order item", "object": "Potato dumplings - 1"}}, {"added": {"name": "order item", "object": "Pies stuffed with meat (pork - beef) - 1"}}, {"added": {"name": "order item", "object": "Pies stuffed with cabbage - 2"}}, {"added": {"name": "order item", "object": "Sausage in dough - 2"}}, {"added": {"name": "order item", "object": "Poppy seeds buns - 1"}}, {"added": {"name": "order item", "object": "Cookies nuts with condensed milk 1kg - 1"}}]	11	12
2004	2025-09-15 22:32:09.074818+00	446	Order #446 by Valentina Elizarova	2	[{"changed": {"fields": ["Delivery fee manual", "Delivery fee"]}}, {"added": {"name": "order item", "object": "Cashew condensed milk 200 g - 1"}}, {"added": {"name": "order item", "object": "Chicken Jerky - 1"}}]	11	12
2005	2025-09-15 22:32:20.746122+00	446	Order #446 by Valentina Elizarova	2	[]	11	12
2006	2025-09-15 22:32:36.762273+00	446	Order #446 by Valentina Elizarova	2	[{"changed": {"fields": ["Discount"]}}]	11	12
2007	2025-09-15 22:34:55.533039+00	447	Order #447 by Natalia Fomina	1	[{"added": {}}, {"added": {"name": "order item", "object": "Vegetable salad Vinaigrette - 2"}}, {"added": {"name": "order item", "object": "Prepared turkey cutlets - 2"}}, {"added": {"name": "order item", "object": "Liver pancakes - 1"}}]	11	12
2008	2025-09-16 00:36:36.841914+00	446	Order #446 by Valentina Elizarova	2	[{"added": {"name": "order item", "object": "Zucchini pancakes with garlic sour cream sauce. - 1"}}, {"changed": {"name": "order item", "object": "Turkey dumplings - 2", "fields": ["Product", "Quantity"]}}]	11	12
2009	2025-09-16 12:29:08.15426+00	423	Order #423 by Tetiana Liubasiuk	2	[{"changed": {"fields": ["Status"]}}]	11	12
2010	2025-09-16 12:29:08.158235+00	420	Order #420 by Elena Yushko	2	[{"changed": {"fields": ["Status"]}}]	11	12
2011	2025-09-16 12:29:08.161675+00	415	Order #415 by Inga Prilipko	2	[{"changed": {"fields": ["Status"]}}]	11	12
2012	2025-09-16 12:30:47.119981+00	407	Order #407 by Inna Platonova	2	[{"changed": {"name": "order item", "object": "Baked pork(buzhenina) - 1", "fields": ["Quantity"]}}]	11	12
2013	2025-09-16 12:32:22.164213+00	406	Order #406 by Elena Berezka	2	[{"changed": {"fields": ["Status"]}}]	11	12
2014	2025-09-16 12:32:22.168223+00	402	Order #402 by Kashchuk Natalia	2	[{"changed": {"fields": ["Status"]}}]	11	12
2015	2025-09-16 12:32:22.171722+00	401	Order #401 by Nataliia Doaga	2	[{"changed": {"fields": ["Status"]}}]	11	12
2016	2025-09-16 12:32:22.175091+00	400	Order #400 by Sasha Korelska	2	[{"changed": {"fields": ["Status"]}}]	11	12
2017	2025-09-16 12:33:06.942266+00	411	Order #411 by Diana Komka	2	[{"changed": {"fields": ["Status"]}}]	11	12
2018	2025-09-16 12:33:06.944708+00	377	Order #377 by Ludmila Nikolenko	2	[{"changed": {"fields": ["Status"]}}]	11	12
2019	2025-09-16 12:34:58.574856+00	373	Order #373 by Lana Zion	2	[{"changed": {"fields": ["Status"]}}]	11	12
2020	2025-09-16 12:34:58.578802+00	359	Order #359 by Larissa Dasenko	2	[{"changed": {"fields": ["Status"]}}]	11	12
2021	2025-09-16 12:40:35.947705+00	390	Order #390 by Edita Sersniova	3		11	12
2022	2025-09-16 12:42:40.798737+00	397	Order #397 by Nikoletta Dorogij	2	[{"changed": {"fields": ["Status"]}}]	11	12
2023	2025-09-16 12:42:40.803047+00	394	Order #394 by Alina Romanenko	2	[{"changed": {"fields": ["Status"]}}]	11	12
2024	2025-09-16 12:44:41.115099+00	385	Order #385 by Hanna	2	[{"changed": {"fields": ["Status"]}}]	11	12
2025	2025-09-16 12:44:41.11898+00	367	Order #367 by Pogorielova Olga	2	[{"changed": {"fields": ["Status"]}}]	11	12
2026	2025-09-16 18:29:45.708216+00	444	Order #444 by Julia Dovgal	2	[{"added": {"name": "order item", "object": "Frozen chicken cutlets - 1"}}]	11	12
2027	2025-09-16 18:35:30.14807+00	331	Olga Hewland	1	[{"added": {}}]	7	12
2028	2025-09-16 18:38:01.927432+00	448	Order #448 by Olga Hewland	1	[{"added": {}}, {"added": {"name": "order item", "object": "Liver pancakes - 1"}}, {"added": {"name": "order item", "object": "Borsch with beef - 1"}}, {"added": {"name": "order item", "object": "Prepared chicken and cheese cutlets - 1"}}, {"added": {"name": "order item", "object": "Korean carrots 1 kg - 1"}}, {"added": {"name": "order item", "object": "Prepared fish cutlets - 1"}}, {"added": {"name": "order item", "object": "Barbecue chicken fillet in soy-garlic sauce - 1"}}, {"added": {"name": "order item", "object": "Crepes stuffed with apple and cinnamon - 1"}}, {"added": {"name": "order item", "object": "Turkey meatballs and tomato sauce - 1"}}]	11	12
2029	2025-09-16 18:38:03.760843+00	449	Order #449 by Olga Hewland	1	[{"added": {}}, {"added": {"name": "order item", "object": "Liver pancakes - 1"}}, {"added": {"name": "order item", "object": "Borsch with beef - 1"}}, {"added": {"name": "order item", "object": "Prepared chicken and cheese cutlets - 1"}}, {"added": {"name": "order item", "object": "Korean carrots 1 kg - 1"}}, {"added": {"name": "order item", "object": "Prepared fish cutlets - 1"}}, {"added": {"name": "order item", "object": "Barbecue chicken fillet in soy-garlic sauce - 1"}}, {"added": {"name": "order item", "object": "Crepes stuffed with apple and cinnamon - 1"}}, {"added": {"name": "order item", "object": "Turkey meatballs and tomato sauce - 1"}}]	11	12
2030	2025-09-16 18:38:16.614785+00	449	Order #449 by Olga Hewland	3		11	12
2031	2025-09-16 18:42:17.097472+00	332	Reznikova Yulia	1	[{"added": {}}]	7	12
2032	2025-09-16 18:43:44.219893+00	450	Order #450 by Alex Ternovoy	1	[{"added": {}}, {"added": {"name": "order item", "object": "Cherry dumplings - 1"}}, {"added": {"name": "order item", "object": "Vanilla cheesecakes - 3"}}]	11	12
2033	2025-09-16 18:46:20.38163+00	450	Order #450 by Reznikova Yulia	2	[{"changed": {"fields": ["Customer"]}}]	11	12
2034	2025-09-16 18:59:08.210274+00	333	Anna Gavrilina	1	[{"added": {}}]	7	12
2035	2025-09-16 19:13:19.851574+00	451	Order #451 by Anna Gavrilina	1	[{"added": {}}, {"added": {"name": "order item", "object": "Blueberry dumplings - 1"}}, {"added": {"name": "order item", "object": "Cherry dumplings - 1"}}, {"added": {"name": "order item", "object": "Crepes stuffed with apple and cinnamon - 1"}}, {"added": {"name": "order item", "object": "Turkey meatballs and tomato sauce - 1"}}, {"added": {"name": "order item", "object": "Meat dumplings(pork - beef) - 1"}}, {"added": {"name": "order item", "object": "Salmon crepes with cream cheese - 1"}}, {"added": {"name": "order item", "object": "Cottage cheese casserole with orange - 1"}}, {"added": {"name": "order item", "object": "Mimosa salad - 1"}}, {"added": {"name": "order item", "object": "Kyiv smoked sausage - 1"}}]	11	12
2036	2025-09-16 19:15:13.915187+00	334	Maria Tumareva	1	[{"added": {}}]	7	12
2037	2025-09-16 19:15:48.122804+00	452	Order #452 by Maria Tumareva	1	[{"added": {}}, {"added": {"name": "order item", "object": "Blueberry dumplings - 1"}}, {"added": {"name": "order item", "object": "Chicken dumplings - 1"}}]	11	12
2038	2025-09-16 19:22:17.685232+00	335	Tetiana Verbytska	1	[{"added": {}}]	7	12
2039	2025-09-16 19:32:41.747921+00	453	Order #453 by Tetiana Verbytska	1	[{"added": {}}, {"added": {"name": "order item", "object": "Cherry dumplings - 1"}}, {"added": {"name": "order item", "object": "Lamb dumplings - 1"}}, {"added": {"name": "order item", "object": "Pork dumplings - 1"}}, {"added": {"name": "order item", "object": "Homemade fried pork sausage - 1"}}, {"added": {"name": "order item", "object": "Ukrainian lard - 1"}}, {"added": {"name": "order item", "object": "Grudinka(baked pork brisket) - 1"}}, {"added": {"name": "order item", "object": "Liver cake - 1"}}, {"added": {"name": "order item", "object": "Shuba salad - 1"}}]	11	12
2040	2025-09-16 19:36:41.069163+00	451	Order #451 by Anna Gavrilina	2	[{"added": {"name": "order item", "object": "Cabbage rolls stuffed with pork and beef - 1"}}, {"added": {"name": "order item", "object": "Vanilla cheesecakes - 1"}}, {"added": {"name": "order item", "object": "Beef dumplings - 2"}}]	11	12
2041	2025-09-16 19:47:42.817629+00	454	Order #454 by Fetkulina Lilia	1	[{"added": {}}, {"added": {"name": "order item", "object": "Meat dumplings(pork - beef) - 1"}}, {"added": {"name": "order item", "object": "Cherry dumplings - 1"}}, {"added": {"name": "order item", "object": "Turkey dumplings - 2"}}, {"added": {"name": "order item", "object": "Homemade sauerkraut - 1"}}, {"added": {"name": "order item", "object": "Prepared turkey cutlets - 1"}}, {"added": {"name": "order item", "object": "Chicken aspic holodez - 1"}}]	11	12
2042	2025-09-16 19:53:34.769891+00	455	Order #455 by Pavlenko Yuliia	1	[{"added": {}}, {"added": {"name": "order item", "object": "Honey cake with sour cream - 1"}}, {"added": {"name": "order item", "object": "Solyanka meat soup - 1"}}, {"added": {"name": "order item", "object": "Homemade sauerkraut - 1"}}, {"added": {"name": "order item", "object": "Cookies nuts with condensed milk 0,5 kg - 1"}}, {"added": {"name": "order item", "object": "Salmon soup with cream cheese - 1"}}, {"added": {"name": "order item", "object": "Cabbage rolls stuffed with pork and beef - 1"}}, {"added": {"name": "order item", "object": "Stuffed pepper with chicken - 1"}}]	11	12
2043	2025-09-16 19:56:11.873879+00	456	Order #456 by Inna Ptashnyk	1	[{"added": {}}, {"added": {"name": "order item", "object": "Turkey dumplings - 2"}}, {"added": {"name": "order item", "object": "Salted cottage cheese dumplings - 2"}}]	11	12
2044	2025-09-16 20:06:07.603478+00	453	Order #453 by Tetiana Verbytska	2	[{"changed": {"fields": ["Status"]}}]	11	12
2045	2025-09-16 23:26:14.046868+00	451	Order #451 by Anna Gavrilina	2	[{"changed": {"fields": ["Status"]}}]	11	12
2046	2025-09-16 23:27:35.282219+00	336	Iryna Stocks	1	[{"added": {}}]	7	12
2047	2025-09-16 23:31:51.083575+00	457	Order #457 by Iryna Stocks	1	[{"added": {}}, {"added": {"name": "order item", "object": "Meat dumplings(pork - beef) - 1"}}, {"added": {"name": "order item", "object": "Cherry dumplings - 1"}}, {"added": {"name": "order item", "object": "Cabbage rolls stuffed with beef - 1"}}, {"added": {"name": "order item", "object": "Fish cutlets - 1"}}, {"added": {"name": "order item", "object": "Lamb dumplings - 1"}}, {"added": {"name": "order item", "object": "Potato and mushrooms dumplings - 1"}}, {"added": {"name": "order item", "object": "Lard spread - 1"}}, {"added": {"name": "order item", "object": "Korean carrots 1 kg - 1"}}]	11	12
2048	2025-09-16 23:33:01.18315+00	457	Order #457 by Iryna Stocks	2	[{"changed": {"fields": ["Notes"]}}]	11	12
2049	2025-09-16 23:35:00.028886+00	337	Olga Hawkes	1	[{"added": {}}]	7	12
2050	2025-09-16 23:37:23.482348+00	41	Mushrooms and fried onions crepes	2	[{"changed": {"fields": ["Categories"]}}]	9	12
2051	2025-09-16 23:37:31.611988+00	41	Mushrooms and fried onions crepes	2	[{"changed": {"fields": ["Categories"]}}]	9	12
2052	2025-09-16 23:40:45.902085+00	458	Order #458 by Olga Hawkes	1	[{"added": {}}, {"added": {"name": "order item", "object": "Chicken aspic holodez - 1"}}, {"added": {"name": "order item", "object": "Prepared cabbage rolls with stuffing - 1"}}, {"added": {"name": "order item", "object": "Pies stuffed with cabbage - 1"}}, {"added": {"name": "order item", "object": "Mushrooms and fried onions crepes - 1"}}, {"added": {"name": "order item", "object": "Beef dumplings - 1"}}]	11	12
2057	2025-09-17 07:38:23.685224+00	459	Order #459 by Lasma Smeiksta	1	[{"added": {}}, {"added": {"name": "order item", "object": "Pork dumplings - 1"}}, {"added": {"name": "order item", "object": "Cabbage rolls stuffed with pork and beef - 1"}}, {"added": {"name": "order item", "object": "Crepes stuffed with sweet cottage cheese - 1"}}, {"added": {"name": "order item", "object": "Beef basturma in spices - 1"}}, {"added": {"name": "order item", "object": "Smoked sausages Okhotnichye - 1"}}]	11	12
2058	2025-09-17 07:48:56.443474+00	332	Reznikova Yulia	2	[{"changed": {"fields": ["phone"]}}]	7	12
2059	2025-09-17 07:54:52.157515+00	460	Order #460 by Kseniia Osetrova	1	[{"added": {}}, {"added": {"name": "order item", "object": "Meat dumplings(pork - beef) - 2"}}, {"added": {"name": "order item", "object": "Cottage cheese casserole with blueberries - 1"}}, {"added": {"name": "order item", "object": "Prepared chicken and cheese cutlets - 1"}}, {"added": {"name": "order item", "object": "Prepared cabbage rolls with stuffing - 1"}}, {"added": {"name": "order item", "object": "Mashed potatoes - 1"}}, {"added": {"name": "order item", "object": "Baked pork(buzhenina) - 1"}}]	11	12
2060	2025-09-17 07:59:45.676227+00	339	Sintyuk Maxim	1	[{"added": {}}]	7	12
2061	2025-09-17 12:05:15.335271+00	339	Sintyuk Maxim	2	[{"changed": {"fields": ["Address Line", "Postal Code"]}}]	7	12
2062	2025-09-17 12:08:20.570296+00	461	Order #461 by Sintyuk Maxim	1	[{"added": {}}, {"added": {"name": "order item", "object": "Meat dumplings(pork - beef) - 2"}}, {"added": {"name": "order item", "object": "Lamb dumplings - 1"}}, {"added": {"name": "order item", "object": "Turkey dumplings - 1"}}, {"added": {"name": "order item", "object": "Crepes stuffed with beef and fried onions - 1"}}, {"added": {"name": "order item", "object": "Crepes stuffed with chicken and mushrooms - 1"}}, {"added": {"name": "order item", "object": "Crepes stuffed with sweet cottage cheese - 3"}}, {"added": {"name": "order item", "object": "Vanilla cheesecakes - 2"}}, {"added": {"name": "order item", "object": "Pilaf(rice) with beef - 2"}}, {"added": {"name": "order item", "object": "Deruny (potato pancakes with mushroom sauce) - 3"}}, {"added": {"name": "order item", "object": "Cottage cheese casserole with orange - 1"}}, {"added": {"name": "order item", "object": "Lasagna - 1"}}, {"added": {"name": "order item", "object": "Barbecue chicken fillet in mustard marinade - 1"}}]	11	12
2063	2025-09-17 12:08:22.406404+00	462	Order #462 by Sintyuk Maxim	1	[{"added": {}}, {"added": {"name": "order item", "object": "Meat dumplings(pork - beef) - 2"}}, {"added": {"name": "order item", "object": "Lamb dumplings - 1"}}, {"added": {"name": "order item", "object": "Turkey dumplings - 1"}}, {"added": {"name": "order item", "object": "Crepes stuffed with beef and fried onions - 1"}}, {"added": {"name": "order item", "object": "Crepes stuffed with chicken and mushrooms - 1"}}, {"added": {"name": "order item", "object": "Crepes stuffed with sweet cottage cheese - 3"}}, {"added": {"name": "order item", "object": "Vanilla cheesecakes - 2"}}, {"added": {"name": "order item", "object": "Pilaf(rice) with beef - 2"}}, {"added": {"name": "order item", "object": "Deruny (potato pancakes with mushroom sauce) - 3"}}, {"added": {"name": "order item", "object": "Cottage cheese casserole with orange - 1"}}, {"added": {"name": "order item", "object": "Lasagna - 1"}}, {"added": {"name": "order item", "object": "Barbecue chicken fillet in mustard marinade - 1"}}]	11	12
2064	2025-09-17 15:10:20.094038+00	461	Order #461 by Sintyuk Maxim	3		11	12
2065	2025-09-17 15:15:27.136037+00	340	Nagzhan Orynbek	1	[{"added": {}}]	7	12
2066	2025-09-17 15:18:16.727064+00	463	Order #463 by Nagzhan Orynbek	1	[{"added": {}}, {"added": {"name": "order item", "object": "Korean carrots 1 kg - 1"}}, {"added": {"name": "order item", "object": "Cottage cheese casserole with raspberries - 1"}}, {"added": {"name": "order item", "object": "Liver cake - 1"}}, {"added": {"name": "order item", "object": "Cookies nuts with condensed milk 1kg - 1"}}]	11	12
2067	2025-09-17 15:23:39.003348+00	341	Igor Ghicavii	1	[{"added": {}}]	7	12
2068	2025-09-17 15:24:39.367785+00	464	Order #464 by Igor Ghicavii	1	[{"added": {}}, {"added": {"name": "order item", "object": "Meat dumplings(pork - beef) - 2"}}, {"added": {"name": "order item", "object": "Cherry dumplings - 1"}}, {"added": {"name": "order item", "object": "Ukrainian lard - 1"}}]	11	12
2069	2025-09-17 15:24:41.145548+00	465	Order #465 by Igor Ghicavii	1	[{"added": {}}, {"added": {"name": "order item", "object": "Meat dumplings(pork - beef) - 2"}}, {"added": {"name": "order item", "object": "Cherry dumplings - 1"}}, {"added": {"name": "order item", "object": "Ukrainian lard - 1"}}]	11	12
2070	2025-09-17 15:26:34.611628+00	465	Order #465 by Igor Ghicavii	3		11	12
2071	2025-09-17 15:31:52.055041+00	342	Uliana Sokhan	1	[{"added": {}}]	7	12
2072	2025-09-17 15:47:56.256097+00	466	Order #466 by Uliana Sokhan	1	[{"added": {}}, {"added": {"name": "order item", "object": "Chicken chebureks - 1"}}, {"added": {"name": "order item", "object": "Beef dumplings - 3"}}, {"added": {"name": "order item", "object": "Potato and fried onion dumplings - 2"}}]	11	12
2073	2025-09-17 15:52:43.052724+00	467	Order #467 by Evgeniya Doroshek	1	[{"added": {}}, {"added": {"name": "order item", "object": "Vanilla cheesecakes - 1"}}, {"added": {"name": "order item", "object": "Prepared vanilla cheesecakes with raisins - 1"}}, {"added": {"name": "order item", "object": "Potato dumplings - 1"}}, {"added": {"name": "order item", "object": "Sweet cottage cheese dumplings - 1"}}, {"added": {"name": "order item", "object": "Crepes stuffed with chicken and mushrooms - 1"}}]	11	12
2074	2025-09-17 16:01:23.387596+00	343	Zhanna Gazizyanova	1	[{"added": {}}]	7	12
2075	2025-09-17 16:11:40.681129+00	468	Order #468 by Zhanna Gazizyanova	1	[{"added": {}}, {"added": {"name": "order item", "object": "Beef dumplings - 1"}}, {"added": {"name": "order item", "object": "Turkey dumplings - 1"}}, {"added": {"name": "order item", "object": "Sweet cottage cheese dumplings - 1"}}, {"added": {"name": "order item", "object": "Cabbage rolls stuffed with turkey - 1"}}, {"added": {"name": "order item", "object": "Chicken and cheese chebureks - 1"}}, {"added": {"name": "order item", "object": "Fish cutlets - 1"}}, {"added": {"name": "order item", "object": "Liver pancakes - 1"}}]	11	12
2076	2025-09-17 16:18:26.752236+00	344	Ihor Khonii	1	[{"added": {}}]	7	12
2077	2025-09-17 16:26:23.028608+00	41	Crepes stuffed with mushrooms and fried onions crepes	2	[{"changed": {"fields": ["Name", "Categories"]}}]	9	12
2078	2025-09-17 16:27:36.81265+00	469	Order #469 by Ihor Khonii	1	[{"added": {}}, {"added": {"name": "order item", "object": "Cabbage rolls stuffed with pork and beef - 1"}}, {"added": {"name": "order item", "object": "Crepes stuffed with chicken and mushrooms - 1"}}, {"added": {"name": "order item", "object": "Homemade pork and beef sausage - 1"}}, {"added": {"name": "order item", "object": "Crepes stuffed with mushrooms and fried onions crepes - 1"}}, {"added": {"name": "order item", "object": "Cherry dumplings - 1"}}, {"added": {"name": "order item", "object": "Salmon crepes with cream cheese - 1"}}, {"added": {"name": "order item", "object": "Honey cake with sour cream - 1"}}]	11	12
2079	2025-09-17 16:30:41.309448+00	457	Order #457 by Iryna Stocks	2	[{"added": {"name": "order item", "object": "Homemade pork and beef sausage - 1"}}, {"added": {"name": "order item", "object": "Kyiv smoked sausage - 1"}}]	11	12
2082	2025-09-17 16:51:35.640103+00	457	Order #457 by Iryna Stocks	2	[{"changed": {"fields": ["Status"]}}]	11	12
2083	2025-09-17 18:05:16.125427+00	345	Kristina Gracheva	1	[{"added": {}}]	7	12
2084	2025-09-17 18:06:51.844302+00	39	Frozen turkey cutlets	2	[{"changed": {"fields": ["Name", "Categories"]}}]	9	12
2085	2025-09-17 18:07:03.311408+00	470	Order #470 by Kristina Gracheva	1	[{"added": {}}, {"added": {"name": "order item", "object": "Crepes stuffed with chicken and cheese - 1"}}, {"added": {"name": "order item", "object": "Vanilla cheesecakes - 1"}}, {"added": {"name": "order item", "object": "Meat dumplings(pork - beef) - 1"}}, {"added": {"name": "order item", "object": "Frozen turkey cutlets - 1"}}]	11	12
2086	2025-09-17 18:15:35.721614+00	346	Yana Jacobson	1	[{"added": {}}]	7	12
2087	2025-09-17 18:19:35.541939+00	471	Order #471 by Yana Jacobson	1	[{"added": {}}, {"added": {"name": "order item", "object": "Meat dumplings(pork - beef) - 1"}}, {"added": {"name": "order item", "object": "Vanilla cheesecakes - 1"}}, {"added": {"name": "order item", "object": "Chicken and cheese chebureks - 1"}}, {"added": {"name": "order item", "object": "Meat chebureks(pork - beef) - 1"}}, {"added": {"name": "order item", "object": "Ukrainian lard - 1"}}]	11	12
2088	2025-09-17 18:20:37.2048+00	471	Order #471 by Yana Jacobson	2	[{"changed": {"fields": ["Delivery fee manual", "Delivery fee"]}}]	11	12
2089	2025-09-18 07:44:28.821622+00	347	Anna Andriushchenko	1	[{"added": {}}]	7	12
2090	2025-09-18 07:46:35.466453+00	472	Order #472 by Anna Andriushchenko	1	[{"added": {}}, {"added": {"name": "order item", "object": "Cherry dumplings - 1"}}, {"added": {"name": "order item", "object": "Crepes stuffed with beef and fried onions - 1"}}, {"added": {"name": "order item", "object": "Stuffed pepper with chicken - 1"}}, {"added": {"name": "order item", "object": "Crepes stuffed with chicken and mushrooms - 1"}}, {"added": {"name": "order item", "object": "Liver pancakes - 1"}}, {"added": {"name": "order item", "object": "Zucchini pancakes with garlic sour cream sauce. - 1"}}, {"added": {"name": "order item", "object": "Korean carrots 500 g - 1"}}]	11	12
2091	2025-09-18 07:48:52.290277+00	348	Natalia Nilova	1	[{"added": {}}]	7	12
2092	2025-09-18 07:50:21.296941+00	473	Order #473 by Natalia Nilova	1	[{"added": {}}, {"added": {"name": "order item", "object": "Crepes stuffed with beef and fried onions - 1"}}, {"added": {"name": "order item", "object": "Cabbage rolls stuffed with pork and beef - 1"}}, {"added": {"name": "order item", "object": "Meat dumplings(pork - beef) - 1"}}, {"added": {"name": "order item", "object": "Vanilla cheesecakes - 1"}}, {"added": {"name": "order item", "object": "Chicken aspic holodez - 1"}}]	11	12
2093	2025-09-18 07:52:36.320087+00	474	Order #474 by Journeys J&C Limited	1	[{"added": {}}, {"added": {"name": "order item", "object": "Potato and mushrooms dumplings - 7"}}, {"added": {"name": "order item", "object": "Korean carrots 1 kg - 1"}}, {"added": {"name": "order item", "object": "Homemade sauerkraut - 1"}}]	11	12
2094	2025-09-18 11:42:34.258999+00	470	Order #470 by Kristina Gracheva	2	[{"changed": {"fields": ["Status"]}}]	11	12
2095	2025-09-18 13:20:20.040426+00	475	Order #475 by Mykhailo Matusiak	1	[{"added": {}}, {"added": {"name": "order item", "object": "Potato dumplings - 2"}}]	11	12
2096	2025-09-18 13:22:48.565731+00	349	Anastasia Mustafaeva	1	[{"added": {}}]	7	12
2097	2025-09-18 13:25:24.782938+00	476	Order #476 by Anastasia Mustafaeva	1	[{"added": {}}, {"added": {"name": "order item", "object": "Vanilla cheesecakes - 2"}}, {"added": {"name": "order item", "object": "Turkey dumplings - 2"}}, {"added": {"name": "order item", "object": "Chicken dumplings - 2"}}, {"added": {"name": "order item", "object": "Crepes stuffed with sweet cottage cheese - 2"}}, {"added": {"name": "order item", "object": "Stuffed pepper with turkey - 1"}}, {"added": {"name": "order item", "object": "Butter crepes - 2"}}, {"added": {"name": "order item", "object": "Poppy seeds buns - 1"}}]	11	12
2098	2025-09-18 13:27:31.8013+00	350	Sofia Vasilega	1	[{"added": {}}]	7	12
2099	2025-09-18 13:28:44.972687+00	477	Order #477 by Sofia Vasilega	1	[{"added": {}}, {"added": {"name": "order item", "object": "Salmon crepes with cream cheese - 1"}}, {"added": {"name": "order item", "object": "Crepes stuffed with chicken and cheese - 1"}}, {"added": {"name": "order item", "object": "Pork dumplings - 2"}}]	11	12
2100	2025-09-18 13:29:59.322614+00	350	Sofia Vasilega	2	[{"changed": {"fields": ["phone", "Address Line", "Postal Code"]}}]	7	12
2101	2025-09-18 13:33:07.685968+00	432	Order #432 by Alina Prystynska	2	[{"changed": {"fields": ["Status"]}}]	11	12
2102	2025-09-18 13:35:43.471709+00	210	Barbecue beef in vinegar	1	[{"added": {}}]	9	12
2103	2025-09-18 13:36:48.001389+00	478	Order #478 by Megan McManners	1	[{"added": {}}, {"added": {"name": "order item", "object": "Barbecue beef in vinegar - 1"}}, {"added": {"name": "order item", "object": "Barbecue chicken fillet in mustard marinade - 1"}}, {"added": {"name": "order item", "object": "Dry-cured pork balyk - 1"}}, {"added": {"name": "order item", "object": "Aubergine saut\\u00e9 - 1"}}, {"added": {"name": "order item", "object": "Shuba salad - 1"}}, {"added": {"name": "order item", "object": "Vegetable salad Vinaigrette - 1"}}, {"added": {"name": "order item", "object": "Homemade sauerkraut - 1"}}]	11	12
2104	2025-09-18 15:40:17.23885+00	467	Order #467 by Evgeniya Doroshek	2	[{"changed": {"fields": ["Delivery date"]}}]	11	12
2105	2025-09-18 15:40:54.743971+00	466	Order #466 by Uliana Sokhan	2	[{"changed": {"fields": ["Delivery date"]}}]	11	12
2106	2025-09-18 15:41:26.272701+00	253	Order #253 by Iryna Tsahelnik	2	[{"changed": {"fields": ["Delivery date"]}}]	11	12
2107	2025-09-18 15:41:44.309946+00	458	Order #458 by Olga Hawkes	2	[{"changed": {"fields": ["Delivery date"]}}]	11	12
2108	2025-09-18 15:42:10.262534+00	471	Order #471 by Yana Jacobson	2	[{"changed": {"fields": ["Status"]}}]	11	12
2109	2025-09-18 15:44:13.773006+00	351	Natalia Aicken	1	[{"added": {}}]	7	12
2110	2025-09-18 15:46:37.916549+00	479	Order #479 by Natalia Aicken	1	[{"added": {}}, {"added": {"name": "order item", "object": "Cherry dumplings - 6"}}, {"added": {"name": "order item", "object": "Cabbage rolls stuffed with beef - 1"}}, {"added": {"name": "order item", "object": "Stuffed pepper with chicken - 1"}}, {"added": {"name": "order item", "object": "Vanilla cheesecakes - 1"}}, {"added": {"name": "order item", "object": "Homemade sauerkraut - 1"}}, {"added": {"name": "order item", "object": "Dry-cured pork balyk - 1"}}, {"added": {"name": "order item", "object": "Kyiv smoked sausage - 1"}}]	11	12
2111	2025-09-18 15:52:21.168682+00	457	Order #457 by Iryna Stocks	2	[{"changed": {"fields": ["Notes"]}}]	11	12
2112	2025-09-18 15:53:11.679292+00	448	Order #448 by Olga Hewland	2	[{"changed": {"fields": ["Notes"]}}]	11	12
2113	2025-09-18 16:15:14.182091+00	479	Order #479 by Natalia Aicken	2	[{"changed": {"fields": ["Status"]}}]	11	12
2114	2025-09-18 17:52:05.030149+00	448	Order #448 by Olga Hewland	2	[{"changed": {"fields": ["Status"]}}]	11	12
2115	2025-09-18 20:22:13.088087+00	448	Order #448 by Olga Hewland	3		11	12
2116	2025-09-18 21:50:29.006636+00	352	Kurianova Olena	1	[{"added": {}}]	7	12
2117	2025-09-18 21:53:24.828172+00	480	Order #480 by Kurianova Olena	1	[{"added": {}}, {"added": {"name": "order item", "object": "Vanilla cheesecakes with raisins - 1"}}, {"added": {"name": "order item", "object": "Lamb dumplings - 1"}}, {"added": {"name": "order item", "object": "Crepes stuffed with chicken and cheese - 1"}}, {"added": {"name": "order item", "object": "Crepes stuffed with chicken liver - 1"}}, {"added": {"name": "order item", "object": "Potato dumplings - 1"}}, {"added": {"name": "order item", "object": "Cherry dumplings - 2"}}, {"added": {"name": "order item", "object": "Beef dumplings - 1"}}, {"added": {"name": "order item", "object": "Prepared cabbage rolls with stuffing - 1"}}]	11	12
2118	2025-09-18 22:05:27.487633+00	353	Svetlana Bilous	1	[{"added": {}}]	7	12
2119	2025-09-18 22:06:51.050944+00	481	Order #481 by Svetlana Bilous	1	[{"added": {}}, {"added": {"name": "order item", "object": "Meat dumplings(pork - beef) - 1"}}, {"added": {"name": "order item", "object": "Cherry dumplings - 1"}}, {"added": {"name": "order item", "object": "Potato and mushrooms dumplings - 1"}}, {"added": {"name": "order item", "object": "Vanilla cheesecakes - 1"}}, {"added": {"name": "order item", "object": "Vanilla cheesecakes with raisins - 1"}}]	11	12
2120	2025-09-18 22:09:51.480668+00	443	Order #443 by Yaroslav Dmitriev	2	[{"changed": {"fields": ["Status"]}}]	11	12
\.


--
-- Data for Name: django_content_type; Type: TABLE DATA; Schema: public; Owner: postgresuser
--

COPY public.django_content_type (id, app_label, model) FROM stdin;
1	admin	logentry
2	auth	permission
3	auth	group
4	contenttypes	contenttype
5	sessions	session
6	account	address
7	account	customuser
8	account	profile
9	api	product
10	api	productcategory
11	api	order
12	api	orderitem
13	api	stock
\.


--
-- Data for Name: django_migrations; Type: TABLE DATA; Schema: public; Owner: postgresuser
--

COPY public.django_migrations (id, app, name, applied) FROM stdin;
1	contenttypes	0001_initial	2025-05-20 13:03:40.4679+00
2	contenttypes	0002_remove_content_type_name	2025-05-20 13:03:40.478706+00
3	auth	0001_initial	2025-05-20 13:03:40.497992+00
4	auth	0002_alter_permission_name_max_length	2025-05-20 13:03:40.50753+00
5	auth	0003_alter_user_email_max_length	2025-05-20 13:03:40.516487+00
6	auth	0004_alter_user_username_opts	2025-05-20 13:03:40.523208+00
7	auth	0005_alter_user_last_login_null	2025-05-20 13:03:40.529796+00
8	auth	0006_require_contenttypes_0002	2025-05-20 13:03:40.532658+00
9	auth	0007_alter_validators_add_error_messages	2025-05-20 13:03:40.540696+00
10	auth	0008_alter_user_username_max_length	2025-05-20 13:03:40.547708+00
11	auth	0009_alter_user_last_name_max_length	2025-05-20 13:03:40.555251+00
12	auth	0010_alter_group_name_max_length	2025-05-20 13:03:40.563273+00
13	auth	0011_update_proxy_permissions	2025-05-20 13:03:40.571533+00
14	auth	0012_alter_user_first_name_max_length	2025-05-20 13:03:40.579689+00
15	account	0001_initial	2025-05-20 13:03:40.60333+00
16	admin	0001_initial	2025-05-20 13:03:40.621318+00
17	admin	0002_logentry_remove_auto_add	2025-05-20 13:03:40.636889+00
18	admin	0003_logentry_add_action_flag_choices	2025-05-20 13:03:40.648953+00
19	api	0001_initial	2025-05-20 13:03:40.694743+00
20	api	0002_alter_order_options	2025-05-20 13:03:40.710401+00
21	api	0003_alter_order_options	2025-05-20 13:03:40.723612+00
22	api	0004_remove_product_image	2025-05-20 13:03:40.73306+00
23	sessions	0001_initial	2025-05-20 13:03:40.742862+00
24	api	0005_alter_order_delivery_date	2025-05-22 22:54:50.55614+00
25	api	0006_alter_order_delivery_date	2025-05-22 22:54:50.573036+00
26	api	0007_order_invoice_link	2025-05-22 22:54:50.587346+00
28	account	0002_address_country	2025-05-25 03:46:50.666363+00
42	account	0003_remove_address_country	2025-09-10 09:59:05.022633+00
43	api	0008_order_delivery_fee_order_order_date_and_more	2025-09-19 23:09:40.164557+00
44	api	0009_order_is_home_delivery	2025-09-19 23:09:52.384899+00
45	api	0010_alter_order_invoice_link	2025-09-19 23:09:52.386501+00
46	api	0011_alter_order_delivery_date	2025-09-19 23:09:52.387154+00
47	api	0012_alter_order_is_home_delivery	2025-09-19 23:09:52.387788+00
48	api	0013_alter_order_is_home_delivery	2025-09-19 23:09:52.388451+00
49	api	0014_alter_product_options_alter_product_unique_together_and_more	2025-09-19 23:09:52.389113+00
50	api	0015_productcategory_parent	2025-09-19 23:09:52.389777+00
51	api	0016_remove_productcategory_parent	2025-09-19 23:09:52.390338+00
52	api	0017_productcategory_parent	2025-09-19 23:09:52.390921+00
53	api	0018_rename_category_product_categories	2025-09-19 23:09:52.391458+00
54	api	0019_order_delivery_fee_manual	2025-09-19 23:09:52.392001+00
55	api	0020_alter_order_options_order_discount_and_more	2025-09-19 23:09:52.392504+00
56	api	0021_alter_productcategory_options	2025-09-19 23:09:58.808244+00
\.


--
-- Data for Name: django_session; Type: TABLE DATA; Schema: public; Owner: postgresuser
--

COPY public.django_session (session_key, session_data, expire_date) FROM stdin;
n0uas496138e2r2tg53kgy9rk4vadwos	.eJxVjEEOwiAQRe_C2hAGCwwu3XsGAsMgVUOT0q6Md7dNutDtf-_9twhxXWpYO89hzOIitDj9binSk9sO8iO2-yRpass8Jrkr8qBd3qbMr-vh_h3U2OtWJ18sepWhlOEMCASpqIEIEzgEtrBhMMb7aIEsOY2onSoGlNLMEcXnC9NcNx0:1uHN4H:qHc3ePsxfrgLrOFZfFX1ElYANu2rWQsY9jHsh1Rt2cU	2025-06-03 13:31:41.646699+00
u0uqbs218p64kst6k5wn3k1an5n3onpg	.eJxVjMsOwiAURP-FtSFQHi0u3fsNhPtAqoYmpV0Z_11JutDlzDkzLxHTvpW4N17jTOIstDj9dpDwwbUDuqd6WyQudVtnkF2RB23yuhA_L4f7d1BSK33t7KjROsUegvbsw6RMGEh_k0OTA48WjdbeAFoanM2KMhnmCRIwg3h_AMjaODM:1uHN4g:JY7SbHuNAnjuO2XUErzjhmaWGzVW9zKffVfvsrLaz9o	2025-06-03 13:32:06.508805+00
j70c8ry4g7tklke442lqxv76znxhyrhw	.eJxVjDsOwyAQRO9CHSF-yydlep8BwS4KTiKQjF1FuXtsyUXSjea9mTeLaVtr3EZZ4kzsyhS7_HY54bO0A9AjtXvn2Nu6zJkfCj_p4FOn8rqd7t9BTaPu64Ium-xKKDbIhOBkAJWNFAlIg9QGwXotAZRXewStvVAkHBqrMBCxzxfI9zay:1uIQm0:3acnZWAm8lSkBff59TyEAIDyJDwpU11MV_z5-koJGOw	2025-06-06 11:41:12.650654+00
kz4208vvnhpw03qe7k1m399t165luypj	.eJxVjMsOwiAURP-FtSFQHi0u3fsNhPtAqoYmpV0Z_11JutDlzDkzLxHTvpW4N17jTOIstDj9dpDwwbUDuqd6WyQudVtnkF2RB23yuhA_L4f7d1BSK33t7KjROsUegvbsw6RMGEh_k0OTA48WjdbeAFoanM2KMhnmCRIwg3h_AMjaODM:1uJ2IE:w7N7cPCXgx-v15hmWeCngIyK1Vv-9OTDvUdasnVbXew	2025-06-08 03:44:58.450813+00
1vntovbkfudvwyou0o8afx15wtm87dy4	.eJxVjMsOwiAURP-FtSFQHi0u3fsNhPtAqoYmpV0Z_11JutDlzDkzLxHTvpW4N17jTOIstDj9dpDwwbUDuqd6WyQudVtnkF2RB23yuhA_L4f7d1BSK33t7KjROsUegvbsw6RMGEh_k0OTA48WjdbeAFoanM2KMhnmCRIwg3h_AMjaODM:1uLMtT:nqLGv4g8ZdTBWoYPEHIzqmqI5SB8kfmtDHw8Bmv_7XM	2025-06-14 14:09:03.475777+00
pxumhp3xm1kmwcpl2ht02awjp1iacpf4	.eJxVjMsOwiAQRf-FtSG8DFOX7v0GMgyDVA0kpV01_ruSdKHbe865uwi4rSVsnZcwJ3ERRpx-t4j05DpAemC9N0mtrssc5VDkQbu8tcSv6-H-HRTs5VuzAoKJmB15bc-eoqMJQZsYbVYMGQwOgRgjgbPOM1jDPmti5TSK9wcFjTjI:1uLN5o:WITJArvjnJLRKBiDQzHBGEGN2mhLbu0XAW3cS94yk3k	2025-06-14 14:21:48.232376+00
4fr2crkt9na36o5gwnsz6ejgplprxcdw	.eJxVjMsOwiAURP-FtSFQHi0u3fsNhPtAqoYmpV0Z_11JutDlzDkzLxHTvpW4N17jTOIstDj9dpDwwbUDuqd6WyQudVtnkF2RB23yuhA_L4f7d1BSK33t7KjROsUegvbsw6RMGEh_k0OTA48WjdbeAFoanM2KMhnmCRIwg3h_AMjaODM:1uLNqi:gdL3o5I_t-t8r8QjCo-D0mwLCZoFDbYObKKuwaGvCZM	2025-06-14 15:10:16.960323+00
39bvl4qw6t2aaip5tddxxgaoc85tukp8	.eJxVjMsOwiAQRf-FtSG8DFOX7v0GMgyDVA0kpV01_ruSdKHbe865uwi4rSVsnZcwJ3ERRpx-t4j05DpAemC9N0mtrssc5VDkQbu8tcSv6-H-HRTs5VuzAoKJmB15bc-eoqMJQZsYbVYMGQwOgRgjgbPOM1jDPmti5TSK9wcFjTjI:1uLiUS:IwU1_Q80zGbUgCuNjDzdbp_LLdCfWAyZyyeXEU-jH1I	2025-06-15 13:12:40.618017+00
ucyccz8si0dwmy439k5iq27eevhhgsw0	.eJxVjMsOwiAQRf-FtSG8DFOX7v0GMgyDVA0kpV01_ruSdKHbe865uwi4rSVsnZcwJ3ERRpx-t4j05DpAemC9N0mtrssc5VDkQbu8tcSv6-H-HRTs5VuzAoKJmB15bc-eoqMJQZsYbVYMGQwOgRgjgbPOM1jDPmti5TSK9wcFjTjI:1uMXJz:QKNxRlT2wkstqGlMzvLw7H4huoH_GvuwkYGwGYCyUnU	2025-06-17 19:29:15.852061+00
d54rujl2wi3ow12ibj9ovwjgd8qwoew8	.eJxVjMsOwiAQRf-FtSG8DFOX7v0GMgyDVA0kpV01_ruSdKHbe865uwi4rSVsnZcwJ3ERRpx-t4j05DpAemC9N0mtrssc5VDkQbu8tcSv6-H-HRTs5VuzAoKJmB15bc-eoqMJQZsYbVYMGQwOgRgjgbPOM1jDPmti5TSK9wcFjTjI:1uMqPC:6tRmCabkRXl20Lc5PrLtXdu-NMsn0UndBEDiHhyLAaQ	2025-06-18 15:51:54.736611+00
fhq6bflyme8gtvr08y5di0j3ktskhyfm	.eJxVjMsOwiAURP-FtSFQHi0u3fsNhPtAqoYmpV0Z_11JutDlzDkzLxHTvpW4N17jTOIstDj9dpDwwbUDuqd6WyQudVtnkF2RB23yuhA_L4f7d1BSK33t7KjROsUegvbsw6RMGEh_k0OTA48WjdbeAFoanM2KMhnmCRIwg3h_AMjaODM:1uQRgv:2AaKbYIos3R-ZfgtqJTWXSGs1JNyJpK35YKz8bHmb4A	2025-06-28 14:17:05.33842+00
m9ltgy08dvkhnublaq6zrytysiotr8bk	.eJxVjMsOwiAQRf-FtSG8DFOX7v0GMgyDVA0kpV01_ruSdKHbe865uwi4rSVsnZcwJ3ERRpx-t4j05DpAemC9N0mtrssc5VDkQbu8tcSv6-H-HRTs5VuzAoKJmB15bc-eoqMJQZsYbVYMGQwOgRgjgbPOM1jDPmti5TSK9wcFjTjI:1uQV8A:kFf71dl2-rHD3OVKghdsDAeGK19pzmzkSXHPm15_T2o	2025-06-28 17:57:26.02941+00
8jkjcz05f6cwg9c3l7idja7375nncu4n	.eJxVjMsOwiAURP-FtSFQHi0u3fsNhPtAqoYmpV0Z_11JutDlzDkzLxHTvpW4N17jTOIstDj9dpDwwbUDuqd6WyQudVtnkF2RB23yuhA_L4f7d1BSK33t7KjROsUegvbsw6RMGEh_k0OTA48WjdbeAFoanM2KMhnmCRIwg3h_AMjaODM:1uRDXs:BeN6Ve86J98UMvBsa7pxcfgIpC93kbQyITyCrywI0sI	2025-06-30 17:22:56.351224+00
ltskuwxn7pvhtnbfy6pa3d05st1p7ddq	.eJxVjEEOwiAQAP_C2ZAuFVk8evcNDbsLUjWQlPZk_LuS9KDXmcm81BS2NU9bi8s0izorMOrwCynwI5Zu5B7KrWquZV1m0j3Ru236WiU-L3v7N8ih5f4FdAjgLI9H9Ja9WBIkJOGIDOQT-IFHE78WnRUyCXBIJ5uAXTCo3h_yuDfC:1uWLYC:YiwMquLHLNBcqkdAOSSuj1MCQhXzO9jilodD2WVwXww	2025-07-14 20:56:28.391132+00
zu5q3allojfkhhb3l487r40agfwqhkqd	.eJxVjMsOwiAURP-FtSFQHi0u3fsNhPtAqoYmpV0Z_11JutDlzDkzLxHTvpW4N17jTOIstDj9dpDwwbUDuqd6WyQudVtnkF2RB23yuhA_L4f7d1BSK33t7KjROsUegvbsw6RMGEh_k0OTA48WjdbeAFoanM2KMhnmCRIwg3h_AMjaODM:1uWxH4:kB0GSBkswvxqZbGqS_kCEMuDPNb5W-9Xm8lmh5o9fpw	2025-07-16 13:13:18.604864+00
auh8oljt0s52gkc0krpy6az8eaqsq6ho	.eJxVjEEOwiAQAP_C2ZAuFVk8evcNDbsLUjWQlPZk_LuS9KDXmcm81BS2NU9bi8s0izorMOrwCynwI5Zu5B7KrWquZV1m0j3Ru236WiU-L3v7N8ih5f4FdAjgLI9H9Ja9WBIkJOGIDOQT-IFHE78WnRUyCXBIJ5uAXTCo3h_yuDfC:1uX3le:KZypibmYBeNJrkm2hh-jTdCRp7RKmifvu3Z2r2vQFdo	2025-07-16 20:09:18.19857+00
j0h8jer445zjo0sgnu2qom4nnxzme84l	.eJxVjEEOwiAQAP_C2ZAuFVk8evcNDbsLUjWQlPZk_LuS9KDXmcm81BS2NU9bi8s0izorMOrwCynwI5Zu5B7KrWquZV1m0j3Ru236WiU-L3v7N8ih5f4FdAjgLI9H9Ja9WBIkJOGIDOQT-IFHE78WnRUyCXBIJ5uAXTCo3h_yuDfC:1uXL8G:Vjacw9DqV6GON7vgVENlZUePZe8fnauMbuVq8bf_s0s	2025-07-17 14:41:48.141218+00
nh59ar63evtrvlah918gta13129x651y	.eJxVjEEOwiAQAP_C2ZAuFVk8evcNDbsLUjWQlPZk_LuS9KDXmcm81BS2NU9bi8s0izorMOrwCynwI5Zu5B7KrWquZV1m0j3Ru236WiU-L3v7N8ih5f4FdAjgLI9H9Ja9WBIkJOGIDOQT-IFHE78WnRUyCXBIJ5uAXTCo3h_yuDfC:1uXPpA:Y6Jem5nDFVRXSlxc9ol6c-fGgwEP8qWca5qUot-gmOk	2025-07-17 19:42:24.312972+00
ny5ijh515ft4b0p91pdo2po5em4w622u	.eJxVjEEOwiAQAP_C2ZAuFVk8evcNDbsLUjWQlPZk_LuS9KDXmcm81BS2NU9bi8s0izorMOrwCynwI5Zu5B7KrWquZV1m0j3Ru236WiU-L3v7N8ih5f4FdAjgLI9H9Ja9WBIkJOGIDOQT-IFHE78WnRUyCXBIJ5uAXTCo3h_yuDfC:1uXZr7:MEHyWzOQaHxrGj4Xf5ZbtFAcdo6cuSlIdFyPK_UODUA	2025-07-18 06:25:05.580463+00
vp6qpgdhy08fn6ii9e56slzuqf2xi3uq	.eJxVjMsOwiAURP-FtSFQHi0u3fsNhPtAqoYmpV0Z_11JutDlzDkzLxHTvpW4N17jTOIstDj9dpDwwbUDuqd6WyQudVtnkF2RB23yuhA_L4f7d1BSK33t7KjROsUegvbsw6RMGEh_k0OTA48WjdbeAFoanM2KMhnmCRIwg3h_AMjaODM:1uaJQ8:GKlJNcJDaUJR8YrgP10v-uDtLl9fS-aPv1zQ2N6HfRI	2025-07-25 19:28:32.731319+00
sfjtzmujo6t4jn4hz7mxiyoa13fj71zc	.eJxVjMsOwiAURP-FtSFQHi0u3fsNhPtAqoYmpV0Z_11JutDlzDkzLxHTvpW4N17jTOIstDj9dpDwwbUDuqd6WyQudVtnkF2RB23yuhA_L4f7d1BSK33t7KjROsUegvbsw6RMGEh_k0OTA48WjdbeAFoanM2KMhnmCRIwg3h_AMjaODM:1uaMB1:AGGfuxPGx_kNwm-Rx-N4RNs1qpMFCN6DAVtAAjMsar4	2025-07-25 22:25:07.607882+00
43m5vbwtr8z66yb3qin296nud0gc9jy9	.eJxVjEEOwiAQAP_C2ZAuFVk8evcNDbsLUjWQlPZk_LuS9KDXmcm81BS2NU9bi8s0izorMOrwCynwI5Zu5B7KrWquZV1m0j3Ru236WiU-L3v7N8ih5f4FdAjgLI9H9Ja9WBIkJOGIDOQT-IFHE78WnRUyCXBIJ5uAXTCo3h_yuDfC:1uaMBe:Nssp13nMxg-1xU7oR76BiLyGJkZUpehtVC9Uj5qK-UM	2025-07-25 22:25:46.698542+00
mdsnc3ukkz7rmearp6mxwtbp9vdhwhac	.eJxVjEEOwiAQAP_C2ZAuFVk8evcNDbsLUjWQlPZk_LuS9KDXmcm81BS2NU9bi8s0izorMOrwCynwI5Zu5B7KrWquZV1m0j3Ru236WiU-L3v7N8ih5f4FdAjgLI9H9Ja9WBIkJOGIDOQT-IFHE78WnRUyCXBIJ5uAXTCo3h_yuDfC:1ubhir:pKLIt_1ujBmwevHSJAFELb_AEtj4majgX1wHYUGQWko	2025-07-29 15:37:37.671423+00
ic8zkvvpkc81odq1e1nwk449blz99e49	.eJxVjMsOwiAURP-FtSFQHi0u3fsNhPtAqoYmpV0Z_11JutDlzDkzLxHTvpW4N17jTOIstDj9dpDwwbUDuqd6WyQudVtnkF2RB23yuhA_L4f7d1BSK33t7KjROsUegvbsw6RMGEh_k0OTA48WjdbeAFoanM2KMhnmCRIwg3h_AMjaODM:1ucmaC:bIuz4B3a7HHUxpjdX2kP7jAMJkPUB1CUos3A_ebzJTQ	2025-08-01 15:01:08.79194+00
7dpkhuu8l3m2elg421j86evyy0vftshq	.eJxVjEEOwiAQAP_C2ZAuFVk8evcNDbsLUjWQlPZk_LuS9KDXmcm81BS2NU9bi8s0izorMOrwCynwI5Zu5B7KrWquZV1m0j3Ru236WiU-L3v7N8ih5f4FdAjgLI9H9Ja9WBIkJOGIDOQT-IFHE78WnRUyCXBIJ5uAXTCo3h_yuDfC:1uhGiI:yY1c6fpkZuqquqqUXv9igYMXpU3C_PqNDx6cKetiVBc	2025-08-14 00:00:02.605995+00
ic7auy96ymbug4mjqadetb3gx82f5tqp	.eJxVjEEOwiAQAP_C2ZAuFVk8evcNDbsLUjWQlPZk_LuS9KDXmcm81BS2NU9bi8s0izorMOrwCynwI5Zu5B7KrWquZV1m0j3Ru236WiU-L3v7N8ih5f4FdAjgLI9H9Ja9WBIkJOGIDOQT-IFHE78WnRUyCXBIJ5uAXTCo3h_yuDfC:1uhXmG:od5zD6H3GOnx4kixE3rxXOs25kGy89mu0sc4UDdTjBs	2025-08-14 18:13:16.877304+00
b7ivf7sgmlmf21ikrlxx8dmn6ngjv5yx	.eJxVjMsOwiAURP-FtSFQHi0u3fsNhPtAqoYmpV0Z_11JutDlzDkzLxHTvpW4N17jTOIstDj9dpDwwbUDuqd6WyQudVtnkF2RB23yuhA_L4f7d1BSK33t7KjROsUegvbsw6RMGEh_k0OTA48WjdbeAFoanM2KMhnmCRIwg3h_AMjaODM:1uhs1k:DkD1sdcPOMmNhXgZqU0B5eMHMBCekreU6EYHbMCuNGs	2025-08-15 15:50:36.315137+00
he9pymxf449p3phrjrx9ejyaep0allqt	.eJxVjMsOwiAURP-FtSFQHi0u3fsNhPtAqoYmpV0Z_11JutDlzDkzLxHTvpW4N17jTOIstDj9dpDwwbUDuqd6WyQudVtnkF2RB23yuhA_L4f7d1BSK33t7KjROsUegvbsw6RMGEh_k0OTA48WjdbeAFoanM2KMhnmCRIwg3h_AMjaODM:1uiXUc:rEgehwlVxO1psQuh751jpKmzEV5HPdBw24BSbCGVaP4	2025-08-17 12:07:10.090627+00
2hlmc2ngnde3y4e0nhwvlx5sg13gx9yd	.eJxVjEEOwiAQAP_C2ZAuFVk8evcNDbsLUjWQlPZk_LuS9KDXmcm81BS2NU9bi8s0izorMOrwCynwI5Zu5B7KrWquZV1m0j3Ru236WiU-L3v7N8ih5f4FdAjgLI9H9Ja9WBIkJOGIDOQT-IFHE78WnRUyCXBIJ5uAXTCo3h_yuDfC:1umf48:2ojGdoNX0ar5Rna96rXlOc2ZeeNi9fSFxgwZE76L4Do	2025-08-28 21:00:52.627767+00
ralxfcqppb2cv8autumj6rswl7veih40	.eJxVjMsOwiAURP-FtSFQHi0u3fsNhPtAqoYmpV0Z_11JutDlzDkzLxHTvpW4N17jTOIstDj9dpDwwbUDuqd6WyQudVtnkF2RB23yuhA_L4f7d1BSK33t7KjROsUegvbsw6RMGEh_k0OTA48WjdbeAFoanM2KMhnmCRIwg3h_AMjaODM:1upTNG:rg8-MNiuySqvGR_Zw4RO7lM-DchT0aktwXaMmpkEups	2025-09-05 15:08:14.496286+00
0kb5fody5tw0vx4su2vfenghikrqs4j2	.eJxVjMsOwiAURP-FtSFQHi0u3fsNhPtAqoYmpV0Z_11JutDlzDkzLxHTvpW4N17jTOIstDj9dpDwwbUDuqd6WyQudVtnkF2RB23yuhA_L4f7d1BSK33t7KjROsUegvbsw6RMGEh_k0OTA48WjdbeAFoanM2KMhnmCRIwg3h_AMjaODM:1upTQ0:hduknOaR_OWN_ZL7MOmby_GHaeydCywjq_WNKJI4RNc	2025-09-05 15:11:04.86286+00
61z1v6i735j7pnb8khtdvs5hc56cn8qa	.eJxVjMsOwiAURP-FtSFQHi0u3fsNhPtAqoYmpV0Z_11JutDlzDkzLxHTvpW4N17jTOIstDj9dpDwwbUDuqd6WyQudVtnkF2RB23yuhA_L4f7d1BSK33t7KjROsUegvbsw6RMGEh_k0OTA48WjdbeAFoanM2KMhnmCRIwg3h_AMjaODM:1upTaV:mU3x_wzmHzeafyuP0Xwkt9AUbDJLuTJSm1UkfxFXSgQ	2025-09-05 15:21:55.586035+00
8t36k505rqr6ryaqxatjfjuv9rbp0euz	.eJxVjMsOwiAURP-FtSFQHi0u3fsNhPtAqoYmpV0Z_11JutDlzDkzLxHTvpW4N17jTOIstDj9dpDwwbUDuqd6WyQudVtnkF2RB23yuhA_L4f7d1BSK33t7KjROsUegvbsw6RMGEh_k0OTA48WjdbeAFoanM2KMhnmCRIwg3h_AMjaODM:1upXQA:oANlpXTxZk-szw8VbQpIBx8coSkGffwP8Cm_jCMAm3Q	2025-09-05 19:27:30.38669+00
i2zal8m09l7s9updjkmx7vnet9adxage	.eJxVjEEOwiAQAP_C2ZAuFVk8evcNDbsLUjWQlPZk_LuS9KDXmcm81BS2NU9bi8s0izorMOrwCynwI5Zu5B7KrWquZV1m0j3Ru236WiU-L3v7N8ih5f4FdAjgLI9H9Ja9WBIkJOGIDOQT-IFHE78WnRUyCXBIJ5uAXTCo3h_yuDfC:1upZiW:tDh22wZaB35tqAOtRMZ40DrRSRhHk3rqoFe4SbPupD8	2025-09-05 21:54:36.50891+00
ldwdv8v0j1242ipyrpjwqtld6nwi19nt	.eJxVjEEOwiAQAP_C2ZAuFVk8evcNDbsLUjWQlPZk_LuS9KDXmcm81BS2NU9bi8s0izorMOrwCynwI5Zu5B7KrWquZV1m0j3Ru236WiU-L3v7N8ih5f4FdAjgLI9H9Ja9WBIkJOGIDOQT-IFHE78WnRUyCXBIJ5uAXTCo3h_yuDfC:1urzGw:0B0zJB-hRzLkzqrLfRjsGi87Y0EjO65h2AREXJ5IYP4	2025-09-12 13:36:06.998338+00
oxv40f9w79qjjo0mrl275tlk2dkarcr3	.eJxVjEEOwiAQAP_C2ZAuFVk8evcNDbsLUjWQlPZk_LuS9KDXmcm81BS2NU9bi8s0izorMOrwCynwI5Zu5B7KrWquZV1m0j3Ru236WiU-L3v7N8ih5f4FdAjgLI9H9Ja9WBIkJOGIDOQT-IFHE78WnRUyCXBIJ5uAXTCo3h_yuDfC:1uuguM:eCSiEgLdyY4BCZzGYMOrH_jDhethUjL0WT5DZwXu93k	2025-09-20 00:35:58.742446+00
l5kektsfpejm88xfmw8svan0874medeo	.eJxVjMsOwiAURP-FtSFQHi0u3fsNhPtAqoYmpV0Z_11JutDlzDkzLxHTvpW4N17jTOIstDj9dpDwwbUDuqd6WyQudVtnkF2RB23yuhA_L4f7d1BSK33t7KjROsUegvbsw6RMGEh_k0OTA48WjdbeAFoanM2KMhnmCRIwg3h_AMjaODM:1uvr7u:9PaMZDoNYrrOaGbsv-gpQTakRjZtMHRs_C1n5F7D0m8	2025-09-23 05:42:46.169275+00
xzywi27bgx8v12mgczq7emqfnmvre96h	.eJxVjMsOwiAURP-FtSFQHi0u3fsNhPtAqoYmpV0Z_11JutDlzDkzLxHTvpW4N17jTOIstDj9dpDwwbUDuqd6WyQudVtnkF2RB23yuhA_L4f7d1BSK33t7KjROsUegvbsw6RMGEh_k0OTA48WjdbeAFoanM2KMhnmCRIwg3h_AMjaODM:1uwHZA:ufbFwJ6jsO9OKb7aF9YLFvjQuVVgNhVMT0ed8oOtPYI	2025-09-24 09:56:40.89033+00
dv6c7gb3rwe1jxjwynmj6lz5g009moj5	.eJxVjEEOwiAQAP_C2ZAuFVk8evcNDbsLUjWQlPZk_LuS9KDXmcm81BS2NU9bi8s0izorMOrwCynwI5Zu5B7KrWquZV1m0j3Ru236WiU-L3v7N8ih5f4FdAjgLI9H9Ja9WBIkJOGIDOQT-IFHE78WnRUyCXBIJ5uAXTCo3h_yuDfC:1ux60A:6aWEbEyv9bA3TGZKeg8CtSfDny51fsNt4BgVNct-DsM	2025-09-26 15:47:54.287831+00
r0av8ar8kt9bzjt3s62wpfpciot4l8ce	.eJxVjEEOwiAQAP_C2ZAuFVk8evcNDbsLUjWQlPZk_LuS9KDXmcm81BS2NU9bi8s0izorMOrwCynwI5Zu5B7KrWquZV1m0j3Ru236WiU-L3v7N8ih5f4FdAjgLI9H9Ja9WBIkJOGIDOQT-IFHE78WnRUyCXBIJ5uAXTCo3h_yuDfC:1uys64:gSpHbq-hMWbg0glI2ngqYIX3t_0hNjkRL4AIWN0rSBs	2025-10-01 13:21:20.950569+00
o7gslglzjx8rl9nzm5wyi9pokdonoqm9	.eJxVjMsOwiAURP-FtSFQHi0u3fsNhPtAqoYmpV0Z_11JutDlzDkzLxHTvpW4N17jTOIstDj9dpDwwbUDuqd6WyQudVtnkF2RB23yuhA_L4f7d1BSK33t7KjROsUegvbsw6RMGEh_k0OTA48WjdbeAFoanM2KMhnmCRIwg3h_AMjaODM:1uyv5L:zXwLZnU-_yO_tIXP2dMjjoTYd-J638EF6GEJGbICDAU	2025-10-01 16:32:47.499643+00
enotjgfdxdoimfj2yc0243y8l742287g	.eJxVjMsOwiAURP-FtSFQHi0u3fsNhPtAqoYmpV0Z_11JutDlzDkzLxHTvpW4N17jTOIstDj9dpDwwbUDuqd6WyQudVtnkF2RB23yuhA_L4f7d1BSK33t7KjROsUegvbsw6RMGEh_k0OTA48WjdbeAFoanM2KMhnmCRIwg3h_AMjaODM:1uzaCD:n1WBEbLAIOblautG5Abid59e_835Apk3kgi9oLHMJvU	2025-10-03 12:26:37.440459+00
jshxbqy9ekq7csbrrrg14qhl6lrega3g	.eJxVjMsOwiAURP-FtSFQHi0u3fsNhPtAqoYmpV0Z_11JutDlzDkzLxHTvpW4N17jTOIstDj9dpDwwbUDuqd6WyQudVtnkF2RB23yuhA_L4f7d1BSK33t7KjROsUegvbsw6RMGEh_k0OTA48WjdbeAFoanM2KMhnmCRIwg3h_AMjaODM:1uzjdn:-VMOOal-JYEczybKFHtL9sTVIkp9nZ0og3TtNrmAWFc	2025-10-03 22:31:43.717791+00
etvtufufhxu1vre6v4w6gcvl1giloii2	.eJxVjMsOwiAURP-FtSFQHi0u3fsNhPtAqoYmpV0Z_11JutDlzDkzLxHTvpW4N17jTOIstDj9dpDwwbUDuqd6WyQudVtnkF2RB23yuhA_L4f7d1BSK33t7KjROsUegvbsw6RMGEh_k0OTA48WjdbeAFoanM2KMhnmCRIwg3h_AMjaODM:1uzkX7:I8S-_cryeIeYLwEcA-AXGU6vNrpC7ONmXyzSTqT_ZbE	2025-10-03 23:28:53.779767+00
\.


--
-- Name: account_address_id_seq; Type: SEQUENCE SET; Schema: public; Owner: postgresuser
--

SELECT pg_catalog.setval('public.account_address_id_seq', 1, false);


--
-- Name: account_customuser_groups_id_seq; Type: SEQUENCE SET; Schema: public; Owner: postgresuser
--

SELECT pg_catalog.setval('public.account_customuser_groups_id_seq', 1, false);


--
-- Name: account_customuser_id_seq; Type: SEQUENCE SET; Schema: public; Owner: postgresuser
--

SELECT pg_catalog.setval('public.account_customuser_id_seq', 1, false);


--
-- Name: account_customuser_user_permissions_id_seq; Type: SEQUENCE SET; Schema: public; Owner: postgresuser
--

SELECT pg_catalog.setval('public.account_customuser_user_permissions_id_seq', 1, false);


--
-- Name: account_profile_id_seq; Type: SEQUENCE SET; Schema: public; Owner: postgresuser
--

SELECT pg_catalog.setval('public.account_profile_id_seq', 1, false);


--
-- Name: api_order_id_seq; Type: SEQUENCE SET; Schema: public; Owner: postgresuser
--

SELECT pg_catalog.setval('public.api_order_id_seq', 1, false);


--
-- Name: api_orderitem_id_seq; Type: SEQUENCE SET; Schema: public; Owner: postgresuser
--

SELECT pg_catalog.setval('public.api_orderitem_id_seq', 1, false);


--
-- Name: api_product_category_id_seq; Type: SEQUENCE SET; Schema: public; Owner: postgresuser
--

SELECT pg_catalog.setval('public.api_product_category_id_seq', 1, false);


--
-- Name: api_product_id_seq; Type: SEQUENCE SET; Schema: public; Owner: postgresuser
--

SELECT pg_catalog.setval('public.api_product_id_seq', 1, false);


--
-- Name: api_productcategory_id_seq; Type: SEQUENCE SET; Schema: public; Owner: postgresuser
--

SELECT pg_catalog.setval('public.api_productcategory_id_seq', 1, false);


--
-- Name: auth_group_id_seq; Type: SEQUENCE SET; Schema: public; Owner: postgresuser
--

SELECT pg_catalog.setval('public.auth_group_id_seq', 1, false);


--
-- Name: auth_group_permissions_id_seq; Type: SEQUENCE SET; Schema: public; Owner: postgresuser
--

SELECT pg_catalog.setval('public.auth_group_permissions_id_seq', 1, false);


--
-- Name: auth_permission_id_seq; Type: SEQUENCE SET; Schema: public; Owner: postgresuser
--

SELECT pg_catalog.setval('public.auth_permission_id_seq', 1, false);


--
-- Name: django_admin_log_id_seq; Type: SEQUENCE SET; Schema: public; Owner: postgresuser
--

SELECT pg_catalog.setval('public.django_admin_log_id_seq', 1, false);


--
-- Name: django_content_type_id_seq; Type: SEQUENCE SET; Schema: public; Owner: postgresuser
--

SELECT pg_catalog.setval('public.django_content_type_id_seq', 1, false);


--
-- Name: django_migrations_id_seq; Type: SEQUENCE SET; Schema: public; Owner: postgresuser
--

SELECT pg_catalog.setval('public.django_migrations_id_seq', 56, true);


--
-- Name: account_address account_address_pkey; Type: CONSTRAINT; Schema: public; Owner: postgresuser
--

ALTER TABLE ONLY public.account_address
    ADD CONSTRAINT account_address_pkey PRIMARY KEY (id);


--
-- Name: account_customuser account_customuser_email_key; Type: CONSTRAINT; Schema: public; Owner: postgresuser
--

ALTER TABLE ONLY public.account_customuser
    ADD CONSTRAINT account_customuser_email_key UNIQUE (email);


--
-- Name: account_customuser_groups account_customuser_groups_customuser_id_group_id_7e51db7b_uniq; Type: CONSTRAINT; Schema: public; Owner: postgresuser
--

ALTER TABLE ONLY public.account_customuser_groups
    ADD CONSTRAINT account_customuser_groups_customuser_id_group_id_7e51db7b_uniq UNIQUE (customuser_id, group_id);


--
-- Name: account_customuser_groups account_customuser_groups_pkey; Type: CONSTRAINT; Schema: public; Owner: postgresuser
--

ALTER TABLE ONLY public.account_customuser_groups
    ADD CONSTRAINT account_customuser_groups_pkey PRIMARY KEY (id);


--
-- Name: account_customuser account_customuser_name_key; Type: CONSTRAINT; Schema: public; Owner: postgresuser
--

ALTER TABLE ONLY public.account_customuser
    ADD CONSTRAINT account_customuser_name_key UNIQUE (name);


--
-- Name: account_customuser account_customuser_pkey; Type: CONSTRAINT; Schema: public; Owner: postgresuser
--

ALTER TABLE ONLY public.account_customuser
    ADD CONSTRAINT account_customuser_pkey PRIMARY KEY (id);


--
-- Name: account_customuser_user_permissions account_customuser_user__customuser_id_permission_650e378f_uniq; Type: CONSTRAINT; Schema: public; Owner: postgresuser
--

ALTER TABLE ONLY public.account_customuser_user_permissions
    ADD CONSTRAINT account_customuser_user__customuser_id_permission_650e378f_uniq UNIQUE (customuser_id, permission_id);


--
-- Name: account_customuser_user_permissions account_customuser_user_permissions_pkey; Type: CONSTRAINT; Schema: public; Owner: postgresuser
--

ALTER TABLE ONLY public.account_customuser_user_permissions
    ADD CONSTRAINT account_customuser_user_permissions_pkey PRIMARY KEY (id);


--
-- Name: account_profile account_profile_pkey; Type: CONSTRAINT; Schema: public; Owner: postgresuser
--

ALTER TABLE ONLY public.account_profile
    ADD CONSTRAINT account_profile_pkey PRIMARY KEY (id);


--
-- Name: account_profile account_profile_user_id_key; Type: CONSTRAINT; Schema: public; Owner: postgresuser
--

ALTER TABLE ONLY public.account_profile
    ADD CONSTRAINT account_profile_user_id_key UNIQUE (user_id);


--
-- Name: api_order api_order_pkey; Type: CONSTRAINT; Schema: public; Owner: postgresuser
--

ALTER TABLE ONLY public.api_order
    ADD CONSTRAINT api_order_pkey PRIMARY KEY (id);


--
-- Name: api_orderitem api_orderitem_pkey; Type: CONSTRAINT; Schema: public; Owner: postgresuser
--

ALTER TABLE ONLY public.api_orderitem
    ADD CONSTRAINT api_orderitem_pkey PRIMARY KEY (id);


--
-- Name: api_product_categories api_product_category_pkey; Type: CONSTRAINT; Schema: public; Owner: postgresuser
--

ALTER TABLE ONLY public.api_product_categories
    ADD CONSTRAINT api_product_category_pkey PRIMARY KEY (id);


--
-- Name: api_product_categories api_product_category_product_id_productcatego_58b0c359_uniq; Type: CONSTRAINT; Schema: public; Owner: postgresuser
--

ALTER TABLE ONLY public.api_product_categories
    ADD CONSTRAINT api_product_category_product_id_productcatego_58b0c359_uniq UNIQUE (product_id, productcategory_id);


--
-- Name: api_product api_product_pkey; Type: CONSTRAINT; Schema: public; Owner: postgresuser
--

ALTER TABLE ONLY public.api_product
    ADD CONSTRAINT api_product_pkey PRIMARY KEY (id);


--
-- Name: api_productcategory api_productcategory_pkey; Type: CONSTRAINT; Schema: public; Owner: postgresuser
--

ALTER TABLE ONLY public.api_productcategory
    ADD CONSTRAINT api_productcategory_pkey PRIMARY KEY (id);


--
-- Name: auth_group auth_group_name_key; Type: CONSTRAINT; Schema: public; Owner: postgresuser
--

ALTER TABLE ONLY public.auth_group
    ADD CONSTRAINT auth_group_name_key UNIQUE (name);


--
-- Name: auth_group_permissions auth_group_permissions_group_id_permission_id_0cd325b0_uniq; Type: CONSTRAINT; Schema: public; Owner: postgresuser
--

ALTER TABLE ONLY public.auth_group_permissions
    ADD CONSTRAINT auth_group_permissions_group_id_permission_id_0cd325b0_uniq UNIQUE (group_id, permission_id);


--
-- Name: auth_group_permissions auth_group_permissions_pkey; Type: CONSTRAINT; Schema: public; Owner: postgresuser
--

ALTER TABLE ONLY public.auth_group_permissions
    ADD CONSTRAINT auth_group_permissions_pkey PRIMARY KEY (id);


--
-- Name: auth_group auth_group_pkey; Type: CONSTRAINT; Schema: public; Owner: postgresuser
--

ALTER TABLE ONLY public.auth_group
    ADD CONSTRAINT auth_group_pkey PRIMARY KEY (id);


--
-- Name: auth_permission auth_permission_content_type_id_codename_01ab375a_uniq; Type: CONSTRAINT; Schema: public; Owner: postgresuser
--

ALTER TABLE ONLY public.auth_permission
    ADD CONSTRAINT auth_permission_content_type_id_codename_01ab375a_uniq UNIQUE (content_type_id, codename);


--
-- Name: auth_permission auth_permission_pkey; Type: CONSTRAINT; Schema: public; Owner: postgresuser
--

ALTER TABLE ONLY public.auth_permission
    ADD CONSTRAINT auth_permission_pkey PRIMARY KEY (id);


--
-- Name: django_admin_log django_admin_log_pkey; Type: CONSTRAINT; Schema: public; Owner: postgresuser
--

ALTER TABLE ONLY public.django_admin_log
    ADD CONSTRAINT django_admin_log_pkey PRIMARY KEY (id);


--
-- Name: django_content_type django_content_type_app_label_model_76bd3d3b_uniq; Type: CONSTRAINT; Schema: public; Owner: postgresuser
--

ALTER TABLE ONLY public.django_content_type
    ADD CONSTRAINT django_content_type_app_label_model_76bd3d3b_uniq UNIQUE (app_label, model);


--
-- Name: django_content_type django_content_type_pkey; Type: CONSTRAINT; Schema: public; Owner: postgresuser
--

ALTER TABLE ONLY public.django_content_type
    ADD CONSTRAINT django_content_type_pkey PRIMARY KEY (id);


--
-- Name: django_migrations django_migrations_pkey; Type: CONSTRAINT; Schema: public; Owner: postgresuser
--

ALTER TABLE ONLY public.django_migrations
    ADD CONSTRAINT django_migrations_pkey PRIMARY KEY (id);


--
-- Name: django_session django_session_pkey; Type: CONSTRAINT; Schema: public; Owner: postgresuser
--

ALTER TABLE ONLY public.django_session
    ADD CONSTRAINT django_session_pkey PRIMARY KEY (session_key);


--
-- Name: account_customuser_email_a15d8618_like; Type: INDEX; Schema: public; Owner: postgresuser
--

CREATE INDEX account_customuser_email_a15d8618_like ON public.account_customuser USING btree (email varchar_pattern_ops);


--
-- Name: account_customuser_groups_customuser_id_b6c60904; Type: INDEX; Schema: public; Owner: postgresuser
--

CREATE INDEX account_customuser_groups_customuser_id_b6c60904 ON public.account_customuser_groups USING btree (customuser_id);


--
-- Name: account_customuser_groups_group_id_2be9f6d7; Type: INDEX; Schema: public; Owner: postgresuser
--

CREATE INDEX account_customuser_groups_group_id_2be9f6d7 ON public.account_customuser_groups USING btree (group_id);


--
-- Name: account_customuser_name_e0092bf5_like; Type: INDEX; Schema: public; Owner: postgresuser
--

CREATE INDEX account_customuser_name_e0092bf5_like ON public.account_customuser USING btree (name varchar_pattern_ops);


--
-- Name: account_customuser_user_permissions_customuser_id_03bcc114; Type: INDEX; Schema: public; Owner: postgresuser
--

CREATE INDEX account_customuser_user_permissions_customuser_id_03bcc114 ON public.account_customuser_user_permissions USING btree (customuser_id);


--
-- Name: account_customuser_user_permissions_permission_id_f4aec423; Type: INDEX; Schema: public; Owner: postgresuser
--

CREATE INDEX account_customuser_user_permissions_permission_id_f4aec423 ON public.account_customuser_user_permissions USING btree (permission_id);


--
-- Name: account_profile_address_id_15aec146; Type: INDEX; Schema: public; Owner: postgresuser
--

CREATE INDEX account_profile_address_id_15aec146 ON public.account_profile USING btree (address_id);


--
-- Name: api_order_customer_id_8cb4e7b7; Type: INDEX; Schema: public; Owner: postgresuser
--

CREATE INDEX api_order_customer_id_8cb4e7b7 ON public.api_order USING btree (customer_id);


--
-- Name: api_orderitem_order_id_f9c0afc0; Type: INDEX; Schema: public; Owner: postgresuser
--

CREATE INDEX api_orderitem_order_id_f9c0afc0 ON public.api_orderitem USING btree (order_id);


--
-- Name: api_orderitem_product_id_afd9cdd0; Type: INDEX; Schema: public; Owner: postgresuser
--

CREATE INDEX api_orderitem_product_id_afd9cdd0 ON public.api_orderitem USING btree (product_id);


--
-- Name: api_product_category_product_id_2284c778; Type: INDEX; Schema: public; Owner: postgresuser
--

CREATE INDEX api_product_category_product_id_2284c778 ON public.api_product_categories USING btree (product_id);


--
-- Name: api_product_category_productcategory_id_f6cd692e; Type: INDEX; Schema: public; Owner: postgresuser
--

CREATE INDEX api_product_category_productcategory_id_f6cd692e ON public.api_product_categories USING btree (productcategory_id);


--
-- Name: api_productcategory_parent_id_c6a01708; Type: INDEX; Schema: public; Owner: postgresuser
--

CREATE INDEX api_productcategory_parent_id_c6a01708 ON public.api_productcategory USING btree (parent_id);


--
-- Name: auth_group_name_a6ea08ec_like; Type: INDEX; Schema: public; Owner: postgresuser
--

CREATE INDEX auth_group_name_a6ea08ec_like ON public.auth_group USING btree (name varchar_pattern_ops);


--
-- Name: auth_group_permissions_group_id_b120cbf9; Type: INDEX; Schema: public; Owner: postgresuser
--

CREATE INDEX auth_group_permissions_group_id_b120cbf9 ON public.auth_group_permissions USING btree (group_id);


--
-- Name: auth_group_permissions_permission_id_84c5c92e; Type: INDEX; Schema: public; Owner: postgresuser
--

CREATE INDEX auth_group_permissions_permission_id_84c5c92e ON public.auth_group_permissions USING btree (permission_id);


--
-- Name: auth_permission_content_type_id_2f476e4b; Type: INDEX; Schema: public; Owner: postgresuser
--

CREATE INDEX auth_permission_content_type_id_2f476e4b ON public.auth_permission USING btree (content_type_id);


--
-- Name: django_admin_log_content_type_id_c4bce8eb; Type: INDEX; Schema: public; Owner: postgresuser
--

CREATE INDEX django_admin_log_content_type_id_c4bce8eb ON public.django_admin_log USING btree (content_type_id);


--
-- Name: django_admin_log_user_id_c564eba6; Type: INDEX; Schema: public; Owner: postgresuser
--

CREATE INDEX django_admin_log_user_id_c564eba6 ON public.django_admin_log USING btree (user_id);


--
-- Name: django_session_expire_date_a5c62663; Type: INDEX; Schema: public; Owner: postgresuser
--

CREATE INDEX django_session_expire_date_a5c62663 ON public.django_session USING btree (expire_date);


--
-- Name: django_session_session_key_c0390e0f_like; Type: INDEX; Schema: public; Owner: postgresuser
--

CREATE INDEX django_session_session_key_c0390e0f_like ON public.django_session USING btree (session_key varchar_pattern_ops);


--
-- Name: account_customuser_groups account_customuser_g_customuser_id_b6c60904_fk_account_c; Type: FK CONSTRAINT; Schema: public; Owner: postgresuser
--

ALTER TABLE ONLY public.account_customuser_groups
    ADD CONSTRAINT account_customuser_g_customuser_id_b6c60904_fk_account_c FOREIGN KEY (customuser_id) REFERENCES public.account_customuser(id) DEFERRABLE INITIALLY DEFERRED;


--
-- Name: account_customuser_groups account_customuser_groups_group_id_2be9f6d7_fk_auth_group_id; Type: FK CONSTRAINT; Schema: public; Owner: postgresuser
--

ALTER TABLE ONLY public.account_customuser_groups
    ADD CONSTRAINT account_customuser_groups_group_id_2be9f6d7_fk_auth_group_id FOREIGN KEY (group_id) REFERENCES public.auth_group(id) DEFERRABLE INITIALLY DEFERRED;


--
-- Name: account_customuser_user_permissions account_customuser_u_customuser_id_03bcc114_fk_account_c; Type: FK CONSTRAINT; Schema: public; Owner: postgresuser
--

ALTER TABLE ONLY public.account_customuser_user_permissions
    ADD CONSTRAINT account_customuser_u_customuser_id_03bcc114_fk_account_c FOREIGN KEY (customuser_id) REFERENCES public.account_customuser(id) DEFERRABLE INITIALLY DEFERRED;


--
-- Name: account_customuser_user_permissions account_customuser_u_permission_id_f4aec423_fk_auth_perm; Type: FK CONSTRAINT; Schema: public; Owner: postgresuser
--

ALTER TABLE ONLY public.account_customuser_user_permissions
    ADD CONSTRAINT account_customuser_u_permission_id_f4aec423_fk_auth_perm FOREIGN KEY (permission_id) REFERENCES public.auth_permission(id) DEFERRABLE INITIALLY DEFERRED;


--
-- Name: account_profile account_profile_address_id_15aec146_fk_account_address_id; Type: FK CONSTRAINT; Schema: public; Owner: postgresuser
--

ALTER TABLE ONLY public.account_profile
    ADD CONSTRAINT account_profile_address_id_15aec146_fk_account_address_id FOREIGN KEY (address_id) REFERENCES public.account_address(id) DEFERRABLE INITIALLY DEFERRED;


--
-- Name: account_profile account_profile_user_id_bdd52018_fk_account_customuser_id; Type: FK CONSTRAINT; Schema: public; Owner: postgresuser
--

ALTER TABLE ONLY public.account_profile
    ADD CONSTRAINT account_profile_user_id_bdd52018_fk_account_customuser_id FOREIGN KEY (user_id) REFERENCES public.account_customuser(id) DEFERRABLE INITIALLY DEFERRED;


--
-- Name: api_order api_order_customer_id_8cb4e7b7_fk_account_customuser_id; Type: FK CONSTRAINT; Schema: public; Owner: postgresuser
--

ALTER TABLE ONLY public.api_order
    ADD CONSTRAINT api_order_customer_id_8cb4e7b7_fk_account_customuser_id FOREIGN KEY (customer_id) REFERENCES public.account_customuser(id) DEFERRABLE INITIALLY DEFERRED;


--
-- Name: api_orderitem api_orderitem_order_id_f9c0afc0_fk_api_order_id; Type: FK CONSTRAINT; Schema: public; Owner: postgresuser
--

ALTER TABLE ONLY public.api_orderitem
    ADD CONSTRAINT api_orderitem_order_id_f9c0afc0_fk_api_order_id FOREIGN KEY (order_id) REFERENCES public.api_order(id) DEFERRABLE INITIALLY DEFERRED;


--
-- Name: api_orderitem api_orderitem_product_id_afd9cdd0_fk_api_product_id; Type: FK CONSTRAINT; Schema: public; Owner: postgresuser
--

ALTER TABLE ONLY public.api_orderitem
    ADD CONSTRAINT api_orderitem_product_id_afd9cdd0_fk_api_product_id FOREIGN KEY (product_id) REFERENCES public.api_product(id) DEFERRABLE INITIALLY DEFERRED;


--
-- Name: api_product_categories api_product_category_product_id_2284c778_fk_api_product_id; Type: FK CONSTRAINT; Schema: public; Owner: postgresuser
--

ALTER TABLE ONLY public.api_product_categories
    ADD CONSTRAINT api_product_category_product_id_2284c778_fk_api_product_id FOREIGN KEY (product_id) REFERENCES public.api_product(id) DEFERRABLE INITIALLY DEFERRED;


--
-- Name: api_product_categories api_product_category_productcategory_id_f6cd692e_fk_api_produ; Type: FK CONSTRAINT; Schema: public; Owner: postgresuser
--

ALTER TABLE ONLY public.api_product_categories
    ADD CONSTRAINT api_product_category_productcategory_id_f6cd692e_fk_api_produ FOREIGN KEY (productcategory_id) REFERENCES public.api_productcategory(id) DEFERRABLE INITIALLY DEFERRED;


--
-- Name: api_productcategory api_productcategory_parent_id_c6a01708_fk_api_produ; Type: FK CONSTRAINT; Schema: public; Owner: postgresuser
--

ALTER TABLE ONLY public.api_productcategory
    ADD CONSTRAINT api_productcategory_parent_id_c6a01708_fk_api_produ FOREIGN KEY (parent_id) REFERENCES public.api_productcategory(id) DEFERRABLE INITIALLY DEFERRED;


--
-- Name: auth_group_permissions auth_group_permissio_permission_id_84c5c92e_fk_auth_perm; Type: FK CONSTRAINT; Schema: public; Owner: postgresuser
--

ALTER TABLE ONLY public.auth_group_permissions
    ADD CONSTRAINT auth_group_permissio_permission_id_84c5c92e_fk_auth_perm FOREIGN KEY (permission_id) REFERENCES public.auth_permission(id) DEFERRABLE INITIALLY DEFERRED;


--
-- Name: auth_group_permissions auth_group_permissions_group_id_b120cbf9_fk_auth_group_id; Type: FK CONSTRAINT; Schema: public; Owner: postgresuser
--

ALTER TABLE ONLY public.auth_group_permissions
    ADD CONSTRAINT auth_group_permissions_group_id_b120cbf9_fk_auth_group_id FOREIGN KEY (group_id) REFERENCES public.auth_group(id) DEFERRABLE INITIALLY DEFERRED;


--
-- Name: auth_permission auth_permission_content_type_id_2f476e4b_fk_django_co; Type: FK CONSTRAINT; Schema: public; Owner: postgresuser
--

ALTER TABLE ONLY public.auth_permission
    ADD CONSTRAINT auth_permission_content_type_id_2f476e4b_fk_django_co FOREIGN KEY (content_type_id) REFERENCES public.django_content_type(id) DEFERRABLE INITIALLY DEFERRED;


--
-- Name: django_admin_log django_admin_log_content_type_id_c4bce8eb_fk_django_co; Type: FK CONSTRAINT; Schema: public; Owner: postgresuser
--

ALTER TABLE ONLY public.django_admin_log
    ADD CONSTRAINT django_admin_log_content_type_id_c4bce8eb_fk_django_co FOREIGN KEY (content_type_id) REFERENCES public.django_content_type(id) DEFERRABLE INITIALLY DEFERRED;


--
-- Name: django_admin_log django_admin_log_user_id_c564eba6_fk_account_customuser_id; Type: FK CONSTRAINT; Schema: public; Owner: postgresuser
--

ALTER TABLE ONLY public.django_admin_log
    ADD CONSTRAINT django_admin_log_user_id_c564eba6_fk_account_customuser_id FOREIGN KEY (user_id) REFERENCES public.account_customuser(id) DEFERRABLE INITIALLY DEFERRED;


--
-- PostgreSQL database dump complete
--

\unrestrict aMOycZqDW6oZ9Xiq8O1EFCIJ8kkOXaklGA0A0fcPsJB0kmtPso27EKsFZKivQh1

